seq_id	seq_index	nucleotide	sprinzl_position	region	cm_used	rerouted	arm_loss_call
mtdbD00063498|Phe|GAA|Homo sapiens	0	G	1	acceptor_5	TRNAinf-euk.cm	False	T_OR_VAR_ARM_MISSING_slots=[2]
mtdbD00063498|Phe|GAA|Homo sapiens	1	U	2	acceptor_5	TRNAinf-euk.cm	False	T_OR_VAR_ARM_MISSING_slots=[2]
mtdbD00063498|Phe|GAA|Homo sapiens	2	U	3	acceptor_5	TRNAinf-euk.cm	False	T_OR_VAR_ARM_MISSING_slots=[2]
mtdbD00063498|Phe|GAA|Homo sapiens	3	U	4	acceptor_5	TRNAinf-euk.cm	False	T_OR_VAR_ARM_MISSING_slots=[2]
mtdbD00063498|Phe|GAA|Homo sapiens	4	A	5	acceptor_5	TRNAinf-euk.cm	False	T_OR_VAR_ARM_MISSING_slots=[2]
mtdbD00063498|Phe|GAA|Homo sapiens	5	U	6	acceptor_5	TRNAinf-euk.cm	False	T_OR_VAR_ARM_MISSING_slots=[2]
mtdbD00063498|Phe|GAA|Homo sapiens	6	G	7	acceptor_5	TRNAinf-euk.cm	False	T_OR_VAR_ARM_MISSING_slots=[2]
mtdbD00063498|Phe|GAA|Homo sapiens	7	U	8	connector_AD	TRNAinf-euk.cm	False	T_OR_VAR_ARM_MISSING_slots=[2]
mtdbD00063498|Phe|GAA|Homo sapiens	8	A	9	connector_AD	TRNAinf-euk.cm	False	T_OR_VAR_ARM_MISSING_slots=[2]
mtdbD00063498|Phe|GAA|Homo sapiens	9	G	10	D_stem_5	TRNAinf-euk.cm	False	T_OR_VAR_ARM_MISSING_slots=[2]
mtdbD00063498|Phe|GAA|Homo sapiens	10	C	11	D_stem_5	TRNAinf-euk.cm	False	T_OR_VAR_ARM_MISSING_slots=[2]
mtdbD00063498|Phe|GAA|Homo sapiens	11	U	12	D_stem_5	TRNAinf-euk.cm	False	T_OR_VAR_ARM_MISSING_slots=[2]
mtdbD00063498|Phe|GAA|Homo sapiens	12	U	13	D_stem_5	TRNAinf-euk.cm	False	T_OR_VAR_ARM_MISSING_slots=[2]
mtdbD00063498|Phe|GAA|Homo sapiens	13	A	14	D_loop	TRNAinf-euk.cm	False	T_OR_VAR_ARM_MISSING_slots=[2]
mtdbD00063498|Phe|GAA|Homo sapiens	14	C	15	D_loop	TRNAinf-euk.cm	False	T_OR_VAR_ARM_MISSING_slots=[2]
mtdbD00063498|Phe|GAA|Homo sapiens	15	C	16	D_loop	TRNAinf-euk.cm	False	T_OR_VAR_ARM_MISSING_slots=[2]
mtdbD00063498|Phe|GAA|Homo sapiens	16	U	17	D_loop	TRNAinf-euk.cm	False	T_OR_VAR_ARM_MISSING_slots=[2]
mtdbD00063498|Phe|GAA|Homo sapiens	17	C	17a	D_loop	TRNAinf-euk.cm	False	T_OR_VAR_ARM_MISSING_slots=[2]
mtdbD00063498|Phe|GAA|Homo sapiens	18	C	18	D_loop	TRNAinf-euk.cm	False	T_OR_VAR_ARM_MISSING_slots=[2]
mtdbD00063498|Phe|GAA|Homo sapiens	19	U	19	D_loop	TRNAinf-euk.cm	False	T_OR_VAR_ARM_MISSING_slots=[2]
mtdbD00063498|Phe|GAA|Homo sapiens	20	C	20	D_loop	TRNAinf-euk.cm	False	T_OR_VAR_ARM_MISSING_slots=[2]
mtdbD00063498|Phe|GAA|Homo sapiens	21	A	20a	D_loop	TRNAinf-euk.cm	False	T_OR_VAR_ARM_MISSING_slots=[2]
mtdbD00063498|Phe|GAA|Homo sapiens	22	A	22	D_stem_3	TRNAinf-euk.cm	False	T_OR_VAR_ARM_MISSING_slots=[2]
mtdbD00063498|Phe|GAA|Homo sapiens	23	A	23	D_stem_3	TRNAinf-euk.cm	False	T_OR_VAR_ARM_MISSING_slots=[2]
mtdbD00063498|Phe|GAA|Homo sapiens	24	G	24	D_stem_3	TRNAinf-euk.cm	False	T_OR_VAR_ARM_MISSING_slots=[2]
mtdbD00063498|Phe|GAA|Homo sapiens	25	C	25	D_stem_3	TRNAinf-euk.cm	False	T_OR_VAR_ARM_MISSING_slots=[2]
mtdbD00063498|Phe|GAA|Homo sapiens	26	A	26	connector_DC	TRNAinf-euk.cm	False	T_OR_VAR_ARM_MISSING_slots=[2]
mtdbD00063498|Phe|GAA|Homo sapiens	27	A	27	C_stem_5	TRNAinf-euk.cm	False	T_OR_VAR_ARM_MISSING_slots=[2]
mtdbD00063498|Phe|GAA|Homo sapiens	28	U	28	C_stem_5	TRNAinf-euk.cm	False	T_OR_VAR_ARM_MISSING_slots=[2]
mtdbD00063498|Phe|GAA|Homo sapiens	29	A	29	C_stem_5	TRNAinf-euk.cm	False	T_OR_VAR_ARM_MISSING_slots=[2]
mtdbD00063498|Phe|GAA|Homo sapiens	30	C	30	C_stem_5	TRNAinf-euk.cm	False	T_OR_VAR_ARM_MISSING_slots=[2]
mtdbD00063498|Phe|GAA|Homo sapiens	31	A	31	C_stem_5	TRNAinf-euk.cm	False	T_OR_VAR_ARM_MISSING_slots=[2]
mtdbD00063498|Phe|GAA|Homo sapiens	32	C	32	C_loop	TRNAinf-euk.cm	False	T_OR_VAR_ARM_MISSING_slots=[2]
mtdbD00063498|Phe|GAA|Homo sapiens	33	U	33	C_loop	TRNAinf-euk.cm	False	T_OR_VAR_ARM_MISSING_slots=[2]
mtdbD00063498|Phe|GAA|Homo sapiens	34	G	34	C_loop	TRNAinf-euk.cm	False	T_OR_VAR_ARM_MISSING_slots=[2]
mtdbD00063498|Phe|GAA|Homo sapiens	35	A	35	C_loop	TRNAinf-euk.cm	False	T_OR_VAR_ARM_MISSING_slots=[2]
mtdbD00063498|Phe|GAA|Homo sapiens	36	A	36	C_loop	TRNAinf-euk.cm	False	T_OR_VAR_ARM_MISSING_slots=[2]
mtdbD00063498|Phe|GAA|Homo sapiens	37	A	37	C_loop	TRNAinf-euk.cm	False	T_OR_VAR_ARM_MISSING_slots=[2]
mtdbD00063498|Phe|GAA|Homo sapiens	38	A	38	C_loop	TRNAinf-euk.cm	False	T_OR_VAR_ARM_MISSING_slots=[2]
mtdbD00063498|Phe|GAA|Homo sapiens	39	U	39	C_stem_3	TRNAinf-euk.cm	False	T_OR_VAR_ARM_MISSING_slots=[2]
mtdbD00063498|Phe|GAA|Homo sapiens	40	G	40	C_stem_3	TRNAinf-euk.cm	False	T_OR_VAR_ARM_MISSING_slots=[2]
mtdbD00063498|Phe|GAA|Homo sapiens	41	U	41	C_stem_3	TRNAinf-euk.cm	False	T_OR_VAR_ARM_MISSING_slots=[2]
mtdbD00063498|Phe|GAA|Homo sapiens	42	U	42	C_stem_3	TRNAinf-euk.cm	False	T_OR_VAR_ARM_MISSING_slots=[2]
mtdbD00063498|Phe|GAA|Homo sapiens	43	U	43	C_stem_3	TRNAinf-euk.cm	False	T_OR_VAR_ARM_MISSING_slots=[2]
mtdbD00063498|Phe|GAA|Homo sapiens	44	A	44	V_loop	TRNAinf-euk.cm	False	T_OR_VAR_ARM_MISSING_slots=[2]
mtdbD00063498|Phe|GAA|Homo sapiens	45	G	45	V_loop	TRNAinf-euk.cm	False	T_OR_VAR_ARM_MISSING_slots=[2]
mtdbD00063498|Phe|GAA|Homo sapiens	46	A	46	V_loop	TRNAinf-euk.cm	False	T_OR_VAR_ARM_MISSING_slots=[2]
mtdbD00063498|Phe|GAA|Homo sapiens	47	C	47	V_loop	TRNAinf-euk.cm	False	T_OR_VAR_ARM_MISSING_slots=[2]
mtdbD00063498|Phe|GAA|Homo sapiens	48	G	49	T_stem_5	TRNAinf-euk.cm	False	T_OR_VAR_ARM_MISSING_slots=[2]
mtdbD00063498|Phe|GAA|Homo sapiens	49	G	50	T_stem_5	TRNAinf-euk.cm	False	T_OR_VAR_ARM_MISSING_slots=[2]
mtdbD00063498|Phe|GAA|Homo sapiens	50	G	51	T_stem_5	TRNAinf-euk.cm	False	T_OR_VAR_ARM_MISSING_slots=[2]
mtdbD00063498|Phe|GAA|Homo sapiens	51	C	54	T_loop	TRNAinf-euk.cm	False	T_OR_VAR_ARM_MISSING_slots=[2]
mtdbD00063498|Phe|GAA|Homo sapiens	52	U	55	T_loop	TRNAinf-euk.cm	False	T_OR_VAR_ARM_MISSING_slots=[2]
mtdbD00063498|Phe|GAA|Homo sapiens	53	C	56	T_loop	TRNAinf-euk.cm	False	T_OR_VAR_ARM_MISSING_slots=[2]
mtdbD00063498|Phe|GAA|Homo sapiens	54	A	57	T_loop	TRNAinf-euk.cm	False	T_OR_VAR_ARM_MISSING_slots=[2]
mtdbD00063498|Phe|GAA|Homo sapiens	55	C	58	T_loop	TRNAinf-euk.cm	False	T_OR_VAR_ARM_MISSING_slots=[2]
mtdbD00063498|Phe|GAA|Homo sapiens	56	A	59	T_loop	TRNAinf-euk.cm	False	T_OR_VAR_ARM_MISSING_slots=[2]
mtdbD00063498|Phe|GAA|Homo sapiens	57	U	60	T_loop	TRNAinf-euk.cm	False	T_OR_VAR_ARM_MISSING_slots=[2]
mtdbD00063498|Phe|GAA|Homo sapiens	58	C	61	T_stem_3	TRNAinf-euk.cm	False	T_OR_VAR_ARM_MISSING_slots=[2]
mtdbD00063498|Phe|GAA|Homo sapiens	59	A	62	T_stem_3	TRNAinf-euk.cm	False	T_OR_VAR_ARM_MISSING_slots=[2]
mtdbD00063498|Phe|GAA|Homo sapiens	60	C	63	T_stem_3	TRNAinf-euk.cm	False	T_OR_VAR_ARM_MISSING_slots=[2]
mtdbD00063498|Phe|GAA|Homo sapiens	61	C	66	acceptor_3	TRNAinf-euk.cm	False	T_OR_VAR_ARM_MISSING_slots=[2]
mtdbD00063498|Phe|GAA|Homo sapiens	62	C	67	acceptor_3	TRNAinf-euk.cm	False	T_OR_VAR_ARM_MISSING_slots=[2]
mtdbD00063498|Phe|GAA|Homo sapiens	63	C	68	acceptor_3	TRNAinf-euk.cm	False	T_OR_VAR_ARM_MISSING_slots=[2]
mtdbD00063498|Phe|GAA|Homo sapiens	64	A	69	acceptor_3	TRNAinf-euk.cm	False	T_OR_VAR_ARM_MISSING_slots=[2]
mtdbD00063498|Phe|GAA|Homo sapiens	65	U	70	acceptor_3	TRNAinf-euk.cm	False	T_OR_VAR_ARM_MISSING_slots=[2]
mtdbD00063498|Phe|GAA|Homo sapiens	66	A	71	acceptor_3	TRNAinf-euk.cm	False	T_OR_VAR_ARM_MISSING_slots=[2]
mtdbD00063498|Phe|GAA|Homo sapiens	67	A	72	acceptor_3	TRNAinf-euk.cm	False	T_OR_VAR_ARM_MISSING_slots=[2]
mtdbD00063498|Phe|GAA|Homo sapiens	68	A	73	discriminator_CCA	TRNAinf-euk.cm	False	T_OR_VAR_ARM_MISSING_slots=[2]
mtdbD00063498|Phe|GAA|Homo sapiens	69	C	74	discriminator_CCA	TRNAinf-euk.cm	False	T_OR_VAR_ARM_MISSING_slots=[2]
mtdbD00063498|Phe|GAA|Homo sapiens	70	A	75	discriminator_CCA	TRNAinf-euk.cm	False	T_OR_VAR_ARM_MISSING_slots=[2]
mtdbD00063499|Val|UAC|Homo sapiens	0	C	1	acceptor_5	TRNAinf-euk.cm	False	T_OR_VAR_ARM_MISSING_slots=[2, 3]
mtdbD00063499|Val|UAC|Homo sapiens	1	A	2	acceptor_5	TRNAinf-euk.cm	False	T_OR_VAR_ARM_MISSING_slots=[2, 3]
mtdbD00063499|Val|UAC|Homo sapiens	2	G	3	acceptor_5	TRNAinf-euk.cm	False	T_OR_VAR_ARM_MISSING_slots=[2, 3]
mtdbD00063499|Val|UAC|Homo sapiens	3	A	4	acceptor_5	TRNAinf-euk.cm	False	T_OR_VAR_ARM_MISSING_slots=[2, 3]
mtdbD00063499|Val|UAC|Homo sapiens	4	G	5	acceptor_5	TRNAinf-euk.cm	False	T_OR_VAR_ARM_MISSING_slots=[2, 3]
mtdbD00063499|Val|UAC|Homo sapiens	5	U	6	acceptor_5	TRNAinf-euk.cm	False	T_OR_VAR_ARM_MISSING_slots=[2, 3]
mtdbD00063499|Val|UAC|Homo sapiens	6	G	7	acceptor_5	TRNAinf-euk.cm	False	T_OR_VAR_ARM_MISSING_slots=[2, 3]
mtdbD00063499|Val|UAC|Homo sapiens	7	U	8	connector_AD	TRNAinf-euk.cm	False	T_OR_VAR_ARM_MISSING_slots=[2, 3]
mtdbD00063499|Val|UAC|Homo sapiens	8	A	9	connector_AD	TRNAinf-euk.cm	False	T_OR_VAR_ARM_MISSING_slots=[2, 3]
mtdbD00063499|Val|UAC|Homo sapiens	9	G	10	D_stem_5	TRNAinf-euk.cm	False	T_OR_VAR_ARM_MISSING_slots=[2, 3]
mtdbD00063499|Val|UAC|Homo sapiens	10	C	11	D_stem_5	TRNAinf-euk.cm	False	T_OR_VAR_ARM_MISSING_slots=[2, 3]
mtdbD00063499|Val|UAC|Homo sapiens	11	U	12	D_stem_5	TRNAinf-euk.cm	False	T_OR_VAR_ARM_MISSING_slots=[2, 3]
mtdbD00063499|Val|UAC|Homo sapiens	12	U	13	D_stem_5	TRNAinf-euk.cm	False	T_OR_VAR_ARM_MISSING_slots=[2, 3]
mtdbD00063499|Val|UAC|Homo sapiens	13	A	14	D_loop	TRNAinf-euk.cm	False	T_OR_VAR_ARM_MISSING_slots=[2, 3]
mtdbD00063499|Val|UAC|Homo sapiens	14	A	15	D_loop	TRNAinf-euk.cm	False	T_OR_VAR_ARM_MISSING_slots=[2, 3]
mtdbD00063499|Val|UAC|Homo sapiens	15	C	16	D_loop	TRNAinf-euk.cm	False	T_OR_VAR_ARM_MISSING_slots=[2, 3]
mtdbD00063499|Val|UAC|Homo sapiens	16	A	17	D_loop	TRNAinf-euk.cm	False	T_OR_VAR_ARM_MISSING_slots=[2, 3]
mtdbD00063499|Val|UAC|Homo sapiens	17	C	17a	D_loop	TRNAinf-euk.cm	False	T_OR_VAR_ARM_MISSING_slots=[2, 3]
mtdbD00063499|Val|UAC|Homo sapiens	18	A	18	D_loop	TRNAinf-euk.cm	False	T_OR_VAR_ARM_MISSING_slots=[2, 3]
mtdbD00063499|Val|UAC|Homo sapiens	19	A	22	D_stem_3	TRNAinf-euk.cm	False	T_OR_VAR_ARM_MISSING_slots=[2, 3]
mtdbD00063499|Val|UAC|Homo sapiens	20	A	23	D_stem_3	TRNAinf-euk.cm	False	T_OR_VAR_ARM_MISSING_slots=[2, 3]
mtdbD00063499|Val|UAC|Homo sapiens	21	G	24	D_stem_3	TRNAinf-euk.cm	False	T_OR_VAR_ARM_MISSING_slots=[2, 3]
mtdbD00063499|Val|UAC|Homo sapiens	22	C	25	D_stem_3	TRNAinf-euk.cm	False	T_OR_VAR_ARM_MISSING_slots=[2, 3]
mtdbD00063499|Val|UAC|Homo sapiens	23	A	26	connector_DC	TRNAinf-euk.cm	False	T_OR_VAR_ARM_MISSING_slots=[2, 3]
mtdbD00063499|Val|UAC|Homo sapiens	24	C	27	C_stem_5	TRNAinf-euk.cm	False	T_OR_VAR_ARM_MISSING_slots=[2, 3]
mtdbD00063499|Val|UAC|Homo sapiens	25	C	28	C_stem_5	TRNAinf-euk.cm	False	T_OR_VAR_ARM_MISSING_slots=[2, 3]
mtdbD00063499|Val|UAC|Homo sapiens	26	C	29	C_stem_5	TRNAinf-euk.cm	False	T_OR_VAR_ARM_MISSING_slots=[2, 3]
mtdbD00063499|Val|UAC|Homo sapiens	27	A	30	C_stem_5	TRNAinf-euk.cm	False	T_OR_VAR_ARM_MISSING_slots=[2, 3]
mtdbD00063499|Val|UAC|Homo sapiens	28	A	31	C_stem_5	TRNAinf-euk.cm	False	T_OR_VAR_ARM_MISSING_slots=[2, 3]
mtdbD00063499|Val|UAC|Homo sapiens	29	C	32	C_loop	TRNAinf-euk.cm	False	T_OR_VAR_ARM_MISSING_slots=[2, 3]
mtdbD00063499|Val|UAC|Homo sapiens	30	U	33	C_loop	TRNAinf-euk.cm	False	T_OR_VAR_ARM_MISSING_slots=[2, 3]
mtdbD00063499|Val|UAC|Homo sapiens	31	U	34	C_loop	TRNAinf-euk.cm	False	T_OR_VAR_ARM_MISSING_slots=[2, 3]
mtdbD00063499|Val|UAC|Homo sapiens	32	A	35	C_loop	TRNAinf-euk.cm	False	T_OR_VAR_ARM_MISSING_slots=[2, 3]
mtdbD00063499|Val|UAC|Homo sapiens	33	C	36	C_loop	TRNAinf-euk.cm	False	T_OR_VAR_ARM_MISSING_slots=[2, 3]
mtdbD00063499|Val|UAC|Homo sapiens	34	A	37	C_loop	TRNAinf-euk.cm	False	T_OR_VAR_ARM_MISSING_slots=[2, 3]
mtdbD00063499|Val|UAC|Homo sapiens	35	C	38	C_loop	TRNAinf-euk.cm	False	T_OR_VAR_ARM_MISSING_slots=[2, 3]
mtdbD00063499|Val|UAC|Homo sapiens	36	U	39	C_stem_3	TRNAinf-euk.cm	False	T_OR_VAR_ARM_MISSING_slots=[2, 3]
mtdbD00063499|Val|UAC|Homo sapiens	37	U	40	C_stem_3	TRNAinf-euk.cm	False	T_OR_VAR_ARM_MISSING_slots=[2, 3]
mtdbD00063499|Val|UAC|Homo sapiens	38	A	41	C_stem_3	TRNAinf-euk.cm	False	T_OR_VAR_ARM_MISSING_slots=[2, 3]
mtdbD00063499|Val|UAC|Homo sapiens	39	G	42	C_stem_3	TRNAinf-euk.cm	False	T_OR_VAR_ARM_MISSING_slots=[2, 3]
mtdbD00063499|Val|UAC|Homo sapiens	40	G	43	C_stem_3	TRNAinf-euk.cm	False	T_OR_VAR_ARM_MISSING_slots=[2, 3]
mtdbD00063499|Val|UAC|Homo sapiens	41	A	44	V_loop	TRNAinf-euk.cm	False	T_OR_VAR_ARM_MISSING_slots=[2, 3]
mtdbD00063499|Val|UAC|Homo sapiens	42	G	45	V_loop	TRNAinf-euk.cm	False	T_OR_VAR_ARM_MISSING_slots=[2, 3]
mtdbD00063499|Val|UAC|Homo sapiens	43	A	46	V_loop	TRNAinf-euk.cm	False	T_OR_VAR_ARM_MISSING_slots=[2, 3]
mtdbD00063499|Val|UAC|Homo sapiens	44	U	47	V_loop	TRNAinf-euk.cm	False	T_OR_VAR_ARM_MISSING_slots=[2, 3]
mtdbD00063499|Val|UAC|Homo sapiens	45	U	48	V_loop	TRNAinf-euk.cm	False	T_OR_VAR_ARM_MISSING_slots=[2, 3]
mtdbD00063499|Val|UAC|Homo sapiens	46	U	48A	V_loop	TRNAinf-euk.cm	False	T_OR_VAR_ARM_MISSING_slots=[2, 3]
mtdbD00063499|Val|UAC|Homo sapiens	47	C	48B	V_loop	TRNAinf-euk.cm	False	T_OR_VAR_ARM_MISSING_slots=[2, 3]
mtdbD00063499|Val|UAC|Homo sapiens	48	A	48C	V_loop	TRNAinf-euk.cm	False	T_OR_VAR_ARM_MISSING_slots=[2, 3]
mtdbD00063499|Val|UAC|Homo sapiens	49	A	48D	V_loop	TRNAinf-euk.cm	False	T_OR_VAR_ARM_MISSING_slots=[2, 3]
mtdbD00063499|Val|UAC|Homo sapiens	50	C	48E	V_loop	TRNAinf-euk.cm	False	T_OR_VAR_ARM_MISSING_slots=[2, 3]
mtdbD00063499|Val|UAC|Homo sapiens	51	U	48F	V_loop	TRNAinf-euk.cm	False	T_OR_VAR_ARM_MISSING_slots=[2, 3]
mtdbD00063499|Val|UAC|Homo sapiens	52	U	48G	V_loop	TRNAinf-euk.cm	False	T_OR_VAR_ARM_MISSING_slots=[2, 3]
mtdbD00063499|Val|UAC|Homo sapiens	53	A	48H	V_loop	TRNAinf-euk.cm	False	T_OR_VAR_ARM_MISSING_slots=[2, 3]
mtdbD00063499|Val|UAC|Homo sapiens	54	A	48I	V_loop	TRNAinf-euk.cm	False	T_OR_VAR_ARM_MISSING_slots=[2, 3]
mtdbD00063499|Val|UAC|Homo sapiens	55	C	48J	V_loop	TRNAinf-euk.cm	False	T_OR_VAR_ARM_MISSING_slots=[2, 3]
mtdbD00063499|Val|UAC|Homo sapiens	56	U	66	acceptor_3	TRNAinf-euk.cm	False	T_OR_VAR_ARM_MISSING_slots=[2, 3]
mtdbD00063499|Val|UAC|Homo sapiens	57	U	67	acceptor_3	TRNAinf-euk.cm	False	T_OR_VAR_ARM_MISSING_slots=[2, 3]
mtdbD00063499|Val|UAC|Homo sapiens	58	G	68	acceptor_3	TRNAinf-euk.cm	False	T_OR_VAR_ARM_MISSING_slots=[2, 3]
mtdbD00063499|Val|UAC|Homo sapiens	59	A	69	acceptor_3	TRNAinf-euk.cm	False	T_OR_VAR_ARM_MISSING_slots=[2, 3]
mtdbD00063499|Val|UAC|Homo sapiens	60	C	70	acceptor_3	TRNAinf-euk.cm	False	T_OR_VAR_ARM_MISSING_slots=[2, 3]
mtdbD00063499|Val|UAC|Homo sapiens	61	C	71	acceptor_3	TRNAinf-euk.cm	False	T_OR_VAR_ARM_MISSING_slots=[2, 3]
mtdbD00063499|Val|UAC|Homo sapiens	62	G	72	acceptor_3	TRNAinf-euk.cm	False	T_OR_VAR_ARM_MISSING_slots=[2, 3]
mtdbD00063499|Val|UAC|Homo sapiens	63	C	73	discriminator_CCA	TRNAinf-euk.cm	False	T_OR_VAR_ARM_MISSING_slots=[2, 3]
mtdbD00063499|Val|UAC|Homo sapiens	64	U	74	discriminator_CCA	TRNAinf-euk.cm	False	T_OR_VAR_ARM_MISSING_slots=[2, 3]
mtdbD00063499|Val|UAC|Homo sapiens	65	C	75	discriminator_CCA	TRNAinf-euk.cm	False	T_OR_VAR_ARM_MISSING_slots=[2, 3]
mtdbD00063499|Val|UAC|Homo sapiens	66	U	76	discriminator_CCA	TRNAinf-euk.cm	False	T_OR_VAR_ARM_MISSING_slots=[2, 3]
mtdbD00063499|Val|UAC|Homo sapiens	67	G	76A	discriminator_CCA	TRNAinf-euk.cm	False	T_OR_VAR_ARM_MISSING_slots=[2, 3]
mtdbD00063499|Val|UAC|Homo sapiens	68	A	76B	discriminator_CCA	TRNAinf-euk.cm	False	T_OR_VAR_ARM_MISSING_slots=[2, 3]
mtdbD00063500|Leu2|UAA|Homo sapiens	0	G	1	acceptor_5	TRNAinf-euk.cm	False	T_OR_VAR_ARM_MISSING_slots=[2]
mtdbD00063500|Leu2|UAA|Homo sapiens	1	U	2	acceptor_5	TRNAinf-euk.cm	False	T_OR_VAR_ARM_MISSING_slots=[2]
mtdbD00063500|Leu2|UAA|Homo sapiens	2	U	3	acceptor_5	TRNAinf-euk.cm	False	T_OR_VAR_ARM_MISSING_slots=[2]
mtdbD00063500|Leu2|UAA|Homo sapiens	3	A	4	acceptor_5	TRNAinf-euk.cm	False	T_OR_VAR_ARM_MISSING_slots=[2]
mtdbD00063500|Leu2|UAA|Homo sapiens	4	A	5	acceptor_5	TRNAinf-euk.cm	False	T_OR_VAR_ARM_MISSING_slots=[2]
mtdbD00063500|Leu2|UAA|Homo sapiens	5	G	6	acceptor_5	TRNAinf-euk.cm	False	T_OR_VAR_ARM_MISSING_slots=[2]
mtdbD00063500|Leu2|UAA|Homo sapiens	6	A	7	acceptor_5	TRNAinf-euk.cm	False	T_OR_VAR_ARM_MISSING_slots=[2]
mtdbD00063500|Leu2|UAA|Homo sapiens	7	U	8	connector_AD	TRNAinf-euk.cm	False	T_OR_VAR_ARM_MISSING_slots=[2]
mtdbD00063500|Leu2|UAA|Homo sapiens	8	G	9	connector_AD	TRNAinf-euk.cm	False	T_OR_VAR_ARM_MISSING_slots=[2]
mtdbD00063500|Leu2|UAA|Homo sapiens	9	G	10	D_stem_5	TRNAinf-euk.cm	False	T_OR_VAR_ARM_MISSING_slots=[2]
mtdbD00063500|Leu2|UAA|Homo sapiens	10	C	11	D_stem_5	TRNAinf-euk.cm	False	T_OR_VAR_ARM_MISSING_slots=[2]
mtdbD00063500|Leu2|UAA|Homo sapiens	11	A	12	D_stem_5	TRNAinf-euk.cm	False	T_OR_VAR_ARM_MISSING_slots=[2]
mtdbD00063500|Leu2|UAA|Homo sapiens	12	G	13	D_stem_5	TRNAinf-euk.cm	False	T_OR_VAR_ARM_MISSING_slots=[2]
mtdbD00063500|Leu2|UAA|Homo sapiens	13	A	14	D_loop	TRNAinf-euk.cm	False	T_OR_VAR_ARM_MISSING_slots=[2]
mtdbD00063500|Leu2|UAA|Homo sapiens	14	G	15	D_loop	TRNAinf-euk.cm	False	T_OR_VAR_ARM_MISSING_slots=[2]
mtdbD00063500|Leu2|UAA|Homo sapiens	15	C	16	D_loop	TRNAinf-euk.cm	False	T_OR_VAR_ARM_MISSING_slots=[2]
mtdbD00063500|Leu2|UAA|Homo sapiens	16	C	17	D_loop	TRNAinf-euk.cm	False	T_OR_VAR_ARM_MISSING_slots=[2]
mtdbD00063500|Leu2|UAA|Homo sapiens	17	C	17a	D_loop	TRNAinf-euk.cm	False	T_OR_VAR_ARM_MISSING_slots=[2]
mtdbD00063500|Leu2|UAA|Homo sapiens	18	G	18	D_loop	TRNAinf-euk.cm	False	T_OR_VAR_ARM_MISSING_slots=[2]
mtdbD00063500|Leu2|UAA|Homo sapiens	19	G	19	D_loop	TRNAinf-euk.cm	False	T_OR_VAR_ARM_MISSING_slots=[2]
mtdbD00063500|Leu2|UAA|Homo sapiens	20	U	20	D_loop	TRNAinf-euk.cm	False	T_OR_VAR_ARM_MISSING_slots=[2]
mtdbD00063500|Leu2|UAA|Homo sapiens	21	A	20a	D_loop	TRNAinf-euk.cm	False	T_OR_VAR_ARM_MISSING_slots=[2]
mtdbD00063500|Leu2|UAA|Homo sapiens	22	A	20b	D_loop	TRNAinf-euk.cm	False	T_OR_VAR_ARM_MISSING_slots=[2]
mtdbD00063500|Leu2|UAA|Homo sapiens	23	U	22	D_stem_3	TRNAinf-euk.cm	False	T_OR_VAR_ARM_MISSING_slots=[2]
mtdbD00063500|Leu2|UAA|Homo sapiens	24	C	23	D_stem_3	TRNAinf-euk.cm	False	T_OR_VAR_ARM_MISSING_slots=[2]
mtdbD00063500|Leu2|UAA|Homo sapiens	25	G	24	D_stem_3	TRNAinf-euk.cm	False	T_OR_VAR_ARM_MISSING_slots=[2]
mtdbD00063500|Leu2|UAA|Homo sapiens	26	C	25	D_stem_3	TRNAinf-euk.cm	False	T_OR_VAR_ARM_MISSING_slots=[2]
mtdbD00063500|Leu2|UAA|Homo sapiens	27	A	26	connector_DC	TRNAinf-euk.cm	False	T_OR_VAR_ARM_MISSING_slots=[2]
mtdbD00063500|Leu2|UAA|Homo sapiens	28	U	27	C_stem_5	TRNAinf-euk.cm	False	T_OR_VAR_ARM_MISSING_slots=[2]
mtdbD00063500|Leu2|UAA|Homo sapiens	29	A	28	C_stem_5	TRNAinf-euk.cm	False	T_OR_VAR_ARM_MISSING_slots=[2]
mtdbD00063500|Leu2|UAA|Homo sapiens	30	A	29	C_stem_5	TRNAinf-euk.cm	False	T_OR_VAR_ARM_MISSING_slots=[2]
mtdbD00063500|Leu2|UAA|Homo sapiens	31	A	30	C_stem_5	TRNAinf-euk.cm	False	T_OR_VAR_ARM_MISSING_slots=[2]
mtdbD00063500|Leu2|UAA|Homo sapiens	32	A	31	C_stem_5	TRNAinf-euk.cm	False	T_OR_VAR_ARM_MISSING_slots=[2]
mtdbD00063500|Leu2|UAA|Homo sapiens	33	C	32	C_loop	TRNAinf-euk.cm	False	T_OR_VAR_ARM_MISSING_slots=[2]
mtdbD00063500|Leu2|UAA|Homo sapiens	34	U	33	C_loop	TRNAinf-euk.cm	False	T_OR_VAR_ARM_MISSING_slots=[2]
mtdbD00063500|Leu2|UAA|Homo sapiens	35	U	34	C_loop	TRNAinf-euk.cm	False	T_OR_VAR_ARM_MISSING_slots=[2]
mtdbD00063500|Leu2|UAA|Homo sapiens	36	A	35	C_loop	TRNAinf-euk.cm	False	T_OR_VAR_ARM_MISSING_slots=[2]
mtdbD00063500|Leu2|UAA|Homo sapiens	37	A	36	C_loop	TRNAinf-euk.cm	False	T_OR_VAR_ARM_MISSING_slots=[2]
mtdbD00063500|Leu2|UAA|Homo sapiens	38	A	37	C_loop	TRNAinf-euk.cm	False	T_OR_VAR_ARM_MISSING_slots=[2]
mtdbD00063500|Leu2|UAA|Homo sapiens	39	A	38	C_loop	TRNAinf-euk.cm	False	T_OR_VAR_ARM_MISSING_slots=[2]
mtdbD00063500|Leu2|UAA|Homo sapiens	40	C	39	C_stem_3	TRNAinf-euk.cm	False	T_OR_VAR_ARM_MISSING_slots=[2]
mtdbD00063500|Leu2|UAA|Homo sapiens	41	U	40	C_stem_3	TRNAinf-euk.cm	False	T_OR_VAR_ARM_MISSING_slots=[2]
mtdbD00063500|Leu2|UAA|Homo sapiens	42	U	41	C_stem_3	TRNAinf-euk.cm	False	T_OR_VAR_ARM_MISSING_slots=[2]
mtdbD00063500|Leu2|UAA|Homo sapiens	43	U	42	C_stem_3	TRNAinf-euk.cm	False	T_OR_VAR_ARM_MISSING_slots=[2]
mtdbD00063500|Leu2|UAA|Homo sapiens	44	A	43	C_stem_3	TRNAinf-euk.cm	False	T_OR_VAR_ARM_MISSING_slots=[2]
mtdbD00063500|Leu2|UAA|Homo sapiens	45	C	44	V_loop	TRNAinf-euk.cm	False	T_OR_VAR_ARM_MISSING_slots=[2]
mtdbD00063500|Leu2|UAA|Homo sapiens	46	A	45	V_loop	TRNAinf-euk.cm	False	T_OR_VAR_ARM_MISSING_slots=[2]
mtdbD00063500|Leu2|UAA|Homo sapiens	47	G	46	V_loop	TRNAinf-euk.cm	False	T_OR_VAR_ARM_MISSING_slots=[2]
mtdbD00063500|Leu2|UAA|Homo sapiens	48	U	47	V_loop	TRNAinf-euk.cm	False	T_OR_VAR_ARM_MISSING_slots=[2]
mtdbD00063500|Leu2|UAA|Homo sapiens	49	C	48	V_loop	TRNAinf-euk.cm	False	T_OR_VAR_ARM_MISSING_slots=[2]
mtdbD00063500|Leu2|UAA|Homo sapiens	50	A	49	T_stem_5	TRNAinf-euk.cm	False	T_OR_VAR_ARM_MISSING_slots=[2]
mtdbD00063500|Leu2|UAA|Homo sapiens	51	G	50	T_stem_5	TRNAinf-euk.cm	False	T_OR_VAR_ARM_MISSING_slots=[2]
mtdbD00063500|Leu2|UAA|Homo sapiens	52	A	51	T_stem_5	TRNAinf-euk.cm	False	T_OR_VAR_ARM_MISSING_slots=[2]
mtdbD00063500|Leu2|UAA|Homo sapiens	53	G	52	T_stem_5	TRNAinf-euk.cm	False	T_OR_VAR_ARM_MISSING_slots=[2]
mtdbD00063500|Leu2|UAA|Homo sapiens	54	G	53	T_stem_5	TRNAinf-euk.cm	False	T_OR_VAR_ARM_MISSING_slots=[2]
mtdbD00063500|Leu2|UAA|Homo sapiens	55	U	54	T_loop	TRNAinf-euk.cm	False	T_OR_VAR_ARM_MISSING_slots=[2]
mtdbD00063500|Leu2|UAA|Homo sapiens	56	U	55	T_loop	TRNAinf-euk.cm	False	T_OR_VAR_ARM_MISSING_slots=[2]
mtdbD00063500|Leu2|UAA|Homo sapiens	57	C	56	T_loop	TRNAinf-euk.cm	False	T_OR_VAR_ARM_MISSING_slots=[2]
mtdbD00063500|Leu2|UAA|Homo sapiens	58	A	57	T_loop	TRNAinf-euk.cm	False	T_OR_VAR_ARM_MISSING_slots=[2]
mtdbD00063500|Leu2|UAA|Homo sapiens	59	A	58	T_loop	TRNAinf-euk.cm	False	T_OR_VAR_ARM_MISSING_slots=[2]
mtdbD00063500|Leu2|UAA|Homo sapiens	60	U	59	T_loop	TRNAinf-euk.cm	False	T_OR_VAR_ARM_MISSING_slots=[2]
mtdbD00063500|Leu2|UAA|Homo sapiens	61	U	60	T_loop	TRNAinf-euk.cm	False	T_OR_VAR_ARM_MISSING_slots=[2]
mtdbD00063500|Leu2|UAA|Homo sapiens	62	C	61	T_stem_3	TRNAinf-euk.cm	False	T_OR_VAR_ARM_MISSING_slots=[2]
mtdbD00063500|Leu2|UAA|Homo sapiens	63	C	62	T_stem_3	TRNAinf-euk.cm	False	T_OR_VAR_ARM_MISSING_slots=[2]
mtdbD00063500|Leu2|UAA|Homo sapiens	64	U	63	T_stem_3	TRNAinf-euk.cm	False	T_OR_VAR_ARM_MISSING_slots=[2]
mtdbD00063500|Leu2|UAA|Homo sapiens	65	C	64	T_stem_3	TRNAinf-euk.cm	False	T_OR_VAR_ARM_MISSING_slots=[2]
mtdbD00063500|Leu2|UAA|Homo sapiens	66	U	65	T_stem_3	TRNAinf-euk.cm	False	T_OR_VAR_ARM_MISSING_slots=[2]
mtdbD00063500|Leu2|UAA|Homo sapiens	67	U	66	acceptor_3	TRNAinf-euk.cm	False	T_OR_VAR_ARM_MISSING_slots=[2]
mtdbD00063500|Leu2|UAA|Homo sapiens	68	C	67	acceptor_3	TRNAinf-euk.cm	False	T_OR_VAR_ARM_MISSING_slots=[2]
mtdbD00063500|Leu2|UAA|Homo sapiens	69	U	68	acceptor_3	TRNAinf-euk.cm	False	T_OR_VAR_ARM_MISSING_slots=[2]
mtdbD00063500|Leu2|UAA|Homo sapiens	70	U	69	acceptor_3	TRNAinf-euk.cm	False	T_OR_VAR_ARM_MISSING_slots=[2]
mtdbD00063500|Leu2|UAA|Homo sapiens	71	A	70	acceptor_3	TRNAinf-euk.cm	False	T_OR_VAR_ARM_MISSING_slots=[2]
mtdbD00063500|Leu2|UAA|Homo sapiens	72	A	71	acceptor_3	TRNAinf-euk.cm	False	T_OR_VAR_ARM_MISSING_slots=[2]
mtdbD00063500|Leu2|UAA|Homo sapiens	73	C	72	acceptor_3	TRNAinf-euk.cm	False	T_OR_VAR_ARM_MISSING_slots=[2]
mtdbD00063500|Leu2|UAA|Homo sapiens	74	A	73	discriminator_CCA	TRNAinf-euk.cm	False	T_OR_VAR_ARM_MISSING_slots=[2]
mtdbD00063501|Ile|GAU|Homo sapiens	0	A	1	acceptor_5	TRNAinf-euk.cm	False	UNANCHORED_fallback_structurally_absent=[2]
mtdbD00063501|Ile|GAU|Homo sapiens	1	G	2	acceptor_5	TRNAinf-euk.cm	False	UNANCHORED_fallback_structurally_absent=[2]
mtdbD00063501|Ile|GAU|Homo sapiens	2	A	3	acceptor_5	TRNAinf-euk.cm	False	UNANCHORED_fallback_structurally_absent=[2]
mtdbD00063501|Ile|GAU|Homo sapiens	3	A	4	acceptor_5	TRNAinf-euk.cm	False	UNANCHORED_fallback_structurally_absent=[2]
mtdbD00063501|Ile|GAU|Homo sapiens	4	A	5	acceptor_5	TRNAinf-euk.cm	False	UNANCHORED_fallback_structurally_absent=[2]
mtdbD00063501|Ile|GAU|Homo sapiens	5	U	6	acceptor_5	TRNAinf-euk.cm	False	UNANCHORED_fallback_structurally_absent=[2]
mtdbD00063501|Ile|GAU|Homo sapiens	6	A	7	acceptor_5	TRNAinf-euk.cm	False	UNANCHORED_fallback_structurally_absent=[2]
mtdbD00063501|Ile|GAU|Homo sapiens	7	U	8	connector_AD	TRNAinf-euk.cm	False	UNANCHORED_fallback_structurally_absent=[2]
mtdbD00063501|Ile|GAU|Homo sapiens	8	G	9	connector_AD	TRNAinf-euk.cm	False	UNANCHORED_fallback_structurally_absent=[2]
mtdbD00063501|Ile|GAU|Homo sapiens	9	U	27	C_stem_5	TRNAinf-euk.cm	False	UNANCHORED_fallback_structurally_absent=[2]
mtdbD00063501|Ile|GAU|Homo sapiens	10	C	28	C_stem_5	TRNAinf-euk.cm	False	UNANCHORED_fallback_structurally_absent=[2]
mtdbD00063501|Ile|GAU|Homo sapiens	11	U	29	C_stem_5	TRNAinf-euk.cm	False	UNANCHORED_fallback_structurally_absent=[2]
mtdbD00063501|Ile|GAU|Homo sapiens	12	G	32	C_loop	TRNAinf-euk.cm	False	UNANCHORED_fallback_structurally_absent=[2]
mtdbD00063501|Ile|GAU|Homo sapiens	13	A	33	C_loop	TRNAinf-euk.cm	False	UNANCHORED_fallback_structurally_absent=[2]
mtdbD00063501|Ile|GAU|Homo sapiens	14	U	34	C_loop	TRNAinf-euk.cm	False	UNANCHORED_fallback_structurally_absent=[2]
mtdbD00063501|Ile|GAU|Homo sapiens	15	A	35	C_loop	TRNAinf-euk.cm	False	UNANCHORED_fallback_structurally_absent=[2]
mtdbD00063501|Ile|GAU|Homo sapiens	16	A	36	C_loop	TRNAinf-euk.cm	False	UNANCHORED_fallback_structurally_absent=[2]
mtdbD00063501|Ile|GAU|Homo sapiens	17	A	39	C_stem_3	TRNAinf-euk.cm	False	UNANCHORED_fallback_structurally_absent=[2]
mtdbD00063501|Ile|GAU|Homo sapiens	18	A	40	C_stem_3	TRNAinf-euk.cm	False	UNANCHORED_fallback_structurally_absent=[2]
mtdbD00063501|Ile|GAU|Homo sapiens	19	G	41	C_stem_3	TRNAinf-euk.cm	False	UNANCHORED_fallback_structurally_absent=[2]
mtdbD00063501|Ile|GAU|Homo sapiens	20	A	66	acceptor_3	TRNAinf-euk.cm	False	UNANCHORED_fallback_structurally_absent=[2]
mtdbD00063501|Ile|GAU|Homo sapiens	21	G			TRNAinf-euk.cm	False	UNANCHORED_fallback_structurally_absent=[2]
mtdbD00063501|Ile|GAU|Homo sapiens	22	U			TRNAinf-euk.cm	False	UNANCHORED_fallback_structurally_absent=[2]
mtdbD00063501|Ile|GAU|Homo sapiens	23	U			TRNAinf-euk.cm	False	UNANCHORED_fallback_structurally_absent=[2]
mtdbD00063501|Ile|GAU|Homo sapiens	24	A			TRNAinf-euk.cm	False	UNANCHORED_fallback_structurally_absent=[2]
mtdbD00063501|Ile|GAU|Homo sapiens	25	C			TRNAinf-euk.cm	False	UNANCHORED_fallback_structurally_absent=[2]
mtdbD00063501|Ile|GAU|Homo sapiens	26	U			TRNAinf-euk.cm	False	UNANCHORED_fallback_structurally_absent=[2]
mtdbD00063501|Ile|GAU|Homo sapiens	27	U			TRNAinf-euk.cm	False	UNANCHORED_fallback_structurally_absent=[2]
mtdbD00063501|Ile|GAU|Homo sapiens	28	U			TRNAinf-euk.cm	False	UNANCHORED_fallback_structurally_absent=[2]
mtdbD00063501|Ile|GAU|Homo sapiens	29	G			TRNAinf-euk.cm	False	UNANCHORED_fallback_structurally_absent=[2]
mtdbD00063501|Ile|GAU|Homo sapiens	30	A			TRNAinf-euk.cm	False	UNANCHORED_fallback_structurally_absent=[2]
mtdbD00063501|Ile|GAU|Homo sapiens	31	U			TRNAinf-euk.cm	False	UNANCHORED_fallback_structurally_absent=[2]
mtdbD00063501|Ile|GAU|Homo sapiens	32	A			TRNAinf-euk.cm	False	UNANCHORED_fallback_structurally_absent=[2]
mtdbD00063501|Ile|GAU|Homo sapiens	33	G			TRNAinf-euk.cm	False	UNANCHORED_fallback_structurally_absent=[2]
mtdbD00063501|Ile|GAU|Homo sapiens	34	A			TRNAinf-euk.cm	False	UNANCHORED_fallback_structurally_absent=[2]
mtdbD00063501|Ile|GAU|Homo sapiens	35	G			TRNAinf-euk.cm	False	UNANCHORED_fallback_structurally_absent=[2]
mtdbD00063501|Ile|GAU|Homo sapiens	36	U			TRNAinf-euk.cm	False	UNANCHORED_fallback_structurally_absent=[2]
mtdbD00063501|Ile|GAU|Homo sapiens	37	A			TRNAinf-euk.cm	False	UNANCHORED_fallback_structurally_absent=[2]
mtdbD00063501|Ile|GAU|Homo sapiens	38	A			TRNAinf-euk.cm	False	UNANCHORED_fallback_structurally_absent=[2]
mtdbD00063501|Ile|GAU|Homo sapiens	39	A			TRNAinf-euk.cm	False	UNANCHORED_fallback_structurally_absent=[2]
mtdbD00063501|Ile|GAU|Homo sapiens	40	U			TRNAinf-euk.cm	False	UNANCHORED_fallback_structurally_absent=[2]
mtdbD00063501|Ile|GAU|Homo sapiens	41	A			TRNAinf-euk.cm	False	UNANCHORED_fallback_structurally_absent=[2]
mtdbD00063501|Ile|GAU|Homo sapiens	42	A			TRNAinf-euk.cm	False	UNANCHORED_fallback_structurally_absent=[2]
mtdbD00063501|Ile|GAU|Homo sapiens	43	U			TRNAinf-euk.cm	False	UNANCHORED_fallback_structurally_absent=[2]
mtdbD00063501|Ile|GAU|Homo sapiens	44	A			TRNAinf-euk.cm	False	UNANCHORED_fallback_structurally_absent=[2]
mtdbD00063501|Ile|GAU|Homo sapiens	45	G			TRNAinf-euk.cm	False	UNANCHORED_fallback_structurally_absent=[2]
mtdbD00063501|Ile|GAU|Homo sapiens	46	G			TRNAinf-euk.cm	False	UNANCHORED_fallback_structurally_absent=[2]
mtdbD00063501|Ile|GAU|Homo sapiens	47	A			TRNAinf-euk.cm	False	UNANCHORED_fallback_structurally_absent=[2]
mtdbD00063501|Ile|GAU|Homo sapiens	48	G			TRNAinf-euk.cm	False	UNANCHORED_fallback_structurally_absent=[2]
mtdbD00063501|Ile|GAU|Homo sapiens	49	C			TRNAinf-euk.cm	False	UNANCHORED_fallback_structurally_absent=[2]
mtdbD00063501|Ile|GAU|Homo sapiens	50	U			TRNAinf-euk.cm	False	UNANCHORED_fallback_structurally_absent=[2]
mtdbD00063501|Ile|GAU|Homo sapiens	51	U			TRNAinf-euk.cm	False	UNANCHORED_fallback_structurally_absent=[2]
mtdbD00063501|Ile|GAU|Homo sapiens	52	A			TRNAinf-euk.cm	False	UNANCHORED_fallback_structurally_absent=[2]
mtdbD00063501|Ile|GAU|Homo sapiens	53	A			TRNAinf-euk.cm	False	UNANCHORED_fallback_structurally_absent=[2]
mtdbD00063501|Ile|GAU|Homo sapiens	54	A			TRNAinf-euk.cm	False	UNANCHORED_fallback_structurally_absent=[2]
mtdbD00063501|Ile|GAU|Homo sapiens	55	C			TRNAinf-euk.cm	False	UNANCHORED_fallback_structurally_absent=[2]
mtdbD00063501|Ile|GAU|Homo sapiens	56	C			TRNAinf-euk.cm	False	UNANCHORED_fallback_structurally_absent=[2]
mtdbD00063501|Ile|GAU|Homo sapiens	57	C			TRNAinf-euk.cm	False	UNANCHORED_fallback_structurally_absent=[2]
mtdbD00063501|Ile|GAU|Homo sapiens	58	C			TRNAinf-euk.cm	False	UNANCHORED_fallback_structurally_absent=[2]
mtdbD00063501|Ile|GAU|Homo sapiens	59	C			TRNAinf-euk.cm	False	UNANCHORED_fallback_structurally_absent=[2]
mtdbD00063501|Ile|GAU|Homo sapiens	60	U			TRNAinf-euk.cm	False	UNANCHORED_fallback_structurally_absent=[2]
mtdbD00063501|Ile|GAU|Homo sapiens	61	U	67	acceptor_3	TRNAinf-euk.cm	False	UNANCHORED_fallback_structurally_absent=[2]
mtdbD00063501|Ile|GAU|Homo sapiens	62	A	68	acceptor_3	TRNAinf-euk.cm	False	UNANCHORED_fallback_structurally_absent=[2]
mtdbD00063501|Ile|GAU|Homo sapiens	63	U	69	acceptor_3	TRNAinf-euk.cm	False	UNANCHORED_fallback_structurally_absent=[2]
mtdbD00063501|Ile|GAU|Homo sapiens	64	U	70	acceptor_3	TRNAinf-euk.cm	False	UNANCHORED_fallback_structurally_absent=[2]
mtdbD00063501|Ile|GAU|Homo sapiens	65	U	71	acceptor_3	TRNAinf-euk.cm	False	UNANCHORED_fallback_structurally_absent=[2]
mtdbD00063501|Ile|GAU|Homo sapiens	66	C	72	acceptor_3	TRNAinf-euk.cm	False	UNANCHORED_fallback_structurally_absent=[2]
mtdbD00063501|Ile|GAU|Homo sapiens	67	U	73	discriminator_CCA	TRNAinf-euk.cm	False	UNANCHORED_fallback_structurally_absent=[2]
mtdbD00063501|Ile|GAU|Homo sapiens	68	A	74	discriminator_CCA	TRNAinf-euk.cm	False	UNANCHORED_fallback_structurally_absent=[2]
mtdbD00063502|Gln|UUG|Homo sapiens	0	U	1	acceptor_5	TRNAinf-euk.cm	False	T_OR_VAR_ARM_MISSING_slots=[2]
mtdbD00063502|Gln|UUG|Homo sapiens	1	A	2	acceptor_5	TRNAinf-euk.cm	False	T_OR_VAR_ARM_MISSING_slots=[2]
mtdbD00063502|Gln|UUG|Homo sapiens	2	G	3	acceptor_5	TRNAinf-euk.cm	False	T_OR_VAR_ARM_MISSING_slots=[2]
mtdbD00063502|Gln|UUG|Homo sapiens	3	G	4	acceptor_5	TRNAinf-euk.cm	False	T_OR_VAR_ARM_MISSING_slots=[2]
mtdbD00063502|Gln|UUG|Homo sapiens	4	A	5	acceptor_5	TRNAinf-euk.cm	False	T_OR_VAR_ARM_MISSING_slots=[2]
mtdbD00063502|Gln|UUG|Homo sapiens	5	U	6	acceptor_5	TRNAinf-euk.cm	False	T_OR_VAR_ARM_MISSING_slots=[2]
mtdbD00063502|Gln|UUG|Homo sapiens	6	G	7	acceptor_5	TRNAinf-euk.cm	False	T_OR_VAR_ARM_MISSING_slots=[2]
mtdbD00063502|Gln|UUG|Homo sapiens	7	G	8	connector_AD	TRNAinf-euk.cm	False	T_OR_VAR_ARM_MISSING_slots=[2]
mtdbD00063502|Gln|UUG|Homo sapiens	8	G	9	connector_AD	TRNAinf-euk.cm	False	T_OR_VAR_ARM_MISSING_slots=[2]
mtdbD00063502|Gln|UUG|Homo sapiens	9	G	10	D_stem_5	TRNAinf-euk.cm	False	T_OR_VAR_ARM_MISSING_slots=[2]
mtdbD00063502|Gln|UUG|Homo sapiens	10	U	11	D_stem_5	TRNAinf-euk.cm	False	T_OR_VAR_ARM_MISSING_slots=[2]
mtdbD00063502|Gln|UUG|Homo sapiens	11	G	12	D_stem_5	TRNAinf-euk.cm	False	T_OR_VAR_ARM_MISSING_slots=[2]
mtdbD00063502|Gln|UUG|Homo sapiens	12	U	13	D_stem_5	TRNAinf-euk.cm	False	T_OR_VAR_ARM_MISSING_slots=[2]
mtdbD00063502|Gln|UUG|Homo sapiens	13	G	14	D_loop	TRNAinf-euk.cm	False	T_OR_VAR_ARM_MISSING_slots=[2]
mtdbD00063502|Gln|UUG|Homo sapiens	14	A	15	D_loop	TRNAinf-euk.cm	False	T_OR_VAR_ARM_MISSING_slots=[2]
mtdbD00063502|Gln|UUG|Homo sapiens	15	U	16	D_loop	TRNAinf-euk.cm	False	T_OR_VAR_ARM_MISSING_slots=[2]
mtdbD00063502|Gln|UUG|Homo sapiens	16	A	17	D_loop	TRNAinf-euk.cm	False	T_OR_VAR_ARM_MISSING_slots=[2]
mtdbD00063502|Gln|UUG|Homo sapiens	17	G	17a	D_loop	TRNAinf-euk.cm	False	T_OR_VAR_ARM_MISSING_slots=[2]
mtdbD00063502|Gln|UUG|Homo sapiens	18	G	18	D_loop	TRNAinf-euk.cm	False	T_OR_VAR_ARM_MISSING_slots=[2]
mtdbD00063502|Gln|UUG|Homo sapiens	19	U	19	D_loop	TRNAinf-euk.cm	False	T_OR_VAR_ARM_MISSING_slots=[2]
mtdbD00063502|Gln|UUG|Homo sapiens	20	G	20	D_loop	TRNAinf-euk.cm	False	T_OR_VAR_ARM_MISSING_slots=[2]
mtdbD00063502|Gln|UUG|Homo sapiens	21	G	22	D_stem_3	TRNAinf-euk.cm	False	T_OR_VAR_ARM_MISSING_slots=[2]
mtdbD00063502|Gln|UUG|Homo sapiens	22	C	23	D_stem_3	TRNAinf-euk.cm	False	T_OR_VAR_ARM_MISSING_slots=[2]
mtdbD00063502|Gln|UUG|Homo sapiens	23	A	24	D_stem_3	TRNAinf-euk.cm	False	T_OR_VAR_ARM_MISSING_slots=[2]
mtdbD00063502|Gln|UUG|Homo sapiens	24	C	25	D_stem_3	TRNAinf-euk.cm	False	T_OR_VAR_ARM_MISSING_slots=[2]
mtdbD00063502|Gln|UUG|Homo sapiens	25	G	26	connector_DC	TRNAinf-euk.cm	False	T_OR_VAR_ARM_MISSING_slots=[2]
mtdbD00063502|Gln|UUG|Homo sapiens	26	G	27	C_stem_5	TRNAinf-euk.cm	False	T_OR_VAR_ARM_MISSING_slots=[2]
mtdbD00063502|Gln|UUG|Homo sapiens	27	A	28	C_stem_5	TRNAinf-euk.cm	False	T_OR_VAR_ARM_MISSING_slots=[2]
mtdbD00063502|Gln|UUG|Homo sapiens	28	G	29	C_stem_5	TRNAinf-euk.cm	False	T_OR_VAR_ARM_MISSING_slots=[2]
mtdbD00063502|Gln|UUG|Homo sapiens	29	A	30	C_stem_5	TRNAinf-euk.cm	False	T_OR_VAR_ARM_MISSING_slots=[2]
mtdbD00063502|Gln|UUG|Homo sapiens	30	A	31	C_stem_5	TRNAinf-euk.cm	False	T_OR_VAR_ARM_MISSING_slots=[2]
mtdbD00063502|Gln|UUG|Homo sapiens	31	U	32	C_loop	TRNAinf-euk.cm	False	T_OR_VAR_ARM_MISSING_slots=[2]
mtdbD00063502|Gln|UUG|Homo sapiens	32	U	33	C_loop	TRNAinf-euk.cm	False	T_OR_VAR_ARM_MISSING_slots=[2]
mtdbD00063502|Gln|UUG|Homo sapiens	33	U	34	C_loop	TRNAinf-euk.cm	False	T_OR_VAR_ARM_MISSING_slots=[2]
mtdbD00063502|Gln|UUG|Homo sapiens	34	U	35	C_loop	TRNAinf-euk.cm	False	T_OR_VAR_ARM_MISSING_slots=[2]
mtdbD00063502|Gln|UUG|Homo sapiens	35	G	36	C_loop	TRNAinf-euk.cm	False	T_OR_VAR_ARM_MISSING_slots=[2]
mtdbD00063502|Gln|UUG|Homo sapiens	36	G	37	C_loop	TRNAinf-euk.cm	False	T_OR_VAR_ARM_MISSING_slots=[2]
mtdbD00063502|Gln|UUG|Homo sapiens	37	A	38	C_loop	TRNAinf-euk.cm	False	T_OR_VAR_ARM_MISSING_slots=[2]
mtdbD00063502|Gln|UUG|Homo sapiens	38	U	39	C_stem_3	TRNAinf-euk.cm	False	T_OR_VAR_ARM_MISSING_slots=[2]
mtdbD00063502|Gln|UUG|Homo sapiens	39	U	40	C_stem_3	TRNAinf-euk.cm	False	T_OR_VAR_ARM_MISSING_slots=[2]
mtdbD00063502|Gln|UUG|Homo sapiens	40	C	41	C_stem_3	TRNAinf-euk.cm	False	T_OR_VAR_ARM_MISSING_slots=[2]
mtdbD00063502|Gln|UUG|Homo sapiens	41	U	42	C_stem_3	TRNAinf-euk.cm	False	T_OR_VAR_ARM_MISSING_slots=[2]
mtdbD00063502|Gln|UUG|Homo sapiens	42	C	43	C_stem_3	TRNAinf-euk.cm	False	T_OR_VAR_ARM_MISSING_slots=[2]
mtdbD00063502|Gln|UUG|Homo sapiens	43	A	44	V_loop	TRNAinf-euk.cm	False	T_OR_VAR_ARM_MISSING_slots=[2]
mtdbD00063502|Gln|UUG|Homo sapiens	44	G	45	V_loop	TRNAinf-euk.cm	False	T_OR_VAR_ARM_MISSING_slots=[2]
mtdbD00063502|Gln|UUG|Homo sapiens	45	G	46	V_loop	TRNAinf-euk.cm	False	T_OR_VAR_ARM_MISSING_slots=[2]
mtdbD00063502|Gln|UUG|Homo sapiens	46	G	47	V_loop	TRNAinf-euk.cm	False	T_OR_VAR_ARM_MISSING_slots=[2]
mtdbD00063502|Gln|UUG|Homo sapiens	47	A	49	T_stem_5	TRNAinf-euk.cm	False	T_OR_VAR_ARM_MISSING_slots=[2]
mtdbD00063502|Gln|UUG|Homo sapiens	48	U	50	T_stem_5	TRNAinf-euk.cm	False	T_OR_VAR_ARM_MISSING_slots=[2]
mtdbD00063502|Gln|UUG|Homo sapiens	49	G	51	T_stem_5	TRNAinf-euk.cm	False	T_OR_VAR_ARM_MISSING_slots=[2]
mtdbD00063502|Gln|UUG|Homo sapiens	50	G	52	T_stem_5	TRNAinf-euk.cm	False	T_OR_VAR_ARM_MISSING_slots=[2]
mtdbD00063502|Gln|UUG|Homo sapiens	51	G	53	T_stem_5	TRNAinf-euk.cm	False	T_OR_VAR_ARM_MISSING_slots=[2]
mtdbD00063502|Gln|UUG|Homo sapiens	52	U	54	T_loop	TRNAinf-euk.cm	False	T_OR_VAR_ARM_MISSING_slots=[2]
mtdbD00063502|Gln|UUG|Homo sapiens	53	U	55	T_loop	TRNAinf-euk.cm	False	T_OR_VAR_ARM_MISSING_slots=[2]
mtdbD00063502|Gln|UUG|Homo sapiens	54	C	56	T_loop	TRNAinf-euk.cm	False	T_OR_VAR_ARM_MISSING_slots=[2]
mtdbD00063502|Gln|UUG|Homo sapiens	55	G	57	T_loop	TRNAinf-euk.cm	False	T_OR_VAR_ARM_MISSING_slots=[2]
mtdbD00063502|Gln|UUG|Homo sapiens	56	A	58	T_loop	TRNAinf-euk.cm	False	T_OR_VAR_ARM_MISSING_slots=[2]
mtdbD00063502|Gln|UUG|Homo sapiens	57	U	59	T_loop	TRNAinf-euk.cm	False	T_OR_VAR_ARM_MISSING_slots=[2]
mtdbD00063502|Gln|UUG|Homo sapiens	58	U	60	T_loop	TRNAinf-euk.cm	False	T_OR_VAR_ARM_MISSING_slots=[2]
mtdbD00063502|Gln|UUG|Homo sapiens	59	C	61	T_stem_3	TRNAinf-euk.cm	False	T_OR_VAR_ARM_MISSING_slots=[2]
mtdbD00063502|Gln|UUG|Homo sapiens	60	U	62	T_stem_3	TRNAinf-euk.cm	False	T_OR_VAR_ARM_MISSING_slots=[2]
mtdbD00063502|Gln|UUG|Homo sapiens	61	C	63	T_stem_3	TRNAinf-euk.cm	False	T_OR_VAR_ARM_MISSING_slots=[2]
mtdbD00063502|Gln|UUG|Homo sapiens	62	A	64	T_stem_3	TRNAinf-euk.cm	False	T_OR_VAR_ARM_MISSING_slots=[2]
mtdbD00063502|Gln|UUG|Homo sapiens	63	U	65	T_stem_3	TRNAinf-euk.cm	False	T_OR_VAR_ARM_MISSING_slots=[2]
mtdbD00063502|Gln|UUG|Homo sapiens	64	A	66	acceptor_3	TRNAinf-euk.cm	False	T_OR_VAR_ARM_MISSING_slots=[2]
mtdbD00063502|Gln|UUG|Homo sapiens	65	G	67	acceptor_3	TRNAinf-euk.cm	False	T_OR_VAR_ARM_MISSING_slots=[2]
mtdbD00063502|Gln|UUG|Homo sapiens	66	U	68	acceptor_3	TRNAinf-euk.cm	False	T_OR_VAR_ARM_MISSING_slots=[2]
mtdbD00063502|Gln|UUG|Homo sapiens	67	C	69	acceptor_3	TRNAinf-euk.cm	False	T_OR_VAR_ARM_MISSING_slots=[2]
mtdbD00063502|Gln|UUG|Homo sapiens	68	C	70	acceptor_3	TRNAinf-euk.cm	False	T_OR_VAR_ARM_MISSING_slots=[2]
mtdbD00063502|Gln|UUG|Homo sapiens	69	U	71	acceptor_3	TRNAinf-euk.cm	False	T_OR_VAR_ARM_MISSING_slots=[2]
mtdbD00063502|Gln|UUG|Homo sapiens	70	A	72	acceptor_3	TRNAinf-euk.cm	False	T_OR_VAR_ARM_MISSING_slots=[2]
mtdbD00063502|Gln|UUG|Homo sapiens	71	G	73	discriminator_CCA	TRNAinf-euk.cm	False	T_OR_VAR_ARM_MISSING_slots=[2]
mtdbD00063503|Met|CAU|Homo sapiens	0	A	1	acceptor_5	TRNAinf-euk.cm	False	T_OR_VAR_ARM_MISSING_slots=[2]
mtdbD00063503|Met|CAU|Homo sapiens	1	G	2	acceptor_5	TRNAinf-euk.cm	False	T_OR_VAR_ARM_MISSING_slots=[2]
mtdbD00063503|Met|CAU|Homo sapiens	2	U	3	acceptor_5	TRNAinf-euk.cm	False	T_OR_VAR_ARM_MISSING_slots=[2]
mtdbD00063503|Met|CAU|Homo sapiens	3	A	4	acceptor_5	TRNAinf-euk.cm	False	T_OR_VAR_ARM_MISSING_slots=[2]
mtdbD00063503|Met|CAU|Homo sapiens	4	A	5	acceptor_5	TRNAinf-euk.cm	False	T_OR_VAR_ARM_MISSING_slots=[2]
mtdbD00063503|Met|CAU|Homo sapiens	5	G	6	acceptor_5	TRNAinf-euk.cm	False	T_OR_VAR_ARM_MISSING_slots=[2]
mtdbD00063503|Met|CAU|Homo sapiens	6	G	7	acceptor_5	TRNAinf-euk.cm	False	T_OR_VAR_ARM_MISSING_slots=[2]
mtdbD00063503|Met|CAU|Homo sapiens	7	U	8	connector_AD	TRNAinf-euk.cm	False	T_OR_VAR_ARM_MISSING_slots=[2]
mtdbD00063503|Met|CAU|Homo sapiens	8	C	9	connector_AD	TRNAinf-euk.cm	False	T_OR_VAR_ARM_MISSING_slots=[2]
mtdbD00063503|Met|CAU|Homo sapiens	9	A	9A	connector_AD	TRNAinf-euk.cm	False	T_OR_VAR_ARM_MISSING_slots=[2]
mtdbD00063503|Met|CAU|Homo sapiens	10	G	10	D_stem_5	TRNAinf-euk.cm	False	T_OR_VAR_ARM_MISSING_slots=[2]
mtdbD00063503|Met|CAU|Homo sapiens	11	C	11	D_stem_5	TRNAinf-euk.cm	False	T_OR_VAR_ARM_MISSING_slots=[2]
mtdbD00063503|Met|CAU|Homo sapiens	12	U	12	D_stem_5	TRNAinf-euk.cm	False	T_OR_VAR_ARM_MISSING_slots=[2]
mtdbD00063503|Met|CAU|Homo sapiens	13	A	13	D_stem_5	TRNAinf-euk.cm	False	T_OR_VAR_ARM_MISSING_slots=[2]
mtdbD00063503|Met|CAU|Homo sapiens	14	A	14	D_loop	TRNAinf-euk.cm	False	T_OR_VAR_ARM_MISSING_slots=[2]
mtdbD00063503|Met|CAU|Homo sapiens	15	A	15	D_loop	TRNAinf-euk.cm	False	T_OR_VAR_ARM_MISSING_slots=[2]
mtdbD00063503|Met|CAU|Homo sapiens	16	U	16	D_loop	TRNAinf-euk.cm	False	T_OR_VAR_ARM_MISSING_slots=[2]
mtdbD00063503|Met|CAU|Homo sapiens	17	A	22	D_stem_3	TRNAinf-euk.cm	False	T_OR_VAR_ARM_MISSING_slots=[2]
mtdbD00063503|Met|CAU|Homo sapiens	18	A	23	D_stem_3	TRNAinf-euk.cm	False	T_OR_VAR_ARM_MISSING_slots=[2]
mtdbD00063503|Met|CAU|Homo sapiens	19	G	24	D_stem_3	TRNAinf-euk.cm	False	T_OR_VAR_ARM_MISSING_slots=[2]
mtdbD00063503|Met|CAU|Homo sapiens	20	C	25	D_stem_3	TRNAinf-euk.cm	False	T_OR_VAR_ARM_MISSING_slots=[2]
mtdbD00063503|Met|CAU|Homo sapiens	21	U	26	connector_DC	TRNAinf-euk.cm	False	T_OR_VAR_ARM_MISSING_slots=[2]
mtdbD00063503|Met|CAU|Homo sapiens	22	A	26A	connector_DC	TRNAinf-euk.cm	False	T_OR_VAR_ARM_MISSING_slots=[2]
mtdbD00063503|Met|CAU|Homo sapiens	23	U	27	C_stem_5	TRNAinf-euk.cm	False	T_OR_VAR_ARM_MISSING_slots=[2]
mtdbD00063503|Met|CAU|Homo sapiens	24	C	28	C_stem_5	TRNAinf-euk.cm	False	T_OR_VAR_ARM_MISSING_slots=[2]
mtdbD00063503|Met|CAU|Homo sapiens	25	G	29	C_stem_5	TRNAinf-euk.cm	False	T_OR_VAR_ARM_MISSING_slots=[2]
mtdbD00063503|Met|CAU|Homo sapiens	26	G	30	C_stem_5	TRNAinf-euk.cm	False	T_OR_VAR_ARM_MISSING_slots=[2]
mtdbD00063503|Met|CAU|Homo sapiens	27	G	31	C_stem_5	TRNAinf-euk.cm	False	T_OR_VAR_ARM_MISSING_slots=[2]
mtdbD00063503|Met|CAU|Homo sapiens	28	C	32	C_loop	TRNAinf-euk.cm	False	T_OR_VAR_ARM_MISSING_slots=[2]
mtdbD00063503|Met|CAU|Homo sapiens	29	C	33	C_loop	TRNAinf-euk.cm	False	T_OR_VAR_ARM_MISSING_slots=[2]
mtdbD00063503|Met|CAU|Homo sapiens	30	C	34	C_loop	TRNAinf-euk.cm	False	T_OR_VAR_ARM_MISSING_slots=[2]
mtdbD00063503|Met|CAU|Homo sapiens	31	A	35	C_loop	TRNAinf-euk.cm	False	T_OR_VAR_ARM_MISSING_slots=[2]
mtdbD00063503|Met|CAU|Homo sapiens	32	U	36	C_loop	TRNAinf-euk.cm	False	T_OR_VAR_ARM_MISSING_slots=[2]
mtdbD00063503|Met|CAU|Homo sapiens	33	A	37	C_loop	TRNAinf-euk.cm	False	T_OR_VAR_ARM_MISSING_slots=[2]
mtdbD00063503|Met|CAU|Homo sapiens	34	C	38	C_loop	TRNAinf-euk.cm	False	T_OR_VAR_ARM_MISSING_slots=[2]
mtdbD00063503|Met|CAU|Homo sapiens	35	C	39	C_stem_3	TRNAinf-euk.cm	False	T_OR_VAR_ARM_MISSING_slots=[2]
mtdbD00063503|Met|CAU|Homo sapiens	36	C	40	C_stem_3	TRNAinf-euk.cm	False	T_OR_VAR_ARM_MISSING_slots=[2]
mtdbD00063503|Met|CAU|Homo sapiens	37	C	41	C_stem_3	TRNAinf-euk.cm	False	T_OR_VAR_ARM_MISSING_slots=[2]
mtdbD00063503|Met|CAU|Homo sapiens	38	G	42	C_stem_3	TRNAinf-euk.cm	False	T_OR_VAR_ARM_MISSING_slots=[2]
mtdbD00063503|Met|CAU|Homo sapiens	39	A	43	C_stem_3	TRNAinf-euk.cm	False	T_OR_VAR_ARM_MISSING_slots=[2]
mtdbD00063503|Met|CAU|Homo sapiens	40	A	44	V_loop	TRNAinf-euk.cm	False	T_OR_VAR_ARM_MISSING_slots=[2]
mtdbD00063503|Met|CAU|Homo sapiens	41	A	45	V_loop	TRNAinf-euk.cm	False	T_OR_VAR_ARM_MISSING_slots=[2]
mtdbD00063503|Met|CAU|Homo sapiens	42	A	46	V_loop	TRNAinf-euk.cm	False	T_OR_VAR_ARM_MISSING_slots=[2]
mtdbD00063503|Met|CAU|Homo sapiens	43	U	47	V_loop	TRNAinf-euk.cm	False	T_OR_VAR_ARM_MISSING_slots=[2]
mtdbD00063503|Met|CAU|Homo sapiens	44	G	49	T_stem_5	TRNAinf-euk.cm	False	T_OR_VAR_ARM_MISSING_slots=[2]
mtdbD00063503|Met|CAU|Homo sapiens	45	U	50	T_stem_5	TRNAinf-euk.cm	False	T_OR_VAR_ARM_MISSING_slots=[2]
mtdbD00063503|Met|CAU|Homo sapiens	46	U	51	T_stem_5	TRNAinf-euk.cm	False	T_OR_VAR_ARM_MISSING_slots=[2]
mtdbD00063503|Met|CAU|Homo sapiens	47	G	52	T_stem_5	TRNAinf-euk.cm	False	T_OR_VAR_ARM_MISSING_slots=[2]
mtdbD00063503|Met|CAU|Homo sapiens	48	G	53	T_stem_5	TRNAinf-euk.cm	False	T_OR_VAR_ARM_MISSING_slots=[2]
mtdbD00063503|Met|CAU|Homo sapiens	49	U	54	T_loop	TRNAinf-euk.cm	False	T_OR_VAR_ARM_MISSING_slots=[2]
mtdbD00063503|Met|CAU|Homo sapiens	50	U	55	T_loop	TRNAinf-euk.cm	False	T_OR_VAR_ARM_MISSING_slots=[2]
mtdbD00063503|Met|CAU|Homo sapiens	51	A	56	T_loop	TRNAinf-euk.cm	False	T_OR_VAR_ARM_MISSING_slots=[2]
mtdbD00063503|Met|CAU|Homo sapiens	52	U	57	T_loop	TRNAinf-euk.cm	False	T_OR_VAR_ARM_MISSING_slots=[2]
mtdbD00063503|Met|CAU|Homo sapiens	53	A	58	T_loop	TRNAinf-euk.cm	False	T_OR_VAR_ARM_MISSING_slots=[2]
mtdbD00063503|Met|CAU|Homo sapiens	54	C	59	T_loop	TRNAinf-euk.cm	False	T_OR_VAR_ARM_MISSING_slots=[2]
mtdbD00063503|Met|CAU|Homo sapiens	55	C	61	T_stem_3	TRNAinf-euk.cm	False	T_OR_VAR_ARM_MISSING_slots=[2]
mtdbD00063503|Met|CAU|Homo sapiens	56	C	62	T_stem_3	TRNAinf-euk.cm	False	T_OR_VAR_ARM_MISSING_slots=[2]
mtdbD00063503|Met|CAU|Homo sapiens	57	U	63	T_stem_3	TRNAinf-euk.cm	False	T_OR_VAR_ARM_MISSING_slots=[2]
mtdbD00063503|Met|CAU|Homo sapiens	58	U	64	T_stem_3	TRNAinf-euk.cm	False	T_OR_VAR_ARM_MISSING_slots=[2]
mtdbD00063503|Met|CAU|Homo sapiens	59	C	65	T_stem_3	TRNAinf-euk.cm	False	T_OR_VAR_ARM_MISSING_slots=[2]
mtdbD00063503|Met|CAU|Homo sapiens	60	C	66	acceptor_3	TRNAinf-euk.cm	False	T_OR_VAR_ARM_MISSING_slots=[2]
mtdbD00063503|Met|CAU|Homo sapiens	61	C	67	acceptor_3	TRNAinf-euk.cm	False	T_OR_VAR_ARM_MISSING_slots=[2]
mtdbD00063503|Met|CAU|Homo sapiens	62	G	68	acceptor_3	TRNAinf-euk.cm	False	T_OR_VAR_ARM_MISSING_slots=[2]
mtdbD00063503|Met|CAU|Homo sapiens	63	U	69	acceptor_3	TRNAinf-euk.cm	False	T_OR_VAR_ARM_MISSING_slots=[2]
mtdbD00063503|Met|CAU|Homo sapiens	64	A	70	acceptor_3	TRNAinf-euk.cm	False	T_OR_VAR_ARM_MISSING_slots=[2]
mtdbD00063503|Met|CAU|Homo sapiens	65	C	71	acceptor_3	TRNAinf-euk.cm	False	T_OR_VAR_ARM_MISSING_slots=[2]
mtdbD00063503|Met|CAU|Homo sapiens	66	U	72	acceptor_3	TRNAinf-euk.cm	False	T_OR_VAR_ARM_MISSING_slots=[2]
mtdbD00063503|Met|CAU|Homo sapiens	67	A	73	discriminator_CCA	TRNAinf-euk.cm	False	T_OR_VAR_ARM_MISSING_slots=[2]
mtdbD00063504|Trp|UCA|Homo sapiens	0	A			TRNAinf-euk.cm	False	T_OR_VAR_ARM_MISSING_slots=[2]
mtdbD00063504|Trp|UCA|Homo sapiens	1	G			TRNAinf-euk.cm	False	T_OR_VAR_ARM_MISSING_slots=[2]
mtdbD00063504|Trp|UCA|Homo sapiens	2	A	1	acceptor_5	TRNAinf-euk.cm	False	T_OR_VAR_ARM_MISSING_slots=[2]
mtdbD00063504|Trp|UCA|Homo sapiens	3	A	2	acceptor_5	TRNAinf-euk.cm	False	T_OR_VAR_ARM_MISSING_slots=[2]
mtdbD00063504|Trp|UCA|Homo sapiens	4	A	3	acceptor_5	TRNAinf-euk.cm	False	T_OR_VAR_ARM_MISSING_slots=[2]
mtdbD00063504|Trp|UCA|Homo sapiens	5	U	4	acceptor_5	TRNAinf-euk.cm	False	T_OR_VAR_ARM_MISSING_slots=[2]
mtdbD00063504|Trp|UCA|Homo sapiens	6	U	5	acceptor_5	TRNAinf-euk.cm	False	T_OR_VAR_ARM_MISSING_slots=[2]
mtdbD00063504|Trp|UCA|Homo sapiens	7	U	8	connector_AD	TRNAinf-euk.cm	False	T_OR_VAR_ARM_MISSING_slots=[2]
mtdbD00063504|Trp|UCA|Homo sapiens	8	A	9	connector_AD	TRNAinf-euk.cm	False	T_OR_VAR_ARM_MISSING_slots=[2]
mtdbD00063504|Trp|UCA|Homo sapiens	9	G	10	D_stem_5	TRNAinf-euk.cm	False	T_OR_VAR_ARM_MISSING_slots=[2]
mtdbD00063504|Trp|UCA|Homo sapiens	10	G	11	D_stem_5	TRNAinf-euk.cm	False	T_OR_VAR_ARM_MISSING_slots=[2]
mtdbD00063504|Trp|UCA|Homo sapiens	11	U	12	D_stem_5	TRNAinf-euk.cm	False	T_OR_VAR_ARM_MISSING_slots=[2]
mtdbD00063504|Trp|UCA|Homo sapiens	12	U	13	D_stem_5	TRNAinf-euk.cm	False	T_OR_VAR_ARM_MISSING_slots=[2]
mtdbD00063504|Trp|UCA|Homo sapiens	13	A	14	D_loop	TRNAinf-euk.cm	False	T_OR_VAR_ARM_MISSING_slots=[2]
mtdbD00063504|Trp|UCA|Homo sapiens	14	A	15	D_loop	TRNAinf-euk.cm	False	T_OR_VAR_ARM_MISSING_slots=[2]
mtdbD00063504|Trp|UCA|Homo sapiens	15	A	16	D_loop	TRNAinf-euk.cm	False	T_OR_VAR_ARM_MISSING_slots=[2]
mtdbD00063504|Trp|UCA|Homo sapiens	16	U	17	D_loop	TRNAinf-euk.cm	False	T_OR_VAR_ARM_MISSING_slots=[2]
mtdbD00063504|Trp|UCA|Homo sapiens	17	A	17a	D_loop	TRNAinf-euk.cm	False	T_OR_VAR_ARM_MISSING_slots=[2]
mtdbD00063504|Trp|UCA|Homo sapiens	18	C	18	D_loop	TRNAinf-euk.cm	False	T_OR_VAR_ARM_MISSING_slots=[2]
mtdbD00063504|Trp|UCA|Homo sapiens	19	A	19	D_loop	TRNAinf-euk.cm	False	T_OR_VAR_ARM_MISSING_slots=[2]
mtdbD00063504|Trp|UCA|Homo sapiens	20	G	22	D_stem_3	TRNAinf-euk.cm	False	T_OR_VAR_ARM_MISSING_slots=[2]
mtdbD00063504|Trp|UCA|Homo sapiens	21	A	23	D_stem_3	TRNAinf-euk.cm	False	T_OR_VAR_ARM_MISSING_slots=[2]
mtdbD00063504|Trp|UCA|Homo sapiens	22	C	24	D_stem_3	TRNAinf-euk.cm	False	T_OR_VAR_ARM_MISSING_slots=[2]
mtdbD00063504|Trp|UCA|Homo sapiens	23	C	25	D_stem_3	TRNAinf-euk.cm	False	T_OR_VAR_ARM_MISSING_slots=[2]
mtdbD00063504|Trp|UCA|Homo sapiens	24	A	26	connector_DC	TRNAinf-euk.cm	False	T_OR_VAR_ARM_MISSING_slots=[2]
mtdbD00063504|Trp|UCA|Homo sapiens	25	A	27	C_stem_5	TRNAinf-euk.cm	False	T_OR_VAR_ARM_MISSING_slots=[2]
mtdbD00063504|Trp|UCA|Homo sapiens	26	G	28	C_stem_5	TRNAinf-euk.cm	False	T_OR_VAR_ARM_MISSING_slots=[2]
mtdbD00063504|Trp|UCA|Homo sapiens	27	A	29	C_stem_5	TRNAinf-euk.cm	False	T_OR_VAR_ARM_MISSING_slots=[2]
mtdbD00063504|Trp|UCA|Homo sapiens	28	G	30	C_stem_5	TRNAinf-euk.cm	False	T_OR_VAR_ARM_MISSING_slots=[2]
mtdbD00063504|Trp|UCA|Homo sapiens	29	C	31	C_stem_5	TRNAinf-euk.cm	False	T_OR_VAR_ARM_MISSING_slots=[2]
mtdbD00063504|Trp|UCA|Homo sapiens	30	C	32	C_loop	TRNAinf-euk.cm	False	T_OR_VAR_ARM_MISSING_slots=[2]
mtdbD00063504|Trp|UCA|Homo sapiens	31	U	33	C_loop	TRNAinf-euk.cm	False	T_OR_VAR_ARM_MISSING_slots=[2]
mtdbD00063504|Trp|UCA|Homo sapiens	32	U	34	C_loop	TRNAinf-euk.cm	False	T_OR_VAR_ARM_MISSING_slots=[2]
mtdbD00063504|Trp|UCA|Homo sapiens	33	C	35	C_loop	TRNAinf-euk.cm	False	T_OR_VAR_ARM_MISSING_slots=[2]
mtdbD00063504|Trp|UCA|Homo sapiens	34	A	36	C_loop	TRNAinf-euk.cm	False	T_OR_VAR_ARM_MISSING_slots=[2]
mtdbD00063504|Trp|UCA|Homo sapiens	35	A	37	C_loop	TRNAinf-euk.cm	False	T_OR_VAR_ARM_MISSING_slots=[2]
mtdbD00063504|Trp|UCA|Homo sapiens	36	A	38	C_loop	TRNAinf-euk.cm	False	T_OR_VAR_ARM_MISSING_slots=[2]
mtdbD00063504|Trp|UCA|Homo sapiens	37	G	39	C_stem_3	TRNAinf-euk.cm	False	T_OR_VAR_ARM_MISSING_slots=[2]
mtdbD00063504|Trp|UCA|Homo sapiens	38	C	40	C_stem_3	TRNAinf-euk.cm	False	T_OR_VAR_ARM_MISSING_slots=[2]
mtdbD00063504|Trp|UCA|Homo sapiens	39	C	41	C_stem_3	TRNAinf-euk.cm	False	T_OR_VAR_ARM_MISSING_slots=[2]
mtdbD00063504|Trp|UCA|Homo sapiens	40	C	42	C_stem_3	TRNAinf-euk.cm	False	T_OR_VAR_ARM_MISSING_slots=[2]
mtdbD00063504|Trp|UCA|Homo sapiens	41	U	43	C_stem_3	TRNAinf-euk.cm	False	T_OR_VAR_ARM_MISSING_slots=[2]
mtdbD00063504|Trp|UCA|Homo sapiens	42	C	44	V_loop	TRNAinf-euk.cm	False	T_OR_VAR_ARM_MISSING_slots=[2]
mtdbD00063504|Trp|UCA|Homo sapiens	43	A	45	V_loop	TRNAinf-euk.cm	False	T_OR_VAR_ARM_MISSING_slots=[2]
mtdbD00063504|Trp|UCA|Homo sapiens	44	G	49	T_stem_5	TRNAinf-euk.cm	False	T_OR_VAR_ARM_MISSING_slots=[2]
mtdbD00063504|Trp|UCA|Homo sapiens	45	U	50	T_stem_5	TRNAinf-euk.cm	False	T_OR_VAR_ARM_MISSING_slots=[2]
mtdbD00063504|Trp|UCA|Homo sapiens	46	A	51	T_stem_5	TRNAinf-euk.cm	False	T_OR_VAR_ARM_MISSING_slots=[2]
mtdbD00063504|Trp|UCA|Homo sapiens	47	A	52	T_stem_5	TRNAinf-euk.cm	False	T_OR_VAR_ARM_MISSING_slots=[2]
mtdbD00063504|Trp|UCA|Homo sapiens	48	G	53	T_stem_5	TRNAinf-euk.cm	False	T_OR_VAR_ARM_MISSING_slots=[2]
mtdbD00063504|Trp|UCA|Homo sapiens	49	U	54	T_loop	TRNAinf-euk.cm	False	T_OR_VAR_ARM_MISSING_slots=[2]
mtdbD00063504|Trp|UCA|Homo sapiens	50	U	55	T_loop	TRNAinf-euk.cm	False	T_OR_VAR_ARM_MISSING_slots=[2]
mtdbD00063504|Trp|UCA|Homo sapiens	51	G	56	T_loop	TRNAinf-euk.cm	False	T_OR_VAR_ARM_MISSING_slots=[2]
mtdbD00063504|Trp|UCA|Homo sapiens	52	C	57	T_loop	TRNAinf-euk.cm	False	T_OR_VAR_ARM_MISSING_slots=[2]
mtdbD00063504|Trp|UCA|Homo sapiens	53	A	58	T_loop	TRNAinf-euk.cm	False	T_OR_VAR_ARM_MISSING_slots=[2]
mtdbD00063504|Trp|UCA|Homo sapiens	54	A	59	T_loop	TRNAinf-euk.cm	False	T_OR_VAR_ARM_MISSING_slots=[2]
mtdbD00063504|Trp|UCA|Homo sapiens	55	U	60	T_loop	TRNAinf-euk.cm	False	T_OR_VAR_ARM_MISSING_slots=[2]
mtdbD00063504|Trp|UCA|Homo sapiens	56	A	60A	T_loop	TRNAinf-euk.cm	False	T_OR_VAR_ARM_MISSING_slots=[2]
mtdbD00063504|Trp|UCA|Homo sapiens	57	C	61	T_stem_3	TRNAinf-euk.cm	False	T_OR_VAR_ARM_MISSING_slots=[2]
mtdbD00063504|Trp|UCA|Homo sapiens	58	U	62	T_stem_3	TRNAinf-euk.cm	False	T_OR_VAR_ARM_MISSING_slots=[2]
mtdbD00063504|Trp|UCA|Homo sapiens	59	U	63	T_stem_3	TRNAinf-euk.cm	False	T_OR_VAR_ARM_MISSING_slots=[2]
mtdbD00063504|Trp|UCA|Homo sapiens	60	A	64	T_stem_3	TRNAinf-euk.cm	False	T_OR_VAR_ARM_MISSING_slots=[2]
mtdbD00063504|Trp|UCA|Homo sapiens	61	A	65	T_stem_3	TRNAinf-euk.cm	False	T_OR_VAR_ARM_MISSING_slots=[2]
mtdbD00063504|Trp|UCA|Homo sapiens	62	U	66	acceptor_3	TRNAinf-euk.cm	False	T_OR_VAR_ARM_MISSING_slots=[2]
mtdbD00063504|Trp|UCA|Homo sapiens	63	U	67	acceptor_3	TRNAinf-euk.cm	False	T_OR_VAR_ARM_MISSING_slots=[2]
mtdbD00063504|Trp|UCA|Homo sapiens	64	U	68	acceptor_3	TRNAinf-euk.cm	False	T_OR_VAR_ARM_MISSING_slots=[2]
mtdbD00063504|Trp|UCA|Homo sapiens	65	C	69	acceptor_3	TRNAinf-euk.cm	False	T_OR_VAR_ARM_MISSING_slots=[2]
mtdbD00063504|Trp|UCA|Homo sapiens	66	U	70	acceptor_3	TRNAinf-euk.cm	False	T_OR_VAR_ARM_MISSING_slots=[2]
mtdbD00063504|Trp|UCA|Homo sapiens	67	G	73	discriminator_CCA	TRNAinf-euk.cm	False	T_OR_VAR_ARM_MISSING_slots=[2]
mtdbD00063505|Ala|UGC|Homo sapiens	0	A			TRNAinf-euk.cm	False	T_OR_VAR_ARM_MISSING_slots=[2]
mtdbD00063505|Ala|UGC|Homo sapiens	1	A	1	acceptor_5	TRNAinf-euk.cm	False	T_OR_VAR_ARM_MISSING_slots=[2]
mtdbD00063505|Ala|UGC|Homo sapiens	2	G	2	acceptor_5	TRNAinf-euk.cm	False	T_OR_VAR_ARM_MISSING_slots=[2]
mtdbD00063505|Ala|UGC|Homo sapiens	3	G	3	acceptor_5	TRNAinf-euk.cm	False	T_OR_VAR_ARM_MISSING_slots=[2]
mtdbD00063505|Ala|UGC|Homo sapiens	4	G	4	acceptor_5	TRNAinf-euk.cm	False	T_OR_VAR_ARM_MISSING_slots=[2]
mtdbD00063505|Ala|UGC|Homo sapiens	5	C	5	acceptor_5	TRNAinf-euk.cm	False	T_OR_VAR_ARM_MISSING_slots=[2]
mtdbD00063505|Ala|UGC|Homo sapiens	6	U	6	acceptor_5	TRNAinf-euk.cm	False	T_OR_VAR_ARM_MISSING_slots=[2]
mtdbD00063505|Ala|UGC|Homo sapiens	7	U	8	connector_AD	TRNAinf-euk.cm	False	T_OR_VAR_ARM_MISSING_slots=[2]
mtdbD00063505|Ala|UGC|Homo sapiens	8	A	9	connector_AD	TRNAinf-euk.cm	False	T_OR_VAR_ARM_MISSING_slots=[2]
mtdbD00063505|Ala|UGC|Homo sapiens	9	G	10	D_stem_5	TRNAinf-euk.cm	False	T_OR_VAR_ARM_MISSING_slots=[2]
mtdbD00063505|Ala|UGC|Homo sapiens	10	C	11	D_stem_5	TRNAinf-euk.cm	False	T_OR_VAR_ARM_MISSING_slots=[2]
mtdbD00063505|Ala|UGC|Homo sapiens	11	U	12	D_stem_5	TRNAinf-euk.cm	False	T_OR_VAR_ARM_MISSING_slots=[2]
mtdbD00063505|Ala|UGC|Homo sapiens	12	U	13	D_stem_5	TRNAinf-euk.cm	False	T_OR_VAR_ARM_MISSING_slots=[2]
mtdbD00063505|Ala|UGC|Homo sapiens	13	A	14	D_loop	TRNAinf-euk.cm	False	T_OR_VAR_ARM_MISSING_slots=[2]
mtdbD00063505|Ala|UGC|Homo sapiens	14	A	15	D_loop	TRNAinf-euk.cm	False	T_OR_VAR_ARM_MISSING_slots=[2]
mtdbD00063505|Ala|UGC|Homo sapiens	15	U	16	D_loop	TRNAinf-euk.cm	False	T_OR_VAR_ARM_MISSING_slots=[2]
mtdbD00063505|Ala|UGC|Homo sapiens	16	U	17	D_loop	TRNAinf-euk.cm	False	T_OR_VAR_ARM_MISSING_slots=[2]
mtdbD00063505|Ala|UGC|Homo sapiens	17	A	17a	D_loop	TRNAinf-euk.cm	False	T_OR_VAR_ARM_MISSING_slots=[2]
mtdbD00063505|Ala|UGC|Homo sapiens	18	A	22	D_stem_3	TRNAinf-euk.cm	False	T_OR_VAR_ARM_MISSING_slots=[2]
mtdbD00063505|Ala|UGC|Homo sapiens	19	A	23	D_stem_3	TRNAinf-euk.cm	False	T_OR_VAR_ARM_MISSING_slots=[2]
mtdbD00063505|Ala|UGC|Homo sapiens	20	G	24	D_stem_3	TRNAinf-euk.cm	False	T_OR_VAR_ARM_MISSING_slots=[2]
mtdbD00063505|Ala|UGC|Homo sapiens	21	U	25	D_stem_3	TRNAinf-euk.cm	False	T_OR_VAR_ARM_MISSING_slots=[2]
mtdbD00063505|Ala|UGC|Homo sapiens	22	G	26	connector_DC	TRNAinf-euk.cm	False	T_OR_VAR_ARM_MISSING_slots=[2]
mtdbD00063505|Ala|UGC|Homo sapiens	23	G	27	C_stem_5	TRNAinf-euk.cm	False	T_OR_VAR_ARM_MISSING_slots=[2]
mtdbD00063505|Ala|UGC|Homo sapiens	24	C	28	C_stem_5	TRNAinf-euk.cm	False	T_OR_VAR_ARM_MISSING_slots=[2]
mtdbD00063505|Ala|UGC|Homo sapiens	25	U	29	C_stem_5	TRNAinf-euk.cm	False	T_OR_VAR_ARM_MISSING_slots=[2]
mtdbD00063505|Ala|UGC|Homo sapiens	26	G	30	C_stem_5	TRNAinf-euk.cm	False	T_OR_VAR_ARM_MISSING_slots=[2]
mtdbD00063505|Ala|UGC|Homo sapiens	27	A	31	C_stem_5	TRNAinf-euk.cm	False	T_OR_VAR_ARM_MISSING_slots=[2]
mtdbD00063505|Ala|UGC|Homo sapiens	28	U	32	C_loop	TRNAinf-euk.cm	False	T_OR_VAR_ARM_MISSING_slots=[2]
mtdbD00063505|Ala|UGC|Homo sapiens	29	U	33	C_loop	TRNAinf-euk.cm	False	T_OR_VAR_ARM_MISSING_slots=[2]
mtdbD00063505|Ala|UGC|Homo sapiens	30	U	34	C_loop	TRNAinf-euk.cm	False	T_OR_VAR_ARM_MISSING_slots=[2]
mtdbD00063505|Ala|UGC|Homo sapiens	31	G	35	C_loop	TRNAinf-euk.cm	False	T_OR_VAR_ARM_MISSING_slots=[2]
mtdbD00063505|Ala|UGC|Homo sapiens	32	C	36	C_loop	TRNAinf-euk.cm	False	T_OR_VAR_ARM_MISSING_slots=[2]
mtdbD00063505|Ala|UGC|Homo sapiens	33	G	37	C_loop	TRNAinf-euk.cm	False	T_OR_VAR_ARM_MISSING_slots=[2]
mtdbD00063505|Ala|UGC|Homo sapiens	34	U	38	C_loop	TRNAinf-euk.cm	False	T_OR_VAR_ARM_MISSING_slots=[2]
mtdbD00063505|Ala|UGC|Homo sapiens	35	U	39	C_stem_3	TRNAinf-euk.cm	False	T_OR_VAR_ARM_MISSING_slots=[2]
mtdbD00063505|Ala|UGC|Homo sapiens	36	C	40	C_stem_3	TRNAinf-euk.cm	False	T_OR_VAR_ARM_MISSING_slots=[2]
mtdbD00063505|Ala|UGC|Homo sapiens	37	A	41	C_stem_3	TRNAinf-euk.cm	False	T_OR_VAR_ARM_MISSING_slots=[2]
mtdbD00063505|Ala|UGC|Homo sapiens	38	G	42	C_stem_3	TRNAinf-euk.cm	False	T_OR_VAR_ARM_MISSING_slots=[2]
mtdbD00063505|Ala|UGC|Homo sapiens	39	U	43	C_stem_3	TRNAinf-euk.cm	False	T_OR_VAR_ARM_MISSING_slots=[2]
mtdbD00063505|Ala|UGC|Homo sapiens	40	U	44	V_loop	TRNAinf-euk.cm	False	T_OR_VAR_ARM_MISSING_slots=[2]
mtdbD00063505|Ala|UGC|Homo sapiens	41	G	45	V_loop	TRNAinf-euk.cm	False	T_OR_VAR_ARM_MISSING_slots=[2]
mtdbD00063505|Ala|UGC|Homo sapiens	42	A	46	V_loop	TRNAinf-euk.cm	False	T_OR_VAR_ARM_MISSING_slots=[2]
mtdbD00063505|Ala|UGC|Homo sapiens	43	U	47	V_loop	TRNAinf-euk.cm	False	T_OR_VAR_ARM_MISSING_slots=[2]
mtdbD00063505|Ala|UGC|Homo sapiens	44	G	49	T_stem_5	TRNAinf-euk.cm	False	T_OR_VAR_ARM_MISSING_slots=[2]
mtdbD00063505|Ala|UGC|Homo sapiens	45	C	50	T_stem_5	TRNAinf-euk.cm	False	T_OR_VAR_ARM_MISSING_slots=[2]
mtdbD00063505|Ala|UGC|Homo sapiens	46	A	51	T_stem_5	TRNAinf-euk.cm	False	T_OR_VAR_ARM_MISSING_slots=[2]
mtdbD00063505|Ala|UGC|Homo sapiens	47	G	54	T_loop	TRNAinf-euk.cm	False	T_OR_VAR_ARM_MISSING_slots=[2]
mtdbD00063505|Ala|UGC|Homo sapiens	48	A	55	T_loop	TRNAinf-euk.cm	False	T_OR_VAR_ARM_MISSING_slots=[2]
mtdbD00063505|Ala|UGC|Homo sapiens	49	G	56	T_loop	TRNAinf-euk.cm	False	T_OR_VAR_ARM_MISSING_slots=[2]
mtdbD00063505|Ala|UGC|Homo sapiens	50	U	57	T_loop	TRNAinf-euk.cm	False	T_OR_VAR_ARM_MISSING_slots=[2]
mtdbD00063505|Ala|UGC|Homo sapiens	51	G	58	T_loop	TRNAinf-euk.cm	False	T_OR_VAR_ARM_MISSING_slots=[2]
mtdbD00063505|Ala|UGC|Homo sapiens	52	G	59	T_loop	TRNAinf-euk.cm	False	T_OR_VAR_ARM_MISSING_slots=[2]
mtdbD00063505|Ala|UGC|Homo sapiens	53	G	60	T_loop	TRNAinf-euk.cm	False	T_OR_VAR_ARM_MISSING_slots=[2]
mtdbD00063505|Ala|UGC|Homo sapiens	54	G	60A	T_loop	TRNAinf-euk.cm	False	T_OR_VAR_ARM_MISSING_slots=[2]
mtdbD00063505|Ala|UGC|Homo sapiens	55	U	60B	T_loop	TRNAinf-euk.cm	False	T_OR_VAR_ARM_MISSING_slots=[2]
mtdbD00063505|Ala|UGC|Homo sapiens	56	U	60C	T_loop	TRNAinf-euk.cm	False	T_OR_VAR_ARM_MISSING_slots=[2]
mtdbD00063505|Ala|UGC|Homo sapiens	57	U	60D	T_loop	TRNAinf-euk.cm	False	T_OR_VAR_ARM_MISSING_slots=[2]
mtdbD00063505|Ala|UGC|Homo sapiens	58	U	60E	T_loop	TRNAinf-euk.cm	False	T_OR_VAR_ARM_MISSING_slots=[2]
mtdbD00063505|Ala|UGC|Homo sapiens	59	G	61	T_stem_3	TRNAinf-euk.cm	False	T_OR_VAR_ARM_MISSING_slots=[2]
mtdbD00063505|Ala|UGC|Homo sapiens	60	C	62	T_stem_3	TRNAinf-euk.cm	False	T_OR_VAR_ARM_MISSING_slots=[2]
mtdbD00063505|Ala|UGC|Homo sapiens	61	A	63	T_stem_3	TRNAinf-euk.cm	False	T_OR_VAR_ARM_MISSING_slots=[2]
mtdbD00063505|Ala|UGC|Homo sapiens	62	G	66	acceptor_3	TRNAinf-euk.cm	False	T_OR_VAR_ARM_MISSING_slots=[2]
mtdbD00063505|Ala|UGC|Homo sapiens	63	U	67	acceptor_3	TRNAinf-euk.cm	False	T_OR_VAR_ARM_MISSING_slots=[2]
mtdbD00063505|Ala|UGC|Homo sapiens	64	C	68	acceptor_3	TRNAinf-euk.cm	False	T_OR_VAR_ARM_MISSING_slots=[2]
mtdbD00063505|Ala|UGC|Homo sapiens	65	C	69	acceptor_3	TRNAinf-euk.cm	False	T_OR_VAR_ARM_MISSING_slots=[2]
mtdbD00063505|Ala|UGC|Homo sapiens	66	U	70	acceptor_3	TRNAinf-euk.cm	False	T_OR_VAR_ARM_MISSING_slots=[2]
mtdbD00063505|Ala|UGC|Homo sapiens	67	U	71	acceptor_3	TRNAinf-euk.cm	False	T_OR_VAR_ARM_MISSING_slots=[2]
mtdbD00063505|Ala|UGC|Homo sapiens	68	A	73	discriminator_CCA	TRNAinf-euk.cm	False	T_OR_VAR_ARM_MISSING_slots=[2]
mtdbD00063506|Asn|GUU|Homo sapiens	0	U	1	acceptor_5	TRNAinf-euk.cm	False	UNANCHORED_fallback_structurally_absent=[2]
mtdbD00063506|Asn|GUU|Homo sapiens	1	A	2	acceptor_5	TRNAinf-euk.cm	False	UNANCHORED_fallback_structurally_absent=[2]
mtdbD00063506|Asn|GUU|Homo sapiens	2	G	3	acceptor_5	TRNAinf-euk.cm	False	UNANCHORED_fallback_structurally_absent=[2]
mtdbD00063506|Asn|GUU|Homo sapiens	3	A	4	acceptor_5	TRNAinf-euk.cm	False	UNANCHORED_fallback_structurally_absent=[2]
mtdbD00063506|Asn|GUU|Homo sapiens	4	U	5	acceptor_5	TRNAinf-euk.cm	False	UNANCHORED_fallback_structurally_absent=[2]
mtdbD00063506|Asn|GUU|Homo sapiens	5	U	6	acceptor_5	TRNAinf-euk.cm	False	UNANCHORED_fallback_structurally_absent=[2]
mtdbD00063506|Asn|GUU|Homo sapiens	6	G	7	acceptor_5	TRNAinf-euk.cm	False	UNANCHORED_fallback_structurally_absent=[2]
mtdbD00063506|Asn|GUU|Homo sapiens	7	A	8	connector_AD	TRNAinf-euk.cm	False	UNANCHORED_fallback_structurally_absent=[2]
mtdbD00063506|Asn|GUU|Homo sapiens	8	A	9	connector_AD	TRNAinf-euk.cm	False	UNANCHORED_fallback_structurally_absent=[2]
mtdbD00063506|Asn|GUU|Homo sapiens	9	G	27	C_stem_5	TRNAinf-euk.cm	False	UNANCHORED_fallback_structurally_absent=[2]
mtdbD00063506|Asn|GUU|Homo sapiens	10	C	28	C_stem_5	TRNAinf-euk.cm	False	UNANCHORED_fallback_structurally_absent=[2]
mtdbD00063506|Asn|GUU|Homo sapiens	11	C	29	C_stem_5	TRNAinf-euk.cm	False	UNANCHORED_fallback_structurally_absent=[2]
mtdbD00063506|Asn|GUU|Homo sapiens	12	A	32	C_loop	TRNAinf-euk.cm	False	UNANCHORED_fallback_structurally_absent=[2]
mtdbD00063506|Asn|GUU|Homo sapiens	13	G	33	C_loop	TRNAinf-euk.cm	False	UNANCHORED_fallback_structurally_absent=[2]
mtdbD00063506|Asn|GUU|Homo sapiens	14	U	34	C_loop	TRNAinf-euk.cm	False	UNANCHORED_fallback_structurally_absent=[2]
mtdbD00063506|Asn|GUU|Homo sapiens	15	U	35	C_loop	TRNAinf-euk.cm	False	UNANCHORED_fallback_structurally_absent=[2]
mtdbD00063506|Asn|GUU|Homo sapiens	16	G	36	C_loop	TRNAinf-euk.cm	False	UNANCHORED_fallback_structurally_absent=[2]
mtdbD00063506|Asn|GUU|Homo sapiens	17	A	37	C_loop	TRNAinf-euk.cm	False	UNANCHORED_fallback_structurally_absent=[2]
mtdbD00063506|Asn|GUU|Homo sapiens	18	U	38	C_loop	TRNAinf-euk.cm	False	UNANCHORED_fallback_structurally_absent=[2]
mtdbD00063506|Asn|GUU|Homo sapiens	19	U	38A	C_loop	TRNAinf-euk.cm	False	UNANCHORED_fallback_structurally_absent=[2]
mtdbD00063506|Asn|GUU|Homo sapiens	20	A	38B	C_loop	TRNAinf-euk.cm	False	UNANCHORED_fallback_structurally_absent=[2]
mtdbD00063506|Asn|GUU|Homo sapiens	21	G	39	C_stem_3	TRNAinf-euk.cm	False	UNANCHORED_fallback_structurally_absent=[2]
mtdbD00063506|Asn|GUU|Homo sapiens	22	G	40	C_stem_3	TRNAinf-euk.cm	False	UNANCHORED_fallback_structurally_absent=[2]
mtdbD00063506|Asn|GUU|Homo sapiens	23	G	41	C_stem_3	TRNAinf-euk.cm	False	UNANCHORED_fallback_structurally_absent=[2]
mtdbD00063506|Asn|GUU|Homo sapiens	24	U	66	acceptor_3	TRNAinf-euk.cm	False	UNANCHORED_fallback_structurally_absent=[2]
mtdbD00063506|Asn|GUU|Homo sapiens	25	G			TRNAinf-euk.cm	False	UNANCHORED_fallback_structurally_absent=[2]
mtdbD00063506|Asn|GUU|Homo sapiens	26	C			TRNAinf-euk.cm	False	UNANCHORED_fallback_structurally_absent=[2]
mtdbD00063506|Asn|GUU|Homo sapiens	27	U			TRNAinf-euk.cm	False	UNANCHORED_fallback_structurally_absent=[2]
mtdbD00063506|Asn|GUU|Homo sapiens	28	U			TRNAinf-euk.cm	False	UNANCHORED_fallback_structurally_absent=[2]
mtdbD00063506|Asn|GUU|Homo sapiens	29	A			TRNAinf-euk.cm	False	UNANCHORED_fallback_structurally_absent=[2]
mtdbD00063506|Asn|GUU|Homo sapiens	30	G			TRNAinf-euk.cm	False	UNANCHORED_fallback_structurally_absent=[2]
mtdbD00063506|Asn|GUU|Homo sapiens	31	C			TRNAinf-euk.cm	False	UNANCHORED_fallback_structurally_absent=[2]
mtdbD00063506|Asn|GUU|Homo sapiens	32	U			TRNAinf-euk.cm	False	UNANCHORED_fallback_structurally_absent=[2]
mtdbD00063506|Asn|GUU|Homo sapiens	33	G			TRNAinf-euk.cm	False	UNANCHORED_fallback_structurally_absent=[2]
mtdbD00063506|Asn|GUU|Homo sapiens	34	U			TRNAinf-euk.cm	False	UNANCHORED_fallback_structurally_absent=[2]
mtdbD00063506|Asn|GUU|Homo sapiens	35	U			TRNAinf-euk.cm	False	UNANCHORED_fallback_structurally_absent=[2]
mtdbD00063506|Asn|GUU|Homo sapiens	36	A			TRNAinf-euk.cm	False	UNANCHORED_fallback_structurally_absent=[2]
mtdbD00063506|Asn|GUU|Homo sapiens	37	A			TRNAinf-euk.cm	False	UNANCHORED_fallback_structurally_absent=[2]
mtdbD00063506|Asn|GUU|Homo sapiens	38	C			TRNAinf-euk.cm	False	UNANCHORED_fallback_structurally_absent=[2]
mtdbD00063506|Asn|GUU|Homo sapiens	39	U			TRNAinf-euk.cm	False	UNANCHORED_fallback_structurally_absent=[2]
mtdbD00063506|Asn|GUU|Homo sapiens	40	A			TRNAinf-euk.cm	False	UNANCHORED_fallback_structurally_absent=[2]
mtdbD00063506|Asn|GUU|Homo sapiens	41	A			TRNAinf-euk.cm	False	UNANCHORED_fallback_structurally_absent=[2]
mtdbD00063506|Asn|GUU|Homo sapiens	42	G			TRNAinf-euk.cm	False	UNANCHORED_fallback_structurally_absent=[2]
mtdbD00063506|Asn|GUU|Homo sapiens	43	U			TRNAinf-euk.cm	False	UNANCHORED_fallback_structurally_absent=[2]
mtdbD00063506|Asn|GUU|Homo sapiens	44	G			TRNAinf-euk.cm	False	UNANCHORED_fallback_structurally_absent=[2]
mtdbD00063506|Asn|GUU|Homo sapiens	45	U			TRNAinf-euk.cm	False	UNANCHORED_fallback_structurally_absent=[2]
mtdbD00063506|Asn|GUU|Homo sapiens	46	U			TRNAinf-euk.cm	False	UNANCHORED_fallback_structurally_absent=[2]
mtdbD00063506|Asn|GUU|Homo sapiens	47	U			TRNAinf-euk.cm	False	UNANCHORED_fallback_structurally_absent=[2]
mtdbD00063506|Asn|GUU|Homo sapiens	48	G			TRNAinf-euk.cm	False	UNANCHORED_fallback_structurally_absent=[2]
mtdbD00063506|Asn|GUU|Homo sapiens	49	U			TRNAinf-euk.cm	False	UNANCHORED_fallback_structurally_absent=[2]
mtdbD00063506|Asn|GUU|Homo sapiens	50	G			TRNAinf-euk.cm	False	UNANCHORED_fallback_structurally_absent=[2]
mtdbD00063506|Asn|GUU|Homo sapiens	51	G			TRNAinf-euk.cm	False	UNANCHORED_fallback_structurally_absent=[2]
mtdbD00063506|Asn|GUU|Homo sapiens	52	G			TRNAinf-euk.cm	False	UNANCHORED_fallback_structurally_absent=[2]
mtdbD00063506|Asn|GUU|Homo sapiens	53	U			TRNAinf-euk.cm	False	UNANCHORED_fallback_structurally_absent=[2]
mtdbD00063506|Asn|GUU|Homo sapiens	54	U			TRNAinf-euk.cm	False	UNANCHORED_fallback_structurally_absent=[2]
mtdbD00063506|Asn|GUU|Homo sapiens	55	U			TRNAinf-euk.cm	False	UNANCHORED_fallback_structurally_absent=[2]
mtdbD00063506|Asn|GUU|Homo sapiens	56	A			TRNAinf-euk.cm	False	UNANCHORED_fallback_structurally_absent=[2]
mtdbD00063506|Asn|GUU|Homo sapiens	57	A			TRNAinf-euk.cm	False	UNANCHORED_fallback_structurally_absent=[2]
mtdbD00063506|Asn|GUU|Homo sapiens	58	G			TRNAinf-euk.cm	False	UNANCHORED_fallback_structurally_absent=[2]
mtdbD00063506|Asn|GUU|Homo sapiens	59	U			TRNAinf-euk.cm	False	UNANCHORED_fallback_structurally_absent=[2]
mtdbD00063506|Asn|GUU|Homo sapiens	60	C			TRNAinf-euk.cm	False	UNANCHORED_fallback_structurally_absent=[2]
mtdbD00063506|Asn|GUU|Homo sapiens	61	C			TRNAinf-euk.cm	False	UNANCHORED_fallback_structurally_absent=[2]
mtdbD00063506|Asn|GUU|Homo sapiens	62	C			TRNAinf-euk.cm	False	UNANCHORED_fallback_structurally_absent=[2]
mtdbD00063506|Asn|GUU|Homo sapiens	63	A			TRNAinf-euk.cm	False	UNANCHORED_fallback_structurally_absent=[2]
mtdbD00063506|Asn|GUU|Homo sapiens	64	U			TRNAinf-euk.cm	False	UNANCHORED_fallback_structurally_absent=[2]
mtdbD00063506|Asn|GUU|Homo sapiens	65	U	67	acceptor_3	TRNAinf-euk.cm	False	UNANCHORED_fallback_structurally_absent=[2]
mtdbD00063506|Asn|GUU|Homo sapiens	66	G	68	acceptor_3	TRNAinf-euk.cm	False	UNANCHORED_fallback_structurally_absent=[2]
mtdbD00063506|Asn|GUU|Homo sapiens	67	G	69	acceptor_3	TRNAinf-euk.cm	False	UNANCHORED_fallback_structurally_absent=[2]
mtdbD00063506|Asn|GUU|Homo sapiens	68	U	70	acceptor_3	TRNAinf-euk.cm	False	UNANCHORED_fallback_structurally_absent=[2]
mtdbD00063506|Asn|GUU|Homo sapiens	69	C	71	acceptor_3	TRNAinf-euk.cm	False	UNANCHORED_fallback_structurally_absent=[2]
mtdbD00063506|Asn|GUU|Homo sapiens	70	U	72	acceptor_3	TRNAinf-euk.cm	False	UNANCHORED_fallback_structurally_absent=[2]
mtdbD00063506|Asn|GUU|Homo sapiens	71	A	73	discriminator_CCA	TRNAinf-euk.cm	False	UNANCHORED_fallback_structurally_absent=[2]
mtdbD00063506|Asn|GUU|Homo sapiens	72	G	74	discriminator_CCA	TRNAinf-euk.cm	False	UNANCHORED_fallback_structurally_absent=[2]
mtdbD00063507|Cys|GCA|Homo sapiens	0	A			TRNAinf-euk.cm	False	T_OR_VAR_ARM_MISSING_slots=[2]
mtdbD00063507|Cys|GCA|Homo sapiens	1	G	1	acceptor_5	TRNAinf-euk.cm	False	T_OR_VAR_ARM_MISSING_slots=[2]
mtdbD00063507|Cys|GCA|Homo sapiens	2	C	2	acceptor_5	TRNAinf-euk.cm	False	T_OR_VAR_ARM_MISSING_slots=[2]
mtdbD00063507|Cys|GCA|Homo sapiens	3	U	3	acceptor_5	TRNAinf-euk.cm	False	T_OR_VAR_ARM_MISSING_slots=[2]
mtdbD00063507|Cys|GCA|Homo sapiens	4	C	4	acceptor_5	TRNAinf-euk.cm	False	T_OR_VAR_ARM_MISSING_slots=[2]
mtdbD00063507|Cys|GCA|Homo sapiens	5	C	5	acceptor_5	TRNAinf-euk.cm	False	T_OR_VAR_ARM_MISSING_slots=[2]
mtdbD00063507|Cys|GCA|Homo sapiens	6	G	6	acceptor_5	TRNAinf-euk.cm	False	T_OR_VAR_ARM_MISSING_slots=[2]
mtdbD00063507|Cys|GCA|Homo sapiens	7	A	8	connector_AD	TRNAinf-euk.cm	False	T_OR_VAR_ARM_MISSING_slots=[2]
mtdbD00063507|Cys|GCA|Homo sapiens	8	G	9	connector_AD	TRNAinf-euk.cm	False	T_OR_VAR_ARM_MISSING_slots=[2]
mtdbD00063507|Cys|GCA|Homo sapiens	9	G	10	D_stem_5	TRNAinf-euk.cm	False	T_OR_VAR_ARM_MISSING_slots=[2]
mtdbD00063507|Cys|GCA|Homo sapiens	10	U	14	D_loop	TRNAinf-euk.cm	False	T_OR_VAR_ARM_MISSING_slots=[2]
mtdbD00063507|Cys|GCA|Homo sapiens	11	G	15	D_loop	TRNAinf-euk.cm	False	T_OR_VAR_ARM_MISSING_slots=[2]
mtdbD00063507|Cys|GCA|Homo sapiens	12	A	16	D_loop	TRNAinf-euk.cm	False	T_OR_VAR_ARM_MISSING_slots=[2]
mtdbD00063507|Cys|GCA|Homo sapiens	13	U	17	D_loop	TRNAinf-euk.cm	False	T_OR_VAR_ARM_MISSING_slots=[2]
mtdbD00063507|Cys|GCA|Homo sapiens	14	U	17a	D_loop	TRNAinf-euk.cm	False	T_OR_VAR_ARM_MISSING_slots=[2]
mtdbD00063507|Cys|GCA|Homo sapiens	15	U	18	D_loop	TRNAinf-euk.cm	False	T_OR_VAR_ARM_MISSING_slots=[2]
mtdbD00063507|Cys|GCA|Homo sapiens	16	U	19	D_loop	TRNAinf-euk.cm	False	T_OR_VAR_ARM_MISSING_slots=[2]
mtdbD00063507|Cys|GCA|Homo sapiens	17	C	20	D_loop	TRNAinf-euk.cm	False	T_OR_VAR_ARM_MISSING_slots=[2]
mtdbD00063507|Cys|GCA|Homo sapiens	18	A	20a	D_loop	TRNAinf-euk.cm	False	T_OR_VAR_ARM_MISSING_slots=[2]
mtdbD00063507|Cys|GCA|Homo sapiens	19	U	22	D_stem_3	TRNAinf-euk.cm	False	T_OR_VAR_ARM_MISSING_slots=[2]
mtdbD00063507|Cys|GCA|Homo sapiens	20	A	26	connector_DC	TRNAinf-euk.cm	False	T_OR_VAR_ARM_MISSING_slots=[2]
mtdbD00063507|Cys|GCA|Homo sapiens	21	U	27	C_stem_5	TRNAinf-euk.cm	False	T_OR_VAR_ARM_MISSING_slots=[2]
mtdbD00063507|Cys|GCA|Homo sapiens	22	U	28	C_stem_5	TRNAinf-euk.cm	False	T_OR_VAR_ARM_MISSING_slots=[2]
mtdbD00063507|Cys|GCA|Homo sapiens	23	G	29	C_stem_5	TRNAinf-euk.cm	False	T_OR_VAR_ARM_MISSING_slots=[2]
mtdbD00063507|Cys|GCA|Homo sapiens	24	A	30	C_stem_5	TRNAinf-euk.cm	False	T_OR_VAR_ARM_MISSING_slots=[2]
mtdbD00063507|Cys|GCA|Homo sapiens	25	A	31	C_stem_5	TRNAinf-euk.cm	False	T_OR_VAR_ARM_MISSING_slots=[2]
mtdbD00063507|Cys|GCA|Homo sapiens	26	U	32	C_loop	TRNAinf-euk.cm	False	T_OR_VAR_ARM_MISSING_slots=[2]
mtdbD00063507|Cys|GCA|Homo sapiens	27	U	33	C_loop	TRNAinf-euk.cm	False	T_OR_VAR_ARM_MISSING_slots=[2]
mtdbD00063507|Cys|GCA|Homo sapiens	28	G	34	C_loop	TRNAinf-euk.cm	False	T_OR_VAR_ARM_MISSING_slots=[2]
mtdbD00063507|Cys|GCA|Homo sapiens	29	C	35	C_loop	TRNAinf-euk.cm	False	T_OR_VAR_ARM_MISSING_slots=[2]
mtdbD00063507|Cys|GCA|Homo sapiens	30	A	36	C_loop	TRNAinf-euk.cm	False	T_OR_VAR_ARM_MISSING_slots=[2]
mtdbD00063507|Cys|GCA|Homo sapiens	31	A	37	C_loop	TRNAinf-euk.cm	False	T_OR_VAR_ARM_MISSING_slots=[2]
mtdbD00063507|Cys|GCA|Homo sapiens	32	A	38	C_loop	TRNAinf-euk.cm	False	T_OR_VAR_ARM_MISSING_slots=[2]
mtdbD00063507|Cys|GCA|Homo sapiens	33	U	39	C_stem_3	TRNAinf-euk.cm	False	T_OR_VAR_ARM_MISSING_slots=[2]
mtdbD00063507|Cys|GCA|Homo sapiens	34	U	40	C_stem_3	TRNAinf-euk.cm	False	T_OR_VAR_ARM_MISSING_slots=[2]
mtdbD00063507|Cys|GCA|Homo sapiens	35	C	41	C_stem_3	TRNAinf-euk.cm	False	T_OR_VAR_ARM_MISSING_slots=[2]
mtdbD00063507|Cys|GCA|Homo sapiens	36	G	42	C_stem_3	TRNAinf-euk.cm	False	T_OR_VAR_ARM_MISSING_slots=[2]
mtdbD00063507|Cys|GCA|Homo sapiens	37	A	43	C_stem_3	TRNAinf-euk.cm	False	T_OR_VAR_ARM_MISSING_slots=[2]
mtdbD00063507|Cys|GCA|Homo sapiens	38	A	44	V_loop	TRNAinf-euk.cm	False	T_OR_VAR_ARM_MISSING_slots=[2]
mtdbD00063507|Cys|GCA|Homo sapiens	39	G	45	V_loop	TRNAinf-euk.cm	False	T_OR_VAR_ARM_MISSING_slots=[2]
mtdbD00063507|Cys|GCA|Homo sapiens	40	A	46	V_loop	TRNAinf-euk.cm	False	T_OR_VAR_ARM_MISSING_slots=[2]
mtdbD00063507|Cys|GCA|Homo sapiens	41	A	47	V_loop	TRNAinf-euk.cm	False	T_OR_VAR_ARM_MISSING_slots=[2]
mtdbD00063507|Cys|GCA|Homo sapiens	42	G	49	T_stem_5	TRNAinf-euk.cm	False	T_OR_VAR_ARM_MISSING_slots=[2]
mtdbD00063507|Cys|GCA|Homo sapiens	43	C	50	T_stem_5	TRNAinf-euk.cm	False	T_OR_VAR_ARM_MISSING_slots=[2]
mtdbD00063507|Cys|GCA|Homo sapiens	44	A	51	T_stem_5	TRNAinf-euk.cm	False	T_OR_VAR_ARM_MISSING_slots=[2]
mtdbD00063507|Cys|GCA|Homo sapiens	45	G	52	T_stem_5	TRNAinf-euk.cm	False	T_OR_VAR_ARM_MISSING_slots=[2]
mtdbD00063507|Cys|GCA|Homo sapiens	46	C	53	T_stem_5	TRNAinf-euk.cm	False	T_OR_VAR_ARM_MISSING_slots=[2]
mtdbD00063507|Cys|GCA|Homo sapiens	47	U	54	T_loop	TRNAinf-euk.cm	False	T_OR_VAR_ARM_MISSING_slots=[2]
mtdbD00063507|Cys|GCA|Homo sapiens	48	U	55	T_loop	TRNAinf-euk.cm	False	T_OR_VAR_ARM_MISSING_slots=[2]
mtdbD00063507|Cys|GCA|Homo sapiens	49	C	56	T_loop	TRNAinf-euk.cm	False	T_OR_VAR_ARM_MISSING_slots=[2]
mtdbD00063507|Cys|GCA|Homo sapiens	50	A	57	T_loop	TRNAinf-euk.cm	False	T_OR_VAR_ARM_MISSING_slots=[2]
mtdbD00063507|Cys|GCA|Homo sapiens	51	A	58	T_loop	TRNAinf-euk.cm	False	T_OR_VAR_ARM_MISSING_slots=[2]
mtdbD00063507|Cys|GCA|Homo sapiens	52	A	59	T_loop	TRNAinf-euk.cm	False	T_OR_VAR_ARM_MISSING_slots=[2]
mtdbD00063507|Cys|GCA|Homo sapiens	53	C	60	T_loop	TRNAinf-euk.cm	False	T_OR_VAR_ARM_MISSING_slots=[2]
mtdbD00063507|Cys|GCA|Homo sapiens	54	C	61	T_stem_3	TRNAinf-euk.cm	False	T_OR_VAR_ARM_MISSING_slots=[2]
mtdbD00063507|Cys|GCA|Homo sapiens	55	U	62	T_stem_3	TRNAinf-euk.cm	False	T_OR_VAR_ARM_MISSING_slots=[2]
mtdbD00063507|Cys|GCA|Homo sapiens	56	G	63	T_stem_3	TRNAinf-euk.cm	False	T_OR_VAR_ARM_MISSING_slots=[2]
mtdbD00063507|Cys|GCA|Homo sapiens	57	C	64	T_stem_3	TRNAinf-euk.cm	False	T_OR_VAR_ARM_MISSING_slots=[2]
mtdbD00063507|Cys|GCA|Homo sapiens	58	C	65	T_stem_3	TRNAinf-euk.cm	False	T_OR_VAR_ARM_MISSING_slots=[2]
mtdbD00063507|Cys|GCA|Homo sapiens	59	G	66	acceptor_3	TRNAinf-euk.cm	False	T_OR_VAR_ARM_MISSING_slots=[2]
mtdbD00063507|Cys|GCA|Homo sapiens	60	G	67	acceptor_3	TRNAinf-euk.cm	False	T_OR_VAR_ARM_MISSING_slots=[2]
mtdbD00063507|Cys|GCA|Homo sapiens	61	G	68	acceptor_3	TRNAinf-euk.cm	False	T_OR_VAR_ARM_MISSING_slots=[2]
mtdbD00063507|Cys|GCA|Homo sapiens	62	G	69	acceptor_3	TRNAinf-euk.cm	False	T_OR_VAR_ARM_MISSING_slots=[2]
mtdbD00063507|Cys|GCA|Homo sapiens	63	C	70	acceptor_3	TRNAinf-euk.cm	False	T_OR_VAR_ARM_MISSING_slots=[2]
mtdbD00063507|Cys|GCA|Homo sapiens	64	U	71	acceptor_3	TRNAinf-euk.cm	False	T_OR_VAR_ARM_MISSING_slots=[2]
mtdbD00063507|Cys|GCA|Homo sapiens	65	U	73	discriminator_CCA	TRNAinf-euk.cm	False	T_OR_VAR_ARM_MISSING_slots=[2]
mtdbD00063508|Tyr|GUA|Homo sapiens	0	G	1	acceptor_5	TRNAinf-euk.cm	False	T_OR_VAR_ARM_MISSING_slots=[2]
mtdbD00063508|Tyr|GUA|Homo sapiens	1	G	2	acceptor_5	TRNAinf-euk.cm	False	T_OR_VAR_ARM_MISSING_slots=[2]
mtdbD00063508|Tyr|GUA|Homo sapiens	2	U	3	acceptor_5	TRNAinf-euk.cm	False	T_OR_VAR_ARM_MISSING_slots=[2]
mtdbD00063508|Tyr|GUA|Homo sapiens	3	A	4	acceptor_5	TRNAinf-euk.cm	False	T_OR_VAR_ARM_MISSING_slots=[2]
mtdbD00063508|Tyr|GUA|Homo sapiens	4	A	5	acceptor_5	TRNAinf-euk.cm	False	T_OR_VAR_ARM_MISSING_slots=[2]
mtdbD00063508|Tyr|GUA|Homo sapiens	5	A	6	acceptor_5	TRNAinf-euk.cm	False	T_OR_VAR_ARM_MISSING_slots=[2]
mtdbD00063508|Tyr|GUA|Homo sapiens	6	A	7	acceptor_5	TRNAinf-euk.cm	False	T_OR_VAR_ARM_MISSING_slots=[2]
mtdbD00063508|Tyr|GUA|Homo sapiens	7	U	8	connector_AD	TRNAinf-euk.cm	False	T_OR_VAR_ARM_MISSING_slots=[2]
mtdbD00063508|Tyr|GUA|Homo sapiens	8	G	9	connector_AD	TRNAinf-euk.cm	False	T_OR_VAR_ARM_MISSING_slots=[2]
mtdbD00063508|Tyr|GUA|Homo sapiens	9	G	10	D_stem_5	TRNAinf-euk.cm	False	T_OR_VAR_ARM_MISSING_slots=[2]
mtdbD00063508|Tyr|GUA|Homo sapiens	10	C	11	D_stem_5	TRNAinf-euk.cm	False	T_OR_VAR_ARM_MISSING_slots=[2]
mtdbD00063508|Tyr|GUA|Homo sapiens	11	U	12	D_stem_5	TRNAinf-euk.cm	False	T_OR_VAR_ARM_MISSING_slots=[2]
mtdbD00063508|Tyr|GUA|Homo sapiens	12	G	13	D_stem_5	TRNAinf-euk.cm	False	T_OR_VAR_ARM_MISSING_slots=[2]
mtdbD00063508|Tyr|GUA|Homo sapiens	13	A	14	D_loop	TRNAinf-euk.cm	False	T_OR_VAR_ARM_MISSING_slots=[2]
mtdbD00063508|Tyr|GUA|Homo sapiens	14	G	15	D_loop	TRNAinf-euk.cm	False	T_OR_VAR_ARM_MISSING_slots=[2]
mtdbD00063508|Tyr|GUA|Homo sapiens	15	U	16	D_loop	TRNAinf-euk.cm	False	T_OR_VAR_ARM_MISSING_slots=[2]
mtdbD00063508|Tyr|GUA|Homo sapiens	16	G	17	D_loop	TRNAinf-euk.cm	False	T_OR_VAR_ARM_MISSING_slots=[2]
mtdbD00063508|Tyr|GUA|Homo sapiens	17	A	22	D_stem_3	TRNAinf-euk.cm	False	T_OR_VAR_ARM_MISSING_slots=[2]
mtdbD00063508|Tyr|GUA|Homo sapiens	18	A	23	D_stem_3	TRNAinf-euk.cm	False	T_OR_VAR_ARM_MISSING_slots=[2]
mtdbD00063508|Tyr|GUA|Homo sapiens	19	G	24	D_stem_3	TRNAinf-euk.cm	False	T_OR_VAR_ARM_MISSING_slots=[2]
mtdbD00063508|Tyr|GUA|Homo sapiens	20	C	25	D_stem_3	TRNAinf-euk.cm	False	T_OR_VAR_ARM_MISSING_slots=[2]
mtdbD00063508|Tyr|GUA|Homo sapiens	21	A	26	connector_DC	TRNAinf-euk.cm	False	T_OR_VAR_ARM_MISSING_slots=[2]
mtdbD00063508|Tyr|GUA|Homo sapiens	22	U	27	C_stem_5	TRNAinf-euk.cm	False	T_OR_VAR_ARM_MISSING_slots=[2]
mtdbD00063508|Tyr|GUA|Homo sapiens	23	U	28	C_stem_5	TRNAinf-euk.cm	False	T_OR_VAR_ARM_MISSING_slots=[2]
mtdbD00063508|Tyr|GUA|Homo sapiens	24	G	29	C_stem_5	TRNAinf-euk.cm	False	T_OR_VAR_ARM_MISSING_slots=[2]
mtdbD00063508|Tyr|GUA|Homo sapiens	25	G	30	C_stem_5	TRNAinf-euk.cm	False	T_OR_VAR_ARM_MISSING_slots=[2]
mtdbD00063508|Tyr|GUA|Homo sapiens	26	A	31	C_stem_5	TRNAinf-euk.cm	False	T_OR_VAR_ARM_MISSING_slots=[2]
mtdbD00063508|Tyr|GUA|Homo sapiens	27	C	32	C_loop	TRNAinf-euk.cm	False	T_OR_VAR_ARM_MISSING_slots=[2]
mtdbD00063508|Tyr|GUA|Homo sapiens	28	U	33	C_loop	TRNAinf-euk.cm	False	T_OR_VAR_ARM_MISSING_slots=[2]
mtdbD00063508|Tyr|GUA|Homo sapiens	29	G	34	C_loop	TRNAinf-euk.cm	False	T_OR_VAR_ARM_MISSING_slots=[2]
mtdbD00063508|Tyr|GUA|Homo sapiens	30	U	35	C_loop	TRNAinf-euk.cm	False	T_OR_VAR_ARM_MISSING_slots=[2]
mtdbD00063508|Tyr|GUA|Homo sapiens	31	A	36	C_loop	TRNAinf-euk.cm	False	T_OR_VAR_ARM_MISSING_slots=[2]
mtdbD00063508|Tyr|GUA|Homo sapiens	32	A	37	C_loop	TRNAinf-euk.cm	False	T_OR_VAR_ARM_MISSING_slots=[2]
mtdbD00063508|Tyr|GUA|Homo sapiens	33	A	38	C_loop	TRNAinf-euk.cm	False	T_OR_VAR_ARM_MISSING_slots=[2]
mtdbD00063508|Tyr|GUA|Homo sapiens	34	U	39	C_stem_3	TRNAinf-euk.cm	False	T_OR_VAR_ARM_MISSING_slots=[2]
mtdbD00063508|Tyr|GUA|Homo sapiens	35	C	40	C_stem_3	TRNAinf-euk.cm	False	T_OR_VAR_ARM_MISSING_slots=[2]
mtdbD00063508|Tyr|GUA|Homo sapiens	36	U	41	C_stem_3	TRNAinf-euk.cm	False	T_OR_VAR_ARM_MISSING_slots=[2]
mtdbD00063508|Tyr|GUA|Homo sapiens	37	A	42	C_stem_3	TRNAinf-euk.cm	False	T_OR_VAR_ARM_MISSING_slots=[2]
mtdbD00063508|Tyr|GUA|Homo sapiens	38	A	43	C_stem_3	TRNAinf-euk.cm	False	T_OR_VAR_ARM_MISSING_slots=[2]
mtdbD00063508|Tyr|GUA|Homo sapiens	39	A	44	V_loop	TRNAinf-euk.cm	False	T_OR_VAR_ARM_MISSING_slots=[2]
mtdbD00063508|Tyr|GUA|Homo sapiens	40	G	45	V_loop	TRNAinf-euk.cm	False	T_OR_VAR_ARM_MISSING_slots=[2]
mtdbD00063508|Tyr|GUA|Homo sapiens	41	A	46	V_loop	TRNAinf-euk.cm	False	T_OR_VAR_ARM_MISSING_slots=[2]
mtdbD00063508|Tyr|GUA|Homo sapiens	42	C	47	V_loop	TRNAinf-euk.cm	False	T_OR_VAR_ARM_MISSING_slots=[2]
mtdbD00063508|Tyr|GUA|Homo sapiens	43	A	49	T_stem_5	TRNAinf-euk.cm	False	T_OR_VAR_ARM_MISSING_slots=[2]
mtdbD00063508|Tyr|GUA|Homo sapiens	44	G	50	T_stem_5	TRNAinf-euk.cm	False	T_OR_VAR_ARM_MISSING_slots=[2]
mtdbD00063508|Tyr|GUA|Homo sapiens	45	G	51	T_stem_5	TRNAinf-euk.cm	False	T_OR_VAR_ARM_MISSING_slots=[2]
mtdbD00063508|Tyr|GUA|Homo sapiens	46	G	52	T_stem_5	TRNAinf-euk.cm	False	T_OR_VAR_ARM_MISSING_slots=[2]
mtdbD00063508|Tyr|GUA|Homo sapiens	47	G	53	T_stem_5	TRNAinf-euk.cm	False	T_OR_VAR_ARM_MISSING_slots=[2]
mtdbD00063508|Tyr|GUA|Homo sapiens	48	U	54	T_loop	TRNAinf-euk.cm	False	T_OR_VAR_ARM_MISSING_slots=[2]
mtdbD00063508|Tyr|GUA|Homo sapiens	49	U	55	T_loop	TRNAinf-euk.cm	False	T_OR_VAR_ARM_MISSING_slots=[2]
mtdbD00063508|Tyr|GUA|Homo sapiens	50	A	56	T_loop	TRNAinf-euk.cm	False	T_OR_VAR_ARM_MISSING_slots=[2]
mtdbD00063508|Tyr|GUA|Homo sapiens	51	G	57	T_loop	TRNAinf-euk.cm	False	T_OR_VAR_ARM_MISSING_slots=[2]
mtdbD00063508|Tyr|GUA|Homo sapiens	52	G	58	T_loop	TRNAinf-euk.cm	False	T_OR_VAR_ARM_MISSING_slots=[2]
mtdbD00063508|Tyr|GUA|Homo sapiens	53	C	61	T_stem_3	TRNAinf-euk.cm	False	T_OR_VAR_ARM_MISSING_slots=[2]
mtdbD00063508|Tyr|GUA|Homo sapiens	54	C	62	T_stem_3	TRNAinf-euk.cm	False	T_OR_VAR_ARM_MISSING_slots=[2]
mtdbD00063508|Tyr|GUA|Homo sapiens	55	U	63	T_stem_3	TRNAinf-euk.cm	False	T_OR_VAR_ARM_MISSING_slots=[2]
mtdbD00063508|Tyr|GUA|Homo sapiens	56	C	64	T_stem_3	TRNAinf-euk.cm	False	T_OR_VAR_ARM_MISSING_slots=[2]
mtdbD00063508|Tyr|GUA|Homo sapiens	57	U	65	T_stem_3	TRNAinf-euk.cm	False	T_OR_VAR_ARM_MISSING_slots=[2]
mtdbD00063508|Tyr|GUA|Homo sapiens	58	U	66	acceptor_3	TRNAinf-euk.cm	False	T_OR_VAR_ARM_MISSING_slots=[2]
mtdbD00063508|Tyr|GUA|Homo sapiens	59	U	67	acceptor_3	TRNAinf-euk.cm	False	T_OR_VAR_ARM_MISSING_slots=[2]
mtdbD00063508|Tyr|GUA|Homo sapiens	60	U	68	acceptor_3	TRNAinf-euk.cm	False	T_OR_VAR_ARM_MISSING_slots=[2]
mtdbD00063508|Tyr|GUA|Homo sapiens	61	U	69	acceptor_3	TRNAinf-euk.cm	False	T_OR_VAR_ARM_MISSING_slots=[2]
mtdbD00063508|Tyr|GUA|Homo sapiens	62	A	70	acceptor_3	TRNAinf-euk.cm	False	T_OR_VAR_ARM_MISSING_slots=[2]
mtdbD00063508|Tyr|GUA|Homo sapiens	63	C	71	acceptor_3	TRNAinf-euk.cm	False	T_OR_VAR_ARM_MISSING_slots=[2]
mtdbD00063508|Tyr|GUA|Homo sapiens	64	C	72	acceptor_3	TRNAinf-euk.cm	False	T_OR_VAR_ARM_MISSING_slots=[2]
mtdbD00063508|Tyr|GUA|Homo sapiens	65	A	73	discriminator_CCA	TRNAinf-euk.cm	False	T_OR_VAR_ARM_MISSING_slots=[2]
mtdbD00063509|Ser2|UGA|Homo sapiens	0	G	1	acceptor_5	TRNAinf-euk.cm	False	T_OR_VAR_ARM_MISSING_slots=[2]
mtdbD00063509|Ser2|UGA|Homo sapiens	1	A	2	acceptor_5	TRNAinf-euk.cm	False	T_OR_VAR_ARM_MISSING_slots=[2]
mtdbD00063509|Ser2|UGA|Homo sapiens	2	A	3	acceptor_5	TRNAinf-euk.cm	False	T_OR_VAR_ARM_MISSING_slots=[2]
mtdbD00063509|Ser2|UGA|Homo sapiens	3	A	4	acceptor_5	TRNAinf-euk.cm	False	T_OR_VAR_ARM_MISSING_slots=[2]
mtdbD00063509|Ser2|UGA|Homo sapiens	4	A	5	acceptor_5	TRNAinf-euk.cm	False	T_OR_VAR_ARM_MISSING_slots=[2]
mtdbD00063509|Ser2|UGA|Homo sapiens	5	A	6	acceptor_5	TRNAinf-euk.cm	False	T_OR_VAR_ARM_MISSING_slots=[2]
mtdbD00063509|Ser2|UGA|Homo sapiens	6	G	7	acceptor_5	TRNAinf-euk.cm	False	T_OR_VAR_ARM_MISSING_slots=[2]
mtdbD00063509|Ser2|UGA|Homo sapiens	7	U	8	connector_AD	TRNAinf-euk.cm	False	T_OR_VAR_ARM_MISSING_slots=[2]
mtdbD00063509|Ser2|UGA|Homo sapiens	8	C	9	connector_AD	TRNAinf-euk.cm	False	T_OR_VAR_ARM_MISSING_slots=[2]
mtdbD00063509|Ser2|UGA|Homo sapiens	9	A	10	D_stem_5	TRNAinf-euk.cm	False	T_OR_VAR_ARM_MISSING_slots=[2]
mtdbD00063509|Ser2|UGA|Homo sapiens	10	U	11	D_stem_5	TRNAinf-euk.cm	False	T_OR_VAR_ARM_MISSING_slots=[2]
mtdbD00063509|Ser2|UGA|Homo sapiens	11	G	12	D_stem_5	TRNAinf-euk.cm	False	T_OR_VAR_ARM_MISSING_slots=[2]
mtdbD00063509|Ser2|UGA|Homo sapiens	12	G	13	D_stem_5	TRNAinf-euk.cm	False	T_OR_VAR_ARM_MISSING_slots=[2]
mtdbD00063509|Ser2|UGA|Homo sapiens	13	A	14	D_loop	TRNAinf-euk.cm	False	T_OR_VAR_ARM_MISSING_slots=[2]
mtdbD00063509|Ser2|UGA|Homo sapiens	14	G	15	D_loop	TRNAinf-euk.cm	False	T_OR_VAR_ARM_MISSING_slots=[2]
mtdbD00063509|Ser2|UGA|Homo sapiens	15	G	16	D_loop	TRNAinf-euk.cm	False	T_OR_VAR_ARM_MISSING_slots=[2]
mtdbD00063509|Ser2|UGA|Homo sapiens	16	C	17	D_loop	TRNAinf-euk.cm	False	T_OR_VAR_ARM_MISSING_slots=[2]
mtdbD00063509|Ser2|UGA|Homo sapiens	17	C	17a	D_loop	TRNAinf-euk.cm	False	T_OR_VAR_ARM_MISSING_slots=[2]
mtdbD00063509|Ser2|UGA|Homo sapiens	18	A	18	D_loop	TRNAinf-euk.cm	False	T_OR_VAR_ARM_MISSING_slots=[2]
mtdbD00063509|Ser2|UGA|Homo sapiens	19	U	66	acceptor_3	TRNAinf-euk.cm	False	T_OR_VAR_ARM_MISSING_slots=[2]
mtdbD00063509|Ser2|UGA|Homo sapiens	20	G	67	acceptor_3	TRNAinf-euk.cm	False	T_OR_VAR_ARM_MISSING_slots=[2]
mtdbD00063509|Ser2|UGA|Homo sapiens	21	G	68	acceptor_3	TRNAinf-euk.cm	False	T_OR_VAR_ARM_MISSING_slots=[2]
mtdbD00063509|Ser2|UGA|Homo sapiens	22	G			TRNAinf-euk.cm	False	T_OR_VAR_ARM_MISSING_slots=[2]
mtdbD00063509|Ser2|UGA|Homo sapiens	23	G			TRNAinf-euk.cm	False	T_OR_VAR_ARM_MISSING_slots=[2]
mtdbD00063509|Ser2|UGA|Homo sapiens	24	U			TRNAinf-euk.cm	False	T_OR_VAR_ARM_MISSING_slots=[2]
mtdbD00063509|Ser2|UGA|Homo sapiens	25	U			TRNAinf-euk.cm	False	T_OR_VAR_ARM_MISSING_slots=[2]
mtdbD00063509|Ser2|UGA|Homo sapiens	26	G			TRNAinf-euk.cm	False	T_OR_VAR_ARM_MISSING_slots=[2]
mtdbD00063509|Ser2|UGA|Homo sapiens	27	G			TRNAinf-euk.cm	False	T_OR_VAR_ARM_MISSING_slots=[2]
mtdbD00063509|Ser2|UGA|Homo sapiens	28	C			TRNAinf-euk.cm	False	T_OR_VAR_ARM_MISSING_slots=[2]
mtdbD00063509|Ser2|UGA|Homo sapiens	29	U			TRNAinf-euk.cm	False	T_OR_VAR_ARM_MISSING_slots=[2]
mtdbD00063509|Ser2|UGA|Homo sapiens	30	U			TRNAinf-euk.cm	False	T_OR_VAR_ARM_MISSING_slots=[2]
mtdbD00063509|Ser2|UGA|Homo sapiens	31	G			TRNAinf-euk.cm	False	T_OR_VAR_ARM_MISSING_slots=[2]
mtdbD00063509|Ser2|UGA|Homo sapiens	32	A			TRNAinf-euk.cm	False	T_OR_VAR_ARM_MISSING_slots=[2]
mtdbD00063509|Ser2|UGA|Homo sapiens	33	A			TRNAinf-euk.cm	False	T_OR_VAR_ARM_MISSING_slots=[2]
mtdbD00063509|Ser2|UGA|Homo sapiens	34	A			TRNAinf-euk.cm	False	T_OR_VAR_ARM_MISSING_slots=[2]
mtdbD00063509|Ser2|UGA|Homo sapiens	35	C			TRNAinf-euk.cm	False	T_OR_VAR_ARM_MISSING_slots=[2]
mtdbD00063509|Ser2|UGA|Homo sapiens	36	C			TRNAinf-euk.cm	False	T_OR_VAR_ARM_MISSING_slots=[2]
mtdbD00063509|Ser2|UGA|Homo sapiens	37	A			TRNAinf-euk.cm	False	T_OR_VAR_ARM_MISSING_slots=[2]
mtdbD00063509|Ser2|UGA|Homo sapiens	38	G			TRNAinf-euk.cm	False	T_OR_VAR_ARM_MISSING_slots=[2]
mtdbD00063509|Ser2|UGA|Homo sapiens	39	C			TRNAinf-euk.cm	False	T_OR_VAR_ARM_MISSING_slots=[2]
mtdbD00063509|Ser2|UGA|Homo sapiens	40	U			TRNAinf-euk.cm	False	T_OR_VAR_ARM_MISSING_slots=[2]
mtdbD00063509|Ser2|UGA|Homo sapiens	41	U			TRNAinf-euk.cm	False	T_OR_VAR_ARM_MISSING_slots=[2]
mtdbD00063509|Ser2|UGA|Homo sapiens	42	U			TRNAinf-euk.cm	False	T_OR_VAR_ARM_MISSING_slots=[2]
mtdbD00063509|Ser2|UGA|Homo sapiens	43	G			TRNAinf-euk.cm	False	T_OR_VAR_ARM_MISSING_slots=[2]
mtdbD00063509|Ser2|UGA|Homo sapiens	44	G			TRNAinf-euk.cm	False	T_OR_VAR_ARM_MISSING_slots=[2]
mtdbD00063509|Ser2|UGA|Homo sapiens	45	G			TRNAinf-euk.cm	False	T_OR_VAR_ARM_MISSING_slots=[2]
mtdbD00063509|Ser2|UGA|Homo sapiens	46	G			TRNAinf-euk.cm	False	T_OR_VAR_ARM_MISSING_slots=[2]
mtdbD00063509|Ser2|UGA|Homo sapiens	47	G			TRNAinf-euk.cm	False	T_OR_VAR_ARM_MISSING_slots=[2]
mtdbD00063509|Ser2|UGA|Homo sapiens	48	G			TRNAinf-euk.cm	False	T_OR_VAR_ARM_MISSING_slots=[2]
mtdbD00063509|Ser2|UGA|Homo sapiens	49	U			TRNAinf-euk.cm	False	T_OR_VAR_ARM_MISSING_slots=[2]
mtdbD00063509|Ser2|UGA|Homo sapiens	50	U			TRNAinf-euk.cm	False	T_OR_VAR_ARM_MISSING_slots=[2]
mtdbD00063509|Ser2|UGA|Homo sapiens	51	C			TRNAinf-euk.cm	False	T_OR_VAR_ARM_MISSING_slots=[2]
mtdbD00063509|Ser2|UGA|Homo sapiens	52	G			TRNAinf-euk.cm	False	T_OR_VAR_ARM_MISSING_slots=[2]
mtdbD00063509|Ser2|UGA|Homo sapiens	53	A			TRNAinf-euk.cm	False	T_OR_VAR_ARM_MISSING_slots=[2]
mtdbD00063509|Ser2|UGA|Homo sapiens	54	U			TRNAinf-euk.cm	False	T_OR_VAR_ARM_MISSING_slots=[2]
mtdbD00063509|Ser2|UGA|Homo sapiens	55	U			TRNAinf-euk.cm	False	T_OR_VAR_ARM_MISSING_slots=[2]
mtdbD00063509|Ser2|UGA|Homo sapiens	56	C			TRNAinf-euk.cm	False	T_OR_VAR_ARM_MISSING_slots=[2]
mtdbD00063509|Ser2|UGA|Homo sapiens	57	C			TRNAinf-euk.cm	False	T_OR_VAR_ARM_MISSING_slots=[2]
mtdbD00063509|Ser2|UGA|Homo sapiens	58	U			TRNAinf-euk.cm	False	T_OR_VAR_ARM_MISSING_slots=[2]
mtdbD00063509|Ser2|UGA|Homo sapiens	59	U			TRNAinf-euk.cm	False	T_OR_VAR_ARM_MISSING_slots=[2]
mtdbD00063509|Ser2|UGA|Homo sapiens	60	C			TRNAinf-euk.cm	False	T_OR_VAR_ARM_MISSING_slots=[2]
mtdbD00063509|Ser2|UGA|Homo sapiens	61	C	69	acceptor_3	TRNAinf-euk.cm	False	T_OR_VAR_ARM_MISSING_slots=[2]
mtdbD00063509|Ser2|UGA|Homo sapiens	62	U	70	acceptor_3	TRNAinf-euk.cm	False	T_OR_VAR_ARM_MISSING_slots=[2]
mtdbD00063509|Ser2|UGA|Homo sapiens	63	U	71	acceptor_3	TRNAinf-euk.cm	False	T_OR_VAR_ARM_MISSING_slots=[2]
mtdbD00063509|Ser2|UGA|Homo sapiens	64	U	72	acceptor_3	TRNAinf-euk.cm	False	T_OR_VAR_ARM_MISSING_slots=[2]
mtdbD00063509|Ser2|UGA|Homo sapiens	65	U	73	discriminator_CCA	TRNAinf-euk.cm	False	T_OR_VAR_ARM_MISSING_slots=[2]
mtdbD00063509|Ser2|UGA|Homo sapiens	66	U	74	discriminator_CCA	TRNAinf-euk.cm	False	T_OR_VAR_ARM_MISSING_slots=[2]
mtdbD00063509|Ser2|UGA|Homo sapiens	67	U	75	discriminator_CCA	TRNAinf-euk.cm	False	T_OR_VAR_ARM_MISSING_slots=[2]
mtdbD00063509|Ser2|UGA|Homo sapiens	68	G	76	discriminator_CCA	TRNAinf-euk.cm	False	T_OR_VAR_ARM_MISSING_slots=[2]
mtdbD00063510|Asp|GUC|Homo sapiens	0	A	1	acceptor_5	TRNAinf-euk.cm	False	T_OR_VAR_ARM_MISSING_slots=[2]
mtdbD00063510|Asp|GUC|Homo sapiens	1	A	2	acceptor_5	TRNAinf-euk.cm	False	T_OR_VAR_ARM_MISSING_slots=[2]
mtdbD00063510|Asp|GUC|Homo sapiens	2	G	3	acceptor_5	TRNAinf-euk.cm	False	T_OR_VAR_ARM_MISSING_slots=[2]
mtdbD00063510|Asp|GUC|Homo sapiens	3	G	4	acceptor_5	TRNAinf-euk.cm	False	T_OR_VAR_ARM_MISSING_slots=[2]
mtdbD00063510|Asp|GUC|Homo sapiens	4	U	5	acceptor_5	TRNAinf-euk.cm	False	T_OR_VAR_ARM_MISSING_slots=[2]
mtdbD00063510|Asp|GUC|Homo sapiens	5	A	6	acceptor_5	TRNAinf-euk.cm	False	T_OR_VAR_ARM_MISSING_slots=[2]
mtdbD00063510|Asp|GUC|Homo sapiens	6	U	7	acceptor_5	TRNAinf-euk.cm	False	T_OR_VAR_ARM_MISSING_slots=[2]
mtdbD00063510|Asp|GUC|Homo sapiens	7	U	8	connector_AD	TRNAinf-euk.cm	False	T_OR_VAR_ARM_MISSING_slots=[2]
mtdbD00063510|Asp|GUC|Homo sapiens	8	A	9	connector_AD	TRNAinf-euk.cm	False	T_OR_VAR_ARM_MISSING_slots=[2]
mtdbD00063510|Asp|GUC|Homo sapiens	9	G	10	D_stem_5	TRNAinf-euk.cm	False	T_OR_VAR_ARM_MISSING_slots=[2]
mtdbD00063510|Asp|GUC|Homo sapiens	10	A	11	D_stem_5	TRNAinf-euk.cm	False	T_OR_VAR_ARM_MISSING_slots=[2]
mtdbD00063510|Asp|GUC|Homo sapiens	11	A	12	D_stem_5	TRNAinf-euk.cm	False	T_OR_VAR_ARM_MISSING_slots=[2]
mtdbD00063510|Asp|GUC|Homo sapiens	12	A	13	D_stem_5	TRNAinf-euk.cm	False	T_OR_VAR_ARM_MISSING_slots=[2]
mtdbD00063510|Asp|GUC|Homo sapiens	13	A	14	D_loop	TRNAinf-euk.cm	False	T_OR_VAR_ARM_MISSING_slots=[2]
mtdbD00063510|Asp|GUC|Homo sapiens	14	A	15	D_loop	TRNAinf-euk.cm	False	T_OR_VAR_ARM_MISSING_slots=[2]
mtdbD00063510|Asp|GUC|Homo sapiens	15	C	16	D_loop	TRNAinf-euk.cm	False	T_OR_VAR_ARM_MISSING_slots=[2]
mtdbD00063510|Asp|GUC|Homo sapiens	16	C	17	D_loop	TRNAinf-euk.cm	False	T_OR_VAR_ARM_MISSING_slots=[2]
mtdbD00063510|Asp|GUC|Homo sapiens	17	A	17a	D_loop	TRNAinf-euk.cm	False	T_OR_VAR_ARM_MISSING_slots=[2]
mtdbD00063510|Asp|GUC|Homo sapiens	18	U	22	D_stem_3	TRNAinf-euk.cm	False	T_OR_VAR_ARM_MISSING_slots=[2]
mtdbD00063510|Asp|GUC|Homo sapiens	19	U	23	D_stem_3	TRNAinf-euk.cm	False	T_OR_VAR_ARM_MISSING_slots=[2]
mtdbD00063510|Asp|GUC|Homo sapiens	20	U	24	D_stem_3	TRNAinf-euk.cm	False	T_OR_VAR_ARM_MISSING_slots=[2]
mtdbD00063510|Asp|GUC|Homo sapiens	21	C	25	D_stem_3	TRNAinf-euk.cm	False	T_OR_VAR_ARM_MISSING_slots=[2]
mtdbD00063510|Asp|GUC|Homo sapiens	22	A	26	connector_DC	TRNAinf-euk.cm	False	T_OR_VAR_ARM_MISSING_slots=[2]
mtdbD00063510|Asp|GUC|Homo sapiens	23	U	27	C_stem_5	TRNAinf-euk.cm	False	T_OR_VAR_ARM_MISSING_slots=[2]
mtdbD00063510|Asp|GUC|Homo sapiens	24	A	28	C_stem_5	TRNAinf-euk.cm	False	T_OR_VAR_ARM_MISSING_slots=[2]
mtdbD00063510|Asp|GUC|Homo sapiens	25	A	29	C_stem_5	TRNAinf-euk.cm	False	T_OR_VAR_ARM_MISSING_slots=[2]
mtdbD00063510|Asp|GUC|Homo sapiens	26	C	30	C_stem_5	TRNAinf-euk.cm	False	T_OR_VAR_ARM_MISSING_slots=[2]
mtdbD00063510|Asp|GUC|Homo sapiens	27	U	31	C_stem_5	TRNAinf-euk.cm	False	T_OR_VAR_ARM_MISSING_slots=[2]
mtdbD00063510|Asp|GUC|Homo sapiens	28	U	32	C_loop	TRNAinf-euk.cm	False	T_OR_VAR_ARM_MISSING_slots=[2]
mtdbD00063510|Asp|GUC|Homo sapiens	29	U	33	C_loop	TRNAinf-euk.cm	False	T_OR_VAR_ARM_MISSING_slots=[2]
mtdbD00063510|Asp|GUC|Homo sapiens	30	G	34	C_loop	TRNAinf-euk.cm	False	T_OR_VAR_ARM_MISSING_slots=[2]
mtdbD00063510|Asp|GUC|Homo sapiens	31	U	35	C_loop	TRNAinf-euk.cm	False	T_OR_VAR_ARM_MISSING_slots=[2]
mtdbD00063510|Asp|GUC|Homo sapiens	32	C	36	C_loop	TRNAinf-euk.cm	False	T_OR_VAR_ARM_MISSING_slots=[2]
mtdbD00063510|Asp|GUC|Homo sapiens	33	A	37	C_loop	TRNAinf-euk.cm	False	T_OR_VAR_ARM_MISSING_slots=[2]
mtdbD00063510|Asp|GUC|Homo sapiens	34	A	38	C_loop	TRNAinf-euk.cm	False	T_OR_VAR_ARM_MISSING_slots=[2]
mtdbD00063510|Asp|GUC|Homo sapiens	35	A	39	C_stem_3	TRNAinf-euk.cm	False	T_OR_VAR_ARM_MISSING_slots=[2]
mtdbD00063510|Asp|GUC|Homo sapiens	36	G	40	C_stem_3	TRNAinf-euk.cm	False	T_OR_VAR_ARM_MISSING_slots=[2]
mtdbD00063510|Asp|GUC|Homo sapiens	37	U	41	C_stem_3	TRNAinf-euk.cm	False	T_OR_VAR_ARM_MISSING_slots=[2]
mtdbD00063510|Asp|GUC|Homo sapiens	38	U	42	C_stem_3	TRNAinf-euk.cm	False	T_OR_VAR_ARM_MISSING_slots=[2]
mtdbD00063510|Asp|GUC|Homo sapiens	39	A	43	C_stem_3	TRNAinf-euk.cm	False	T_OR_VAR_ARM_MISSING_slots=[2]
mtdbD00063510|Asp|GUC|Homo sapiens	40	A	44	V_loop	TRNAinf-euk.cm	False	T_OR_VAR_ARM_MISSING_slots=[2]
mtdbD00063510|Asp|GUC|Homo sapiens	41	A	45	V_loop	TRNAinf-euk.cm	False	T_OR_VAR_ARM_MISSING_slots=[2]
mtdbD00063510|Asp|GUC|Homo sapiens	42	U	46	V_loop	TRNAinf-euk.cm	False	T_OR_VAR_ARM_MISSING_slots=[2]
mtdbD00063510|Asp|GUC|Homo sapiens	43	U	47	V_loop	TRNAinf-euk.cm	False	T_OR_VAR_ARM_MISSING_slots=[2]
mtdbD00063510|Asp|GUC|Homo sapiens	44	A	49	T_stem_5	TRNAinf-euk.cm	False	T_OR_VAR_ARM_MISSING_slots=[2]
mtdbD00063510|Asp|GUC|Homo sapiens	45	U	50	T_stem_5	TRNAinf-euk.cm	False	T_OR_VAR_ARM_MISSING_slots=[2]
mtdbD00063510|Asp|GUC|Homo sapiens	46	A	51	T_stem_5	TRNAinf-euk.cm	False	T_OR_VAR_ARM_MISSING_slots=[2]
mtdbD00063510|Asp|GUC|Homo sapiens	47	G	52	T_stem_5	TRNAinf-euk.cm	False	T_OR_VAR_ARM_MISSING_slots=[2]
mtdbD00063510|Asp|GUC|Homo sapiens	48	G	53	T_stem_5	TRNAinf-euk.cm	False	T_OR_VAR_ARM_MISSING_slots=[2]
mtdbD00063510|Asp|GUC|Homo sapiens	49	C	54	T_loop	TRNAinf-euk.cm	False	T_OR_VAR_ARM_MISSING_slots=[2]
mtdbD00063510|Asp|GUC|Homo sapiens	50	U	55	T_loop	TRNAinf-euk.cm	False	T_OR_VAR_ARM_MISSING_slots=[2]
mtdbD00063510|Asp|GUC|Homo sapiens	51	A	56	T_loop	TRNAinf-euk.cm	False	T_OR_VAR_ARM_MISSING_slots=[2]
mtdbD00063510|Asp|GUC|Homo sapiens	52	A	57	T_loop	TRNAinf-euk.cm	False	T_OR_VAR_ARM_MISSING_slots=[2]
mtdbD00063510|Asp|GUC|Homo sapiens	53	A	58	T_loop	TRNAinf-euk.cm	False	T_OR_VAR_ARM_MISSING_slots=[2]
mtdbD00063510|Asp|GUC|Homo sapiens	54	U	59	T_loop	TRNAinf-euk.cm	False	T_OR_VAR_ARM_MISSING_slots=[2]
mtdbD00063510|Asp|GUC|Homo sapiens	55	C	61	T_stem_3	TRNAinf-euk.cm	False	T_OR_VAR_ARM_MISSING_slots=[2]
mtdbD00063510|Asp|GUC|Homo sapiens	56	C	62	T_stem_3	TRNAinf-euk.cm	False	T_OR_VAR_ARM_MISSING_slots=[2]
mtdbD00063510|Asp|GUC|Homo sapiens	57	U	63	T_stem_3	TRNAinf-euk.cm	False	T_OR_VAR_ARM_MISSING_slots=[2]
mtdbD00063510|Asp|GUC|Homo sapiens	58	A	64	T_stem_3	TRNAinf-euk.cm	False	T_OR_VAR_ARM_MISSING_slots=[2]
mtdbD00063510|Asp|GUC|Homo sapiens	59	U	65	T_stem_3	TRNAinf-euk.cm	False	T_OR_VAR_ARM_MISSING_slots=[2]
mtdbD00063510|Asp|GUC|Homo sapiens	60	A	66	acceptor_3	TRNAinf-euk.cm	False	T_OR_VAR_ARM_MISSING_slots=[2]
mtdbD00063510|Asp|GUC|Homo sapiens	61	U	67	acceptor_3	TRNAinf-euk.cm	False	T_OR_VAR_ARM_MISSING_slots=[2]
mtdbD00063510|Asp|GUC|Homo sapiens	62	A	68	acceptor_3	TRNAinf-euk.cm	False	T_OR_VAR_ARM_MISSING_slots=[2]
mtdbD00063510|Asp|GUC|Homo sapiens	63	U	69	acceptor_3	TRNAinf-euk.cm	False	T_OR_VAR_ARM_MISSING_slots=[2]
mtdbD00063510|Asp|GUC|Homo sapiens	64	C	70	acceptor_3	TRNAinf-euk.cm	False	T_OR_VAR_ARM_MISSING_slots=[2]
mtdbD00063510|Asp|GUC|Homo sapiens	65	U	71	acceptor_3	TRNAinf-euk.cm	False	T_OR_VAR_ARM_MISSING_slots=[2]
mtdbD00063510|Asp|GUC|Homo sapiens	66	U	72	acceptor_3	TRNAinf-euk.cm	False	T_OR_VAR_ARM_MISSING_slots=[2]
mtdbD00063510|Asp|GUC|Homo sapiens	67	A	73	discriminator_CCA	TRNAinf-euk.cm	False	T_OR_VAR_ARM_MISSING_slots=[2]
mtdbD00063511|Lys|UUU|Homo sapiens	0	C	1	acceptor_5	TRNAinf-euk.cm	False	T_OR_VAR_ARM_MISSING_slots=[2]
mtdbD00063511|Lys|UUU|Homo sapiens	1	A	2	acceptor_5	TRNAinf-euk.cm	False	T_OR_VAR_ARM_MISSING_slots=[2]
mtdbD00063511|Lys|UUU|Homo sapiens	2	C	3	acceptor_5	TRNAinf-euk.cm	False	T_OR_VAR_ARM_MISSING_slots=[2]
mtdbD00063511|Lys|UUU|Homo sapiens	3	U	4	acceptor_5	TRNAinf-euk.cm	False	T_OR_VAR_ARM_MISSING_slots=[2]
mtdbD00063511|Lys|UUU|Homo sapiens	4	G	5	acceptor_5	TRNAinf-euk.cm	False	T_OR_VAR_ARM_MISSING_slots=[2]
mtdbD00063511|Lys|UUU|Homo sapiens	5	U	6	acceptor_5	TRNAinf-euk.cm	False	T_OR_VAR_ARM_MISSING_slots=[2]
mtdbD00063511|Lys|UUU|Homo sapiens	6	A	7	acceptor_5	TRNAinf-euk.cm	False	T_OR_VAR_ARM_MISSING_slots=[2]
mtdbD00063511|Lys|UUU|Homo sapiens	7	A	8	connector_AD	TRNAinf-euk.cm	False	T_OR_VAR_ARM_MISSING_slots=[2]
mtdbD00063511|Lys|UUU|Homo sapiens	8	A	9	connector_AD	TRNAinf-euk.cm	False	T_OR_VAR_ARM_MISSING_slots=[2]
mtdbD00063511|Lys|UUU|Homo sapiens	9	G	10	D_stem_5	TRNAinf-euk.cm	False	T_OR_VAR_ARM_MISSING_slots=[2]
mtdbD00063511|Lys|UUU|Homo sapiens	10	C	11	D_stem_5	TRNAinf-euk.cm	False	T_OR_VAR_ARM_MISSING_slots=[2]
mtdbD00063511|Lys|UUU|Homo sapiens	11	U	12	D_stem_5	TRNAinf-euk.cm	False	T_OR_VAR_ARM_MISSING_slots=[2]
mtdbD00063511|Lys|UUU|Homo sapiens	12	A	13	D_stem_5	TRNAinf-euk.cm	False	T_OR_VAR_ARM_MISSING_slots=[2]
mtdbD00063511|Lys|UUU|Homo sapiens	13	A	14	D_loop	TRNAinf-euk.cm	False	T_OR_VAR_ARM_MISSING_slots=[2]
mtdbD00063511|Lys|UUU|Homo sapiens	14	C	15	D_loop	TRNAinf-euk.cm	False	T_OR_VAR_ARM_MISSING_slots=[2]
mtdbD00063511|Lys|UUU|Homo sapiens	15	U	16	D_loop	TRNAinf-euk.cm	False	T_OR_VAR_ARM_MISSING_slots=[2]
mtdbD00063511|Lys|UUU|Homo sapiens	16	U	22	D_stem_3	TRNAinf-euk.cm	False	T_OR_VAR_ARM_MISSING_slots=[2]
mtdbD00063511|Lys|UUU|Homo sapiens	17	A	23	D_stem_3	TRNAinf-euk.cm	False	T_OR_VAR_ARM_MISSING_slots=[2]
mtdbD00063511|Lys|UUU|Homo sapiens	18	G	24	D_stem_3	TRNAinf-euk.cm	False	T_OR_VAR_ARM_MISSING_slots=[2]
mtdbD00063511|Lys|UUU|Homo sapiens	19	C	25	D_stem_3	TRNAinf-euk.cm	False	T_OR_VAR_ARM_MISSING_slots=[2]
mtdbD00063511|Lys|UUU|Homo sapiens	20	A	26	connector_DC	TRNAinf-euk.cm	False	T_OR_VAR_ARM_MISSING_slots=[2]
mtdbD00063511|Lys|UUU|Homo sapiens	21	U	27	C_stem_5	TRNAinf-euk.cm	False	T_OR_VAR_ARM_MISSING_slots=[2]
mtdbD00063511|Lys|UUU|Homo sapiens	22	U	28	C_stem_5	TRNAinf-euk.cm	False	T_OR_VAR_ARM_MISSING_slots=[2]
mtdbD00063511|Lys|UUU|Homo sapiens	23	A	29	C_stem_5	TRNAinf-euk.cm	False	T_OR_VAR_ARM_MISSING_slots=[2]
mtdbD00063511|Lys|UUU|Homo sapiens	24	A	30	C_stem_5	TRNAinf-euk.cm	False	T_OR_VAR_ARM_MISSING_slots=[2]
mtdbD00063511|Lys|UUU|Homo sapiens	25	C	31	C_stem_5	TRNAinf-euk.cm	False	T_OR_VAR_ARM_MISSING_slots=[2]
mtdbD00063511|Lys|UUU|Homo sapiens	26	C	32	C_loop	TRNAinf-euk.cm	False	T_OR_VAR_ARM_MISSING_slots=[2]
mtdbD00063511|Lys|UUU|Homo sapiens	27	U	33	C_loop	TRNAinf-euk.cm	False	T_OR_VAR_ARM_MISSING_slots=[2]
mtdbD00063511|Lys|UUU|Homo sapiens	28	U	34	C_loop	TRNAinf-euk.cm	False	T_OR_VAR_ARM_MISSING_slots=[2]
mtdbD00063511|Lys|UUU|Homo sapiens	29	U	35	C_loop	TRNAinf-euk.cm	False	T_OR_VAR_ARM_MISSING_slots=[2]
mtdbD00063511|Lys|UUU|Homo sapiens	30	U	36	C_loop	TRNAinf-euk.cm	False	T_OR_VAR_ARM_MISSING_slots=[2]
mtdbD00063511|Lys|UUU|Homo sapiens	31	A	37	C_loop	TRNAinf-euk.cm	False	T_OR_VAR_ARM_MISSING_slots=[2]
mtdbD00063511|Lys|UUU|Homo sapiens	32	A	38	C_loop	TRNAinf-euk.cm	False	T_OR_VAR_ARM_MISSING_slots=[2]
mtdbD00063511|Lys|UUU|Homo sapiens	33	G	39	C_stem_3	TRNAinf-euk.cm	False	T_OR_VAR_ARM_MISSING_slots=[2]
mtdbD00063511|Lys|UUU|Homo sapiens	34	U	40	C_stem_3	TRNAinf-euk.cm	False	T_OR_VAR_ARM_MISSING_slots=[2]
mtdbD00063511|Lys|UUU|Homo sapiens	35	U	41	C_stem_3	TRNAinf-euk.cm	False	T_OR_VAR_ARM_MISSING_slots=[2]
mtdbD00063511|Lys|UUU|Homo sapiens	36	A	42	C_stem_3	TRNAinf-euk.cm	False	T_OR_VAR_ARM_MISSING_slots=[2]
mtdbD00063511|Lys|UUU|Homo sapiens	37	A	43	C_stem_3	TRNAinf-euk.cm	False	T_OR_VAR_ARM_MISSING_slots=[2]
mtdbD00063511|Lys|UUU|Homo sapiens	38	A	44	V_loop	TRNAinf-euk.cm	False	T_OR_VAR_ARM_MISSING_slots=[2]
mtdbD00063511|Lys|UUU|Homo sapiens	39	G	45	V_loop	TRNAinf-euk.cm	False	T_OR_VAR_ARM_MISSING_slots=[2]
mtdbD00063511|Lys|UUU|Homo sapiens	40	A	46	V_loop	TRNAinf-euk.cm	False	T_OR_VAR_ARM_MISSING_slots=[2]
mtdbD00063511|Lys|UUU|Homo sapiens	41	U	47	V_loop	TRNAinf-euk.cm	False	T_OR_VAR_ARM_MISSING_slots=[2]
mtdbD00063511|Lys|UUU|Homo sapiens	42	U	48	V_loop	TRNAinf-euk.cm	False	T_OR_VAR_ARM_MISSING_slots=[2]
mtdbD00063511|Lys|UUU|Homo sapiens	43	A	49	T_stem_5	TRNAinf-euk.cm	False	T_OR_VAR_ARM_MISSING_slots=[2]
mtdbD00063511|Lys|UUU|Homo sapiens	44	A	50	T_stem_5	TRNAinf-euk.cm	False	T_OR_VAR_ARM_MISSING_slots=[2]
mtdbD00063511|Lys|UUU|Homo sapiens	45	G	51	T_stem_5	TRNAinf-euk.cm	False	T_OR_VAR_ARM_MISSING_slots=[2]
mtdbD00063511|Lys|UUU|Homo sapiens	46	A	52	T_stem_5	TRNAinf-euk.cm	False	T_OR_VAR_ARM_MISSING_slots=[2]
mtdbD00063511|Lys|UUU|Homo sapiens	47	G	53	T_stem_5	TRNAinf-euk.cm	False	T_OR_VAR_ARM_MISSING_slots=[2]
mtdbD00063511|Lys|UUU|Homo sapiens	48	A	54	T_loop	TRNAinf-euk.cm	False	T_OR_VAR_ARM_MISSING_slots=[2]
mtdbD00063511|Lys|UUU|Homo sapiens	49	A	55	T_loop	TRNAinf-euk.cm	False	T_OR_VAR_ARM_MISSING_slots=[2]
mtdbD00063511|Lys|UUU|Homo sapiens	50	C	56	T_loop	TRNAinf-euk.cm	False	T_OR_VAR_ARM_MISSING_slots=[2]
mtdbD00063511|Lys|UUU|Homo sapiens	51	C	57	T_loop	TRNAinf-euk.cm	False	T_OR_VAR_ARM_MISSING_slots=[2]
mtdbD00063511|Lys|UUU|Homo sapiens	52	A	58	T_loop	TRNAinf-euk.cm	False	T_OR_VAR_ARM_MISSING_slots=[2]
mtdbD00063511|Lys|UUU|Homo sapiens	53	A	59	T_loop	TRNAinf-euk.cm	False	T_OR_VAR_ARM_MISSING_slots=[2]
mtdbD00063511|Lys|UUU|Homo sapiens	54	C	60	T_loop	TRNAinf-euk.cm	False	T_OR_VAR_ARM_MISSING_slots=[2]
mtdbD00063511|Lys|UUU|Homo sapiens	55	A	60A	T_loop	TRNAinf-euk.cm	False	T_OR_VAR_ARM_MISSING_slots=[2]
mtdbD00063511|Lys|UUU|Homo sapiens	56	C	60B	T_loop	TRNAinf-euk.cm	False	T_OR_VAR_ARM_MISSING_slots=[2]
mtdbD00063511|Lys|UUU|Homo sapiens	57	C	61	T_stem_3	TRNAinf-euk.cm	False	T_OR_VAR_ARM_MISSING_slots=[2]
mtdbD00063511|Lys|UUU|Homo sapiens	58	U	62	T_stem_3	TRNAinf-euk.cm	False	T_OR_VAR_ARM_MISSING_slots=[2]
mtdbD00063511|Lys|UUU|Homo sapiens	59	C	63	T_stem_3	TRNAinf-euk.cm	False	T_OR_VAR_ARM_MISSING_slots=[2]
mtdbD00063511|Lys|UUU|Homo sapiens	60	U	64	T_stem_3	TRNAinf-euk.cm	False	T_OR_VAR_ARM_MISSING_slots=[2]
mtdbD00063511|Lys|UUU|Homo sapiens	61	U	65	T_stem_3	TRNAinf-euk.cm	False	T_OR_VAR_ARM_MISSING_slots=[2]
mtdbD00063511|Lys|UUU|Homo sapiens	62	U	66	acceptor_3	TRNAinf-euk.cm	False	T_OR_VAR_ARM_MISSING_slots=[2]
mtdbD00063511|Lys|UUU|Homo sapiens	63	A	67	acceptor_3	TRNAinf-euk.cm	False	T_OR_VAR_ARM_MISSING_slots=[2]
mtdbD00063511|Lys|UUU|Homo sapiens	64	C	68	acceptor_3	TRNAinf-euk.cm	False	T_OR_VAR_ARM_MISSING_slots=[2]
mtdbD00063511|Lys|UUU|Homo sapiens	65	A	69	acceptor_3	TRNAinf-euk.cm	False	T_OR_VAR_ARM_MISSING_slots=[2]
mtdbD00063511|Lys|UUU|Homo sapiens	66	G	70	acceptor_3	TRNAinf-euk.cm	False	T_OR_VAR_ARM_MISSING_slots=[2]
mtdbD00063511|Lys|UUU|Homo sapiens	67	U	71	acceptor_3	TRNAinf-euk.cm	False	T_OR_VAR_ARM_MISSING_slots=[2]
mtdbD00063511|Lys|UUU|Homo sapiens	68	G	72	acceptor_3	TRNAinf-euk.cm	False	T_OR_VAR_ARM_MISSING_slots=[2]
mtdbD00063511|Lys|UUU|Homo sapiens	69	A	73	discriminator_CCA	TRNAinf-euk.cm	False	T_OR_VAR_ARM_MISSING_slots=[2]
mtdbD00063512|Gly|UCC|Homo sapiens	0	A	1	acceptor_5	TRNAinf-euk.cm	False	T_OR_VAR_ARM_MISSING_slots=[2]
mtdbD00063512|Gly|UCC|Homo sapiens	1	C	2	acceptor_5	TRNAinf-euk.cm	False	T_OR_VAR_ARM_MISSING_slots=[2]
mtdbD00063512|Gly|UCC|Homo sapiens	2	U	3	acceptor_5	TRNAinf-euk.cm	False	T_OR_VAR_ARM_MISSING_slots=[2]
mtdbD00063512|Gly|UCC|Homo sapiens	3	C	4	acceptor_5	TRNAinf-euk.cm	False	T_OR_VAR_ARM_MISSING_slots=[2]
mtdbD00063512|Gly|UCC|Homo sapiens	4	U	5	acceptor_5	TRNAinf-euk.cm	False	T_OR_VAR_ARM_MISSING_slots=[2]
mtdbD00063512|Gly|UCC|Homo sapiens	5	U	6	acceptor_5	TRNAinf-euk.cm	False	T_OR_VAR_ARM_MISSING_slots=[2]
mtdbD00063512|Gly|UCC|Homo sapiens	6	U	7	acceptor_5	TRNAinf-euk.cm	False	T_OR_VAR_ARM_MISSING_slots=[2]
mtdbD00063512|Gly|UCC|Homo sapiens	7	U	8	connector_AD	TRNAinf-euk.cm	False	T_OR_VAR_ARM_MISSING_slots=[2]
mtdbD00063512|Gly|UCC|Homo sapiens	8	A	9	connector_AD	TRNAinf-euk.cm	False	T_OR_VAR_ARM_MISSING_slots=[2]
mtdbD00063512|Gly|UCC|Homo sapiens	9	G	10	D_stem_5	TRNAinf-euk.cm	False	T_OR_VAR_ARM_MISSING_slots=[2]
mtdbD00063512|Gly|UCC|Homo sapiens	10	U	11	D_stem_5	TRNAinf-euk.cm	False	T_OR_VAR_ARM_MISSING_slots=[2]
mtdbD00063512|Gly|UCC|Homo sapiens	11	A	12	D_stem_5	TRNAinf-euk.cm	False	T_OR_VAR_ARM_MISSING_slots=[2]
mtdbD00063512|Gly|UCC|Homo sapiens	12	U	13	D_stem_5	TRNAinf-euk.cm	False	T_OR_VAR_ARM_MISSING_slots=[2]
mtdbD00063512|Gly|UCC|Homo sapiens	13	A	14	D_loop	TRNAinf-euk.cm	False	T_OR_VAR_ARM_MISSING_slots=[2]
mtdbD00063512|Gly|UCC|Homo sapiens	14	A	15	D_loop	TRNAinf-euk.cm	False	T_OR_VAR_ARM_MISSING_slots=[2]
mtdbD00063512|Gly|UCC|Homo sapiens	15	A	16	D_loop	TRNAinf-euk.cm	False	T_OR_VAR_ARM_MISSING_slots=[2]
mtdbD00063512|Gly|UCC|Homo sapiens	16	U	17	D_loop	TRNAinf-euk.cm	False	T_OR_VAR_ARM_MISSING_slots=[2]
mtdbD00063512|Gly|UCC|Homo sapiens	17	A	17a	D_loop	TRNAinf-euk.cm	False	T_OR_VAR_ARM_MISSING_slots=[2]
mtdbD00063512|Gly|UCC|Homo sapiens	18	G	22	D_stem_3	TRNAinf-euk.cm	False	T_OR_VAR_ARM_MISSING_slots=[2]
mtdbD00063512|Gly|UCC|Homo sapiens	19	U	23	D_stem_3	TRNAinf-euk.cm	False	T_OR_VAR_ARM_MISSING_slots=[2]
mtdbD00063512|Gly|UCC|Homo sapiens	20	A	24	D_stem_3	TRNAinf-euk.cm	False	T_OR_VAR_ARM_MISSING_slots=[2]
mtdbD00063512|Gly|UCC|Homo sapiens	21	C	25	D_stem_3	TRNAinf-euk.cm	False	T_OR_VAR_ARM_MISSING_slots=[2]
mtdbD00063512|Gly|UCC|Homo sapiens	22	C	26	connector_DC	TRNAinf-euk.cm	False	T_OR_VAR_ARM_MISSING_slots=[2]
mtdbD00063512|Gly|UCC|Homo sapiens	23	G	27	C_stem_5	TRNAinf-euk.cm	False	T_OR_VAR_ARM_MISSING_slots=[2]
mtdbD00063512|Gly|UCC|Homo sapiens	24	U	28	C_stem_5	TRNAinf-euk.cm	False	T_OR_VAR_ARM_MISSING_slots=[2]
mtdbD00063512|Gly|UCC|Homo sapiens	25	U	29	C_stem_5	TRNAinf-euk.cm	False	T_OR_VAR_ARM_MISSING_slots=[2]
mtdbD00063512|Gly|UCC|Homo sapiens	26	A	30	C_stem_5	TRNAinf-euk.cm	False	T_OR_VAR_ARM_MISSING_slots=[2]
mtdbD00063512|Gly|UCC|Homo sapiens	27	A	31	C_stem_5	TRNAinf-euk.cm	False	T_OR_VAR_ARM_MISSING_slots=[2]
mtdbD00063512|Gly|UCC|Homo sapiens	28	C	32	C_loop	TRNAinf-euk.cm	False	T_OR_VAR_ARM_MISSING_slots=[2]
mtdbD00063512|Gly|UCC|Homo sapiens	29	U	33	C_loop	TRNAinf-euk.cm	False	T_OR_VAR_ARM_MISSING_slots=[2]
mtdbD00063512|Gly|UCC|Homo sapiens	30	U	34	C_loop	TRNAinf-euk.cm	False	T_OR_VAR_ARM_MISSING_slots=[2]
mtdbD00063512|Gly|UCC|Homo sapiens	31	C	35	C_loop	TRNAinf-euk.cm	False	T_OR_VAR_ARM_MISSING_slots=[2]
mtdbD00063512|Gly|UCC|Homo sapiens	32	C	36	C_loop	TRNAinf-euk.cm	False	T_OR_VAR_ARM_MISSING_slots=[2]
mtdbD00063512|Gly|UCC|Homo sapiens	33	A	37	C_loop	TRNAinf-euk.cm	False	T_OR_VAR_ARM_MISSING_slots=[2]
mtdbD00063512|Gly|UCC|Homo sapiens	34	A	38	C_loop	TRNAinf-euk.cm	False	T_OR_VAR_ARM_MISSING_slots=[2]
mtdbD00063512|Gly|UCC|Homo sapiens	35	U	39	C_stem_3	TRNAinf-euk.cm	False	T_OR_VAR_ARM_MISSING_slots=[2]
mtdbD00063512|Gly|UCC|Homo sapiens	36	U	40	C_stem_3	TRNAinf-euk.cm	False	T_OR_VAR_ARM_MISSING_slots=[2]
mtdbD00063512|Gly|UCC|Homo sapiens	37	A	41	C_stem_3	TRNAinf-euk.cm	False	T_OR_VAR_ARM_MISSING_slots=[2]
mtdbD00063512|Gly|UCC|Homo sapiens	38	A	42	C_stem_3	TRNAinf-euk.cm	False	T_OR_VAR_ARM_MISSING_slots=[2]
mtdbD00063512|Gly|UCC|Homo sapiens	39	C	43	C_stem_3	TRNAinf-euk.cm	False	T_OR_VAR_ARM_MISSING_slots=[2]
mtdbD00063512|Gly|UCC|Homo sapiens	40	U	44	V_loop	TRNAinf-euk.cm	False	T_OR_VAR_ARM_MISSING_slots=[2]
mtdbD00063512|Gly|UCC|Homo sapiens	41	A	45	V_loop	TRNAinf-euk.cm	False	T_OR_VAR_ARM_MISSING_slots=[2]
mtdbD00063512|Gly|UCC|Homo sapiens	42	G	46	V_loop	TRNAinf-euk.cm	False	T_OR_VAR_ARM_MISSING_slots=[2]
mtdbD00063512|Gly|UCC|Homo sapiens	43	U	47	V_loop	TRNAinf-euk.cm	False	T_OR_VAR_ARM_MISSING_slots=[2]
mtdbD00063512|Gly|UCC|Homo sapiens	44	U	49	T_stem_5	TRNAinf-euk.cm	False	T_OR_VAR_ARM_MISSING_slots=[2]
mtdbD00063512|Gly|UCC|Homo sapiens	45	U	50	T_stem_5	TRNAinf-euk.cm	False	T_OR_VAR_ARM_MISSING_slots=[2]
mtdbD00063512|Gly|UCC|Homo sapiens	46	U	51	T_stem_5	TRNAinf-euk.cm	False	T_OR_VAR_ARM_MISSING_slots=[2]
mtdbD00063512|Gly|UCC|Homo sapiens	47	G	52	T_stem_5	TRNAinf-euk.cm	False	T_OR_VAR_ARM_MISSING_slots=[2]
mtdbD00063512|Gly|UCC|Homo sapiens	48	A	54	T_loop	TRNAinf-euk.cm	False	T_OR_VAR_ARM_MISSING_slots=[2]
mtdbD00063512|Gly|UCC|Homo sapiens	49	C	55	T_loop	TRNAinf-euk.cm	False	T_OR_VAR_ARM_MISSING_slots=[2]
mtdbD00063512|Gly|UCC|Homo sapiens	50	A	56	T_loop	TRNAinf-euk.cm	False	T_OR_VAR_ARM_MISSING_slots=[2]
mtdbD00063512|Gly|UCC|Homo sapiens	51	A	57	T_loop	TRNAinf-euk.cm	False	T_OR_VAR_ARM_MISSING_slots=[2]
mtdbD00063512|Gly|UCC|Homo sapiens	52	C	58	T_loop	TRNAinf-euk.cm	False	T_OR_VAR_ARM_MISSING_slots=[2]
mtdbD00063512|Gly|UCC|Homo sapiens	53	A	59	T_loop	TRNAinf-euk.cm	False	T_OR_VAR_ARM_MISSING_slots=[2]
mtdbD00063512|Gly|UCC|Homo sapiens	54	U	60	T_loop	TRNAinf-euk.cm	False	T_OR_VAR_ARM_MISSING_slots=[2]
mtdbD00063512|Gly|UCC|Homo sapiens	55	U	61	T_stem_3	TRNAinf-euk.cm	False	T_OR_VAR_ARM_MISSING_slots=[2]
mtdbD00063512|Gly|UCC|Homo sapiens	56	C	62	T_stem_3	TRNAinf-euk.cm	False	T_OR_VAR_ARM_MISSING_slots=[2]
mtdbD00063512|Gly|UCC|Homo sapiens	57	A	63	T_stem_3	TRNAinf-euk.cm	False	T_OR_VAR_ARM_MISSING_slots=[2]
mtdbD00063512|Gly|UCC|Homo sapiens	58	A	64	T_stem_3	TRNAinf-euk.cm	False	T_OR_VAR_ARM_MISSING_slots=[2]
mtdbD00063512|Gly|UCC|Homo sapiens	59	A	66	acceptor_3	TRNAinf-euk.cm	False	T_OR_VAR_ARM_MISSING_slots=[2]
mtdbD00063512|Gly|UCC|Homo sapiens	60	A	67	acceptor_3	TRNAinf-euk.cm	False	T_OR_VAR_ARM_MISSING_slots=[2]
mtdbD00063512|Gly|UCC|Homo sapiens	61	A	68	acceptor_3	TRNAinf-euk.cm	False	T_OR_VAR_ARM_MISSING_slots=[2]
mtdbD00063512|Gly|UCC|Homo sapiens	62	A	69	acceptor_3	TRNAinf-euk.cm	False	T_OR_VAR_ARM_MISSING_slots=[2]
mtdbD00063512|Gly|UCC|Homo sapiens	63	G	70	acceptor_3	TRNAinf-euk.cm	False	T_OR_VAR_ARM_MISSING_slots=[2]
mtdbD00063512|Gly|UCC|Homo sapiens	64	A	71	acceptor_3	TRNAinf-euk.cm	False	T_OR_VAR_ARM_MISSING_slots=[2]
mtdbD00063512|Gly|UCC|Homo sapiens	65	G	72	acceptor_3	TRNAinf-euk.cm	False	T_OR_VAR_ARM_MISSING_slots=[2]
mtdbD00063512|Gly|UCC|Homo sapiens	66	U	73	discriminator_CCA	TRNAinf-euk.cm	False	T_OR_VAR_ARM_MISSING_slots=[2]
mtdbD00063512|Gly|UCC|Homo sapiens	67	A	74	discriminator_CCA	TRNAinf-euk.cm	False	T_OR_VAR_ARM_MISSING_slots=[2]
mtdbD00063513|Arg|UCG|Homo sapiens	0	U	1	acceptor_5	TRNAinf-euk.cm	False	T_OR_VAR_ARM_MISSING_slots=[2]
mtdbD00063513|Arg|UCG|Homo sapiens	1	G	2	acceptor_5	TRNAinf-euk.cm	False	T_OR_VAR_ARM_MISSING_slots=[2]
mtdbD00063513|Arg|UCG|Homo sapiens	2	G	3	acceptor_5	TRNAinf-euk.cm	False	T_OR_VAR_ARM_MISSING_slots=[2]
mtdbD00063513|Arg|UCG|Homo sapiens	3	U	4	acceptor_5	TRNAinf-euk.cm	False	T_OR_VAR_ARM_MISSING_slots=[2]
mtdbD00063513|Arg|UCG|Homo sapiens	4	A	5	acceptor_5	TRNAinf-euk.cm	False	T_OR_VAR_ARM_MISSING_slots=[2]
mtdbD00063513|Arg|UCG|Homo sapiens	5	U	6	acceptor_5	TRNAinf-euk.cm	False	T_OR_VAR_ARM_MISSING_slots=[2]
mtdbD00063513|Arg|UCG|Homo sapiens	6	A	7	acceptor_5	TRNAinf-euk.cm	False	T_OR_VAR_ARM_MISSING_slots=[2]
mtdbD00063513|Arg|UCG|Homo sapiens	7	U	8	connector_AD	TRNAinf-euk.cm	False	T_OR_VAR_ARM_MISSING_slots=[2]
mtdbD00063513|Arg|UCG|Homo sapiens	8	A	9	connector_AD	TRNAinf-euk.cm	False	T_OR_VAR_ARM_MISSING_slots=[2]
mtdbD00063513|Arg|UCG|Homo sapiens	9	G	10	D_stem_5	TRNAinf-euk.cm	False	T_OR_VAR_ARM_MISSING_slots=[2]
mtdbD00063513|Arg|UCG|Homo sapiens	10	U	11	D_stem_5	TRNAinf-euk.cm	False	T_OR_VAR_ARM_MISSING_slots=[2]
mtdbD00063513|Arg|UCG|Homo sapiens	11	U	12	D_stem_5	TRNAinf-euk.cm	False	T_OR_VAR_ARM_MISSING_slots=[2]
mtdbD00063513|Arg|UCG|Homo sapiens	12	U	13	D_stem_5	TRNAinf-euk.cm	False	T_OR_VAR_ARM_MISSING_slots=[2]
mtdbD00063513|Arg|UCG|Homo sapiens	13	A	14	D_loop	TRNAinf-euk.cm	False	T_OR_VAR_ARM_MISSING_slots=[2]
mtdbD00063513|Arg|UCG|Homo sapiens	14	A	15	D_loop	TRNAinf-euk.cm	False	T_OR_VAR_ARM_MISSING_slots=[2]
mtdbD00063513|Arg|UCG|Homo sapiens	15	A	16	D_loop	TRNAinf-euk.cm	False	T_OR_VAR_ARM_MISSING_slots=[2]
mtdbD00063513|Arg|UCG|Homo sapiens	16	C	17	D_loop	TRNAinf-euk.cm	False	T_OR_VAR_ARM_MISSING_slots=[2]
mtdbD00063513|Arg|UCG|Homo sapiens	17	A	17a	D_loop	TRNAinf-euk.cm	False	T_OR_VAR_ARM_MISSING_slots=[2]
mtdbD00063513|Arg|UCG|Homo sapiens	18	A	22	D_stem_3	TRNAinf-euk.cm	False	T_OR_VAR_ARM_MISSING_slots=[2]
mtdbD00063513|Arg|UCG|Homo sapiens	19	A	23	D_stem_3	TRNAinf-euk.cm	False	T_OR_VAR_ARM_MISSING_slots=[2]
mtdbD00063513|Arg|UCG|Homo sapiens	20	A	24	D_stem_3	TRNAinf-euk.cm	False	T_OR_VAR_ARM_MISSING_slots=[2]
mtdbD00063513|Arg|UCG|Homo sapiens	21	C	25	D_stem_3	TRNAinf-euk.cm	False	T_OR_VAR_ARM_MISSING_slots=[2]
mtdbD00063513|Arg|UCG|Homo sapiens	22	G	26	connector_DC	TRNAinf-euk.cm	False	T_OR_VAR_ARM_MISSING_slots=[2]
mtdbD00063513|Arg|UCG|Homo sapiens	23	A	27	C_stem_5	TRNAinf-euk.cm	False	T_OR_VAR_ARM_MISSING_slots=[2]
mtdbD00063513|Arg|UCG|Homo sapiens	24	A	28	C_stem_5	TRNAinf-euk.cm	False	T_OR_VAR_ARM_MISSING_slots=[2]
mtdbD00063513|Arg|UCG|Homo sapiens	25	U	29	C_stem_5	TRNAinf-euk.cm	False	T_OR_VAR_ARM_MISSING_slots=[2]
mtdbD00063513|Arg|UCG|Homo sapiens	26	G	30	C_stem_5	TRNAinf-euk.cm	False	T_OR_VAR_ARM_MISSING_slots=[2]
mtdbD00063513|Arg|UCG|Homo sapiens	27	A	31	C_stem_5	TRNAinf-euk.cm	False	T_OR_VAR_ARM_MISSING_slots=[2]
mtdbD00063513|Arg|UCG|Homo sapiens	28	U	32	C_loop	TRNAinf-euk.cm	False	T_OR_VAR_ARM_MISSING_slots=[2]
mtdbD00063513|Arg|UCG|Homo sapiens	29	U	33	C_loop	TRNAinf-euk.cm	False	T_OR_VAR_ARM_MISSING_slots=[2]
mtdbD00063513|Arg|UCG|Homo sapiens	30	U	34	C_loop	TRNAinf-euk.cm	False	T_OR_VAR_ARM_MISSING_slots=[2]
mtdbD00063513|Arg|UCG|Homo sapiens	31	C	35	C_loop	TRNAinf-euk.cm	False	T_OR_VAR_ARM_MISSING_slots=[2]
mtdbD00063513|Arg|UCG|Homo sapiens	32	G	36	C_loop	TRNAinf-euk.cm	False	T_OR_VAR_ARM_MISSING_slots=[2]
mtdbD00063513|Arg|UCG|Homo sapiens	33	A	37	C_loop	TRNAinf-euk.cm	False	T_OR_VAR_ARM_MISSING_slots=[2]
mtdbD00063513|Arg|UCG|Homo sapiens	34	C	38	C_loop	TRNAinf-euk.cm	False	T_OR_VAR_ARM_MISSING_slots=[2]
mtdbD00063513|Arg|UCG|Homo sapiens	35	U	39	C_stem_3	TRNAinf-euk.cm	False	T_OR_VAR_ARM_MISSING_slots=[2]
mtdbD00063513|Arg|UCG|Homo sapiens	36	C	40	C_stem_3	TRNAinf-euk.cm	False	T_OR_VAR_ARM_MISSING_slots=[2]
mtdbD00063513|Arg|UCG|Homo sapiens	37	A	41	C_stem_3	TRNAinf-euk.cm	False	T_OR_VAR_ARM_MISSING_slots=[2]
mtdbD00063513|Arg|UCG|Homo sapiens	38	U	42	C_stem_3	TRNAinf-euk.cm	False	T_OR_VAR_ARM_MISSING_slots=[2]
mtdbD00063513|Arg|UCG|Homo sapiens	39	U	43	C_stem_3	TRNAinf-euk.cm	False	T_OR_VAR_ARM_MISSING_slots=[2]
mtdbD00063513|Arg|UCG|Homo sapiens	40	A	44	V_loop	TRNAinf-euk.cm	False	T_OR_VAR_ARM_MISSING_slots=[2]
mtdbD00063513|Arg|UCG|Homo sapiens	41	A	45	V_loop	TRNAinf-euk.cm	False	T_OR_VAR_ARM_MISSING_slots=[2]
mtdbD00063513|Arg|UCG|Homo sapiens	42	A	46	V_loop	TRNAinf-euk.cm	False	T_OR_VAR_ARM_MISSING_slots=[2]
mtdbD00063513|Arg|UCG|Homo sapiens	43	U	47	V_loop	TRNAinf-euk.cm	False	T_OR_VAR_ARM_MISSING_slots=[2]
mtdbD00063513|Arg|UCG|Homo sapiens	44	U	49	T_stem_5	TRNAinf-euk.cm	False	T_OR_VAR_ARM_MISSING_slots=[2]
mtdbD00063513|Arg|UCG|Homo sapiens	45	A	50	T_stem_5	TRNAinf-euk.cm	False	T_OR_VAR_ARM_MISSING_slots=[2]
mtdbD00063513|Arg|UCG|Homo sapiens	46	U	51	T_stem_5	TRNAinf-euk.cm	False	T_OR_VAR_ARM_MISSING_slots=[2]
mtdbD00063513|Arg|UCG|Homo sapiens	47	G	52	T_stem_5	TRNAinf-euk.cm	False	T_OR_VAR_ARM_MISSING_slots=[2]
mtdbD00063513|Arg|UCG|Homo sapiens	48	A	53	T_stem_5	TRNAinf-euk.cm	False	T_OR_VAR_ARM_MISSING_slots=[2]
mtdbD00063513|Arg|UCG|Homo sapiens	49	U	54	T_loop	TRNAinf-euk.cm	False	T_OR_VAR_ARM_MISSING_slots=[2]
mtdbD00063513|Arg|UCG|Homo sapiens	50	A	55	T_loop	TRNAinf-euk.cm	False	T_OR_VAR_ARM_MISSING_slots=[2]
mtdbD00063513|Arg|UCG|Homo sapiens	51	A	56	T_loop	TRNAinf-euk.cm	False	T_OR_VAR_ARM_MISSING_slots=[2]
mtdbD00063513|Arg|UCG|Homo sapiens	52	U	61	T_stem_3	TRNAinf-euk.cm	False	T_OR_VAR_ARM_MISSING_slots=[2]
mtdbD00063513|Arg|UCG|Homo sapiens	53	C	62	T_stem_3	TRNAinf-euk.cm	False	T_OR_VAR_ARM_MISSING_slots=[2]
mtdbD00063513|Arg|UCG|Homo sapiens	54	A	63	T_stem_3	TRNAinf-euk.cm	False	T_OR_VAR_ARM_MISSING_slots=[2]
mtdbD00063513|Arg|UCG|Homo sapiens	55	U	64	T_stem_3	TRNAinf-euk.cm	False	T_OR_VAR_ARM_MISSING_slots=[2]
mtdbD00063513|Arg|UCG|Homo sapiens	56	A	65	T_stem_3	TRNAinf-euk.cm	False	T_OR_VAR_ARM_MISSING_slots=[2]
mtdbD00063513|Arg|UCG|Homo sapiens	57	U	66	acceptor_3	TRNAinf-euk.cm	False	T_OR_VAR_ARM_MISSING_slots=[2]
mtdbD00063513|Arg|UCG|Homo sapiens	58	U	67	acceptor_3	TRNAinf-euk.cm	False	T_OR_VAR_ARM_MISSING_slots=[2]
mtdbD00063513|Arg|UCG|Homo sapiens	59	U	68	acceptor_3	TRNAinf-euk.cm	False	T_OR_VAR_ARM_MISSING_slots=[2]
mtdbD00063513|Arg|UCG|Homo sapiens	60	A	69	acceptor_3	TRNAinf-euk.cm	False	T_OR_VAR_ARM_MISSING_slots=[2]
mtdbD00063513|Arg|UCG|Homo sapiens	61	C	70	acceptor_3	TRNAinf-euk.cm	False	T_OR_VAR_ARM_MISSING_slots=[2]
mtdbD00063513|Arg|UCG|Homo sapiens	62	C	71	acceptor_3	TRNAinf-euk.cm	False	T_OR_VAR_ARM_MISSING_slots=[2]
mtdbD00063513|Arg|UCG|Homo sapiens	63	A	72	acceptor_3	TRNAinf-euk.cm	False	T_OR_VAR_ARM_MISSING_slots=[2]
mtdbD00063513|Arg|UCG|Homo sapiens	64	A	73	discriminator_CCA	TRNAinf-euk.cm	False	T_OR_VAR_ARM_MISSING_slots=[2]
mtdbD00063514|His|GUG|Homo sapiens	0	G	1	acceptor_5	TRNAinf-euk.cm	False	T_OR_VAR_ARM_MISSING_slots=[2]
mtdbD00063514|His|GUG|Homo sapiens	1	U	2	acceptor_5	TRNAinf-euk.cm	False	T_OR_VAR_ARM_MISSING_slots=[2]
mtdbD00063514|His|GUG|Homo sapiens	2	A	3	acceptor_5	TRNAinf-euk.cm	False	T_OR_VAR_ARM_MISSING_slots=[2]
mtdbD00063514|His|GUG|Homo sapiens	3	A	4	acceptor_5	TRNAinf-euk.cm	False	T_OR_VAR_ARM_MISSING_slots=[2]
mtdbD00063514|His|GUG|Homo sapiens	4	A	5	acceptor_5	TRNAinf-euk.cm	False	T_OR_VAR_ARM_MISSING_slots=[2]
mtdbD00063514|His|GUG|Homo sapiens	5	U	6	acceptor_5	TRNAinf-euk.cm	False	T_OR_VAR_ARM_MISSING_slots=[2]
mtdbD00063514|His|GUG|Homo sapiens	6	A	7	acceptor_5	TRNAinf-euk.cm	False	T_OR_VAR_ARM_MISSING_slots=[2]
mtdbD00063514|His|GUG|Homo sapiens	7	U	8	connector_AD	TRNAinf-euk.cm	False	T_OR_VAR_ARM_MISSING_slots=[2]
mtdbD00063514|His|GUG|Homo sapiens	8	A	9	connector_AD	TRNAinf-euk.cm	False	T_OR_VAR_ARM_MISSING_slots=[2]
mtdbD00063514|His|GUG|Homo sapiens	9	G	10	D_stem_5	TRNAinf-euk.cm	False	T_OR_VAR_ARM_MISSING_slots=[2]
mtdbD00063514|His|GUG|Homo sapiens	10	U	11	D_stem_5	TRNAinf-euk.cm	False	T_OR_VAR_ARM_MISSING_slots=[2]
mtdbD00063514|His|GUG|Homo sapiens	11	U	12	D_stem_5	TRNAinf-euk.cm	False	T_OR_VAR_ARM_MISSING_slots=[2]
mtdbD00063514|His|GUG|Homo sapiens	12	U	13	D_stem_5	TRNAinf-euk.cm	False	T_OR_VAR_ARM_MISSING_slots=[2]
mtdbD00063514|His|GUG|Homo sapiens	13	A	14	D_loop	TRNAinf-euk.cm	False	T_OR_VAR_ARM_MISSING_slots=[2]
mtdbD00063514|His|GUG|Homo sapiens	14	A	15	D_loop	TRNAinf-euk.cm	False	T_OR_VAR_ARM_MISSING_slots=[2]
mtdbD00063514|His|GUG|Homo sapiens	15	C	16	D_loop	TRNAinf-euk.cm	False	T_OR_VAR_ARM_MISSING_slots=[2]
mtdbD00063514|His|GUG|Homo sapiens	16	C	17	D_loop	TRNAinf-euk.cm	False	T_OR_VAR_ARM_MISSING_slots=[2]
mtdbD00063514|His|GUG|Homo sapiens	17	A	17a	D_loop	TRNAinf-euk.cm	False	T_OR_VAR_ARM_MISSING_slots=[2]
mtdbD00063514|His|GUG|Homo sapiens	18	A	22	D_stem_3	TRNAinf-euk.cm	False	T_OR_VAR_ARM_MISSING_slots=[2]
mtdbD00063514|His|GUG|Homo sapiens	19	A	23	D_stem_3	TRNAinf-euk.cm	False	T_OR_VAR_ARM_MISSING_slots=[2]
mtdbD00063514|His|GUG|Homo sapiens	20	A	24	D_stem_3	TRNAinf-euk.cm	False	T_OR_VAR_ARM_MISSING_slots=[2]
mtdbD00063514|His|GUG|Homo sapiens	21	C	25	D_stem_3	TRNAinf-euk.cm	False	T_OR_VAR_ARM_MISSING_slots=[2]
mtdbD00063514|His|GUG|Homo sapiens	22	A	26	connector_DC	TRNAinf-euk.cm	False	T_OR_VAR_ARM_MISSING_slots=[2]
mtdbD00063514|His|GUG|Homo sapiens	23	U	27	C_stem_5	TRNAinf-euk.cm	False	T_OR_VAR_ARM_MISSING_slots=[2]
mtdbD00063514|His|GUG|Homo sapiens	24	C	28	C_stem_5	TRNAinf-euk.cm	False	T_OR_VAR_ARM_MISSING_slots=[2]
mtdbD00063514|His|GUG|Homo sapiens	25	A	29	C_stem_5	TRNAinf-euk.cm	False	T_OR_VAR_ARM_MISSING_slots=[2]
mtdbD00063514|His|GUG|Homo sapiens	26	G	30	C_stem_5	TRNAinf-euk.cm	False	T_OR_VAR_ARM_MISSING_slots=[2]
mtdbD00063514|His|GUG|Homo sapiens	27	A	31	C_stem_5	TRNAinf-euk.cm	False	T_OR_VAR_ARM_MISSING_slots=[2]
mtdbD00063514|His|GUG|Homo sapiens	28	U	32	C_loop	TRNAinf-euk.cm	False	T_OR_VAR_ARM_MISSING_slots=[2]
mtdbD00063514|His|GUG|Homo sapiens	29	U	33	C_loop	TRNAinf-euk.cm	False	T_OR_VAR_ARM_MISSING_slots=[2]
mtdbD00063514|His|GUG|Homo sapiens	30	G	34	C_loop	TRNAinf-euk.cm	False	T_OR_VAR_ARM_MISSING_slots=[2]
mtdbD00063514|His|GUG|Homo sapiens	31	U	35	C_loop	TRNAinf-euk.cm	False	T_OR_VAR_ARM_MISSING_slots=[2]
mtdbD00063514|His|GUG|Homo sapiens	32	G	36	C_loop	TRNAinf-euk.cm	False	T_OR_VAR_ARM_MISSING_slots=[2]
mtdbD00063514|His|GUG|Homo sapiens	33	A	37	C_loop	TRNAinf-euk.cm	False	T_OR_VAR_ARM_MISSING_slots=[2]
mtdbD00063514|His|GUG|Homo sapiens	34	A	38	C_loop	TRNAinf-euk.cm	False	T_OR_VAR_ARM_MISSING_slots=[2]
mtdbD00063514|His|GUG|Homo sapiens	35	U	39	C_stem_3	TRNAinf-euk.cm	False	T_OR_VAR_ARM_MISSING_slots=[2]
mtdbD00063514|His|GUG|Homo sapiens	36	C	40	C_stem_3	TRNAinf-euk.cm	False	T_OR_VAR_ARM_MISSING_slots=[2]
mtdbD00063514|His|GUG|Homo sapiens	37	U	41	C_stem_3	TRNAinf-euk.cm	False	T_OR_VAR_ARM_MISSING_slots=[2]
mtdbD00063514|His|GUG|Homo sapiens	38	G	42	C_stem_3	TRNAinf-euk.cm	False	T_OR_VAR_ARM_MISSING_slots=[2]
mtdbD00063514|His|GUG|Homo sapiens	39	A	43	C_stem_3	TRNAinf-euk.cm	False	T_OR_VAR_ARM_MISSING_slots=[2]
mtdbD00063514|His|GUG|Homo sapiens	40	C	44	V_loop	TRNAinf-euk.cm	False	T_OR_VAR_ARM_MISSING_slots=[2]
mtdbD00063514|His|GUG|Homo sapiens	41	A	45	V_loop	TRNAinf-euk.cm	False	T_OR_VAR_ARM_MISSING_slots=[2]
mtdbD00063514|His|GUG|Homo sapiens	42	A	46	V_loop	TRNAinf-euk.cm	False	T_OR_VAR_ARM_MISSING_slots=[2]
mtdbD00063514|His|GUG|Homo sapiens	43	C	47	V_loop	TRNAinf-euk.cm	False	T_OR_VAR_ARM_MISSING_slots=[2]
mtdbD00063514|His|GUG|Homo sapiens	44	A	49	T_stem_5	TRNAinf-euk.cm	False	T_OR_VAR_ARM_MISSING_slots=[2]
mtdbD00063514|His|GUG|Homo sapiens	45	G	50	T_stem_5	TRNAinf-euk.cm	False	T_OR_VAR_ARM_MISSING_slots=[2]
mtdbD00063514|His|GUG|Homo sapiens	46	A	51	T_stem_5	TRNAinf-euk.cm	False	T_OR_VAR_ARM_MISSING_slots=[2]
mtdbD00063514|His|GUG|Homo sapiens	47	G	52	T_stem_5	TRNAinf-euk.cm	False	T_OR_VAR_ARM_MISSING_slots=[2]
mtdbD00063514|His|GUG|Homo sapiens	48	G	53	T_stem_5	TRNAinf-euk.cm	False	T_OR_VAR_ARM_MISSING_slots=[2]
mtdbD00063514|His|GUG|Homo sapiens	49	C	54	T_loop	TRNAinf-euk.cm	False	T_OR_VAR_ARM_MISSING_slots=[2]
mtdbD00063514|His|GUG|Homo sapiens	50	U	55	T_loop	TRNAinf-euk.cm	False	T_OR_VAR_ARM_MISSING_slots=[2]
mtdbD00063514|His|GUG|Homo sapiens	51	U	56	T_loop	TRNAinf-euk.cm	False	T_OR_VAR_ARM_MISSING_slots=[2]
mtdbD00063514|His|GUG|Homo sapiens	52	A	57	T_loop	TRNAinf-euk.cm	False	T_OR_VAR_ARM_MISSING_slots=[2]
mtdbD00063514|His|GUG|Homo sapiens	53	C	58	T_loop	TRNAinf-euk.cm	False	T_OR_VAR_ARM_MISSING_slots=[2]
mtdbD00063514|His|GUG|Homo sapiens	54	G	59	T_loop	TRNAinf-euk.cm	False	T_OR_VAR_ARM_MISSING_slots=[2]
mtdbD00063514|His|GUG|Homo sapiens	55	A	60	T_loop	TRNAinf-euk.cm	False	T_OR_VAR_ARM_MISSING_slots=[2]
mtdbD00063514|His|GUG|Homo sapiens	56	C	61	T_stem_3	TRNAinf-euk.cm	False	T_OR_VAR_ARM_MISSING_slots=[2]
mtdbD00063514|His|GUG|Homo sapiens	57	C	62	T_stem_3	TRNAinf-euk.cm	False	T_OR_VAR_ARM_MISSING_slots=[2]
mtdbD00063514|His|GUG|Homo sapiens	58	C	63	T_stem_3	TRNAinf-euk.cm	False	T_OR_VAR_ARM_MISSING_slots=[2]
mtdbD00063514|His|GUG|Homo sapiens	59	C	64	T_stem_3	TRNAinf-euk.cm	False	T_OR_VAR_ARM_MISSING_slots=[2]
mtdbD00063514|His|GUG|Homo sapiens	60	U	65	T_stem_3	TRNAinf-euk.cm	False	T_OR_VAR_ARM_MISSING_slots=[2]
mtdbD00063514|His|GUG|Homo sapiens	61	U	66	acceptor_3	TRNAinf-euk.cm	False	T_OR_VAR_ARM_MISSING_slots=[2]
mtdbD00063514|His|GUG|Homo sapiens	62	A	67	acceptor_3	TRNAinf-euk.cm	False	T_OR_VAR_ARM_MISSING_slots=[2]
mtdbD00063514|His|GUG|Homo sapiens	63	U	68	acceptor_3	TRNAinf-euk.cm	False	T_OR_VAR_ARM_MISSING_slots=[2]
mtdbD00063514|His|GUG|Homo sapiens	64	U	69	acceptor_3	TRNAinf-euk.cm	False	T_OR_VAR_ARM_MISSING_slots=[2]
mtdbD00063514|His|GUG|Homo sapiens	65	U	70	acceptor_3	TRNAinf-euk.cm	False	T_OR_VAR_ARM_MISSING_slots=[2]
mtdbD00063514|His|GUG|Homo sapiens	66	A	71	acceptor_3	TRNAinf-euk.cm	False	T_OR_VAR_ARM_MISSING_slots=[2]
mtdbD00063514|His|GUG|Homo sapiens	67	C	72	acceptor_3	TRNAinf-euk.cm	False	T_OR_VAR_ARM_MISSING_slots=[2]
mtdbD00063514|His|GUG|Homo sapiens	68	C	73	discriminator_CCA	TRNAinf-euk.cm	False	T_OR_VAR_ARM_MISSING_slots=[2]
mtdbD00063516|Leu1|UAG|Homo sapiens	0	A	1	acceptor_5	TRNAinf-euk.cm	False	T_OR_VAR_ARM_MISSING_slots=[2]
mtdbD00063516|Leu1|UAG|Homo sapiens	1	C	2	acceptor_5	TRNAinf-euk.cm	False	T_OR_VAR_ARM_MISSING_slots=[2]
mtdbD00063516|Leu1|UAG|Homo sapiens	2	U	3	acceptor_5	TRNAinf-euk.cm	False	T_OR_VAR_ARM_MISSING_slots=[2]
mtdbD00063516|Leu1|UAG|Homo sapiens	3	U	4	acceptor_5	TRNAinf-euk.cm	False	T_OR_VAR_ARM_MISSING_slots=[2]
mtdbD00063516|Leu1|UAG|Homo sapiens	4	U	5	acceptor_5	TRNAinf-euk.cm	False	T_OR_VAR_ARM_MISSING_slots=[2]
mtdbD00063516|Leu1|UAG|Homo sapiens	5	U	6	acceptor_5	TRNAinf-euk.cm	False	T_OR_VAR_ARM_MISSING_slots=[2]
mtdbD00063516|Leu1|UAG|Homo sapiens	6	A	7	acceptor_5	TRNAinf-euk.cm	False	T_OR_VAR_ARM_MISSING_slots=[2]
mtdbD00063516|Leu1|UAG|Homo sapiens	7	A	8	connector_AD	TRNAinf-euk.cm	False	T_OR_VAR_ARM_MISSING_slots=[2]
mtdbD00063516|Leu1|UAG|Homo sapiens	8	A	9	connector_AD	TRNAinf-euk.cm	False	T_OR_VAR_ARM_MISSING_slots=[2]
mtdbD00063516|Leu1|UAG|Homo sapiens	9	G	10	D_stem_5	TRNAinf-euk.cm	False	T_OR_VAR_ARM_MISSING_slots=[2]
mtdbD00063516|Leu1|UAG|Homo sapiens	10	G	11	D_stem_5	TRNAinf-euk.cm	False	T_OR_VAR_ARM_MISSING_slots=[2]
mtdbD00063516|Leu1|UAG|Homo sapiens	11	A	12	D_stem_5	TRNAinf-euk.cm	False	T_OR_VAR_ARM_MISSING_slots=[2]
mtdbD00063516|Leu1|UAG|Homo sapiens	12	U	13	D_stem_5	TRNAinf-euk.cm	False	T_OR_VAR_ARM_MISSING_slots=[2]
mtdbD00063516|Leu1|UAG|Homo sapiens	13	A	14	D_loop	TRNAinf-euk.cm	False	T_OR_VAR_ARM_MISSING_slots=[2]
mtdbD00063516|Leu1|UAG|Homo sapiens	14	A	15	D_loop	TRNAinf-euk.cm	False	T_OR_VAR_ARM_MISSING_slots=[2]
mtdbD00063516|Leu1|UAG|Homo sapiens	15	C	16	D_loop	TRNAinf-euk.cm	False	T_OR_VAR_ARM_MISSING_slots=[2]
mtdbD00063516|Leu1|UAG|Homo sapiens	16	A	17	D_loop	TRNAinf-euk.cm	False	T_OR_VAR_ARM_MISSING_slots=[2]
mtdbD00063516|Leu1|UAG|Homo sapiens	17	G	17a	D_loop	TRNAinf-euk.cm	False	T_OR_VAR_ARM_MISSING_slots=[2]
mtdbD00063516|Leu1|UAG|Homo sapiens	18	C	18	D_loop	TRNAinf-euk.cm	False	T_OR_VAR_ARM_MISSING_slots=[2]
mtdbD00063516|Leu1|UAG|Homo sapiens	19	U	19	D_loop	TRNAinf-euk.cm	False	T_OR_VAR_ARM_MISSING_slots=[2]
mtdbD00063516|Leu1|UAG|Homo sapiens	20	A	22	D_stem_3	TRNAinf-euk.cm	False	T_OR_VAR_ARM_MISSING_slots=[2]
mtdbD00063516|Leu1|UAG|Homo sapiens	21	U	23	D_stem_3	TRNAinf-euk.cm	False	T_OR_VAR_ARM_MISSING_slots=[2]
mtdbD00063516|Leu1|UAG|Homo sapiens	22	C	24	D_stem_3	TRNAinf-euk.cm	False	T_OR_VAR_ARM_MISSING_slots=[2]
mtdbD00063516|Leu1|UAG|Homo sapiens	23	C	25	D_stem_3	TRNAinf-euk.cm	False	T_OR_VAR_ARM_MISSING_slots=[2]
mtdbD00063516|Leu1|UAG|Homo sapiens	24	A	26	connector_DC	TRNAinf-euk.cm	False	T_OR_VAR_ARM_MISSING_slots=[2]
mtdbD00063516|Leu1|UAG|Homo sapiens	25	U	27	C_stem_5	TRNAinf-euk.cm	False	T_OR_VAR_ARM_MISSING_slots=[2]
mtdbD00063516|Leu1|UAG|Homo sapiens	26	U	28	C_stem_5	TRNAinf-euk.cm	False	T_OR_VAR_ARM_MISSING_slots=[2]
mtdbD00063516|Leu1|UAG|Homo sapiens	27	G	29	C_stem_5	TRNAinf-euk.cm	False	T_OR_VAR_ARM_MISSING_slots=[2]
mtdbD00063516|Leu1|UAG|Homo sapiens	28	G	30	C_stem_5	TRNAinf-euk.cm	False	T_OR_VAR_ARM_MISSING_slots=[2]
mtdbD00063516|Leu1|UAG|Homo sapiens	29	U	31	C_stem_5	TRNAinf-euk.cm	False	T_OR_VAR_ARM_MISSING_slots=[2]
mtdbD00063516|Leu1|UAG|Homo sapiens	30	C	32	C_loop	TRNAinf-euk.cm	False	T_OR_VAR_ARM_MISSING_slots=[2]
mtdbD00063516|Leu1|UAG|Homo sapiens	31	U	33	C_loop	TRNAinf-euk.cm	False	T_OR_VAR_ARM_MISSING_slots=[2]
mtdbD00063516|Leu1|UAG|Homo sapiens	32	U	34	C_loop	TRNAinf-euk.cm	False	T_OR_VAR_ARM_MISSING_slots=[2]
mtdbD00063516|Leu1|UAG|Homo sapiens	33	A	35	C_loop	TRNAinf-euk.cm	False	T_OR_VAR_ARM_MISSING_slots=[2]
mtdbD00063516|Leu1|UAG|Homo sapiens	34	G	36	C_loop	TRNAinf-euk.cm	False	T_OR_VAR_ARM_MISSING_slots=[2]
mtdbD00063516|Leu1|UAG|Homo sapiens	35	G	37	C_loop	TRNAinf-euk.cm	False	T_OR_VAR_ARM_MISSING_slots=[2]
mtdbD00063516|Leu1|UAG|Homo sapiens	36	C	38	C_loop	TRNAinf-euk.cm	False	T_OR_VAR_ARM_MISSING_slots=[2]
mtdbD00063516|Leu1|UAG|Homo sapiens	37	C	39	C_stem_3	TRNAinf-euk.cm	False	T_OR_VAR_ARM_MISSING_slots=[2]
mtdbD00063516|Leu1|UAG|Homo sapiens	38	C	40	C_stem_3	TRNAinf-euk.cm	False	T_OR_VAR_ARM_MISSING_slots=[2]
mtdbD00063516|Leu1|UAG|Homo sapiens	39	C	41	C_stem_3	TRNAinf-euk.cm	False	T_OR_VAR_ARM_MISSING_slots=[2]
mtdbD00063516|Leu1|UAG|Homo sapiens	40	A	42	C_stem_3	TRNAinf-euk.cm	False	T_OR_VAR_ARM_MISSING_slots=[2]
mtdbD00063516|Leu1|UAG|Homo sapiens	41	A	43	C_stem_3	TRNAinf-euk.cm	False	T_OR_VAR_ARM_MISSING_slots=[2]
mtdbD00063516|Leu1|UAG|Homo sapiens	42	A	44	V_loop	TRNAinf-euk.cm	False	T_OR_VAR_ARM_MISSING_slots=[2]
mtdbD00063516|Leu1|UAG|Homo sapiens	43	A	45	V_loop	TRNAinf-euk.cm	False	T_OR_VAR_ARM_MISSING_slots=[2]
mtdbD00063516|Leu1|UAG|Homo sapiens	44	A	46	V_loop	TRNAinf-euk.cm	False	T_OR_VAR_ARM_MISSING_slots=[2]
mtdbD00063516|Leu1|UAG|Homo sapiens	45	U	47	V_loop	TRNAinf-euk.cm	False	T_OR_VAR_ARM_MISSING_slots=[2]
mtdbD00063516|Leu1|UAG|Homo sapiens	46	U	49	T_stem_5	TRNAinf-euk.cm	False	T_OR_VAR_ARM_MISSING_slots=[2]
mtdbD00063516|Leu1|UAG|Homo sapiens	47	U	50	T_stem_5	TRNAinf-euk.cm	False	T_OR_VAR_ARM_MISSING_slots=[2]
mtdbD00063516|Leu1|UAG|Homo sapiens	48	U	51	T_stem_5	TRNAinf-euk.cm	False	T_OR_VAR_ARM_MISSING_slots=[2]
mtdbD00063516|Leu1|UAG|Homo sapiens	49	G	52	T_stem_5	TRNAinf-euk.cm	False	T_OR_VAR_ARM_MISSING_slots=[2]
mtdbD00063516|Leu1|UAG|Homo sapiens	50	G	53	T_stem_5	TRNAinf-euk.cm	False	T_OR_VAR_ARM_MISSING_slots=[2]
mtdbD00063516|Leu1|UAG|Homo sapiens	51	U	54	T_loop	TRNAinf-euk.cm	False	T_OR_VAR_ARM_MISSING_slots=[2]
mtdbD00063516|Leu1|UAG|Homo sapiens	52	G	55	T_loop	TRNAinf-euk.cm	False	T_OR_VAR_ARM_MISSING_slots=[2]
mtdbD00063516|Leu1|UAG|Homo sapiens	53	C	56	T_loop	TRNAinf-euk.cm	False	T_OR_VAR_ARM_MISSING_slots=[2]
mtdbD00063516|Leu1|UAG|Homo sapiens	54	A	57	T_loop	TRNAinf-euk.cm	False	T_OR_VAR_ARM_MISSING_slots=[2]
mtdbD00063516|Leu1|UAG|Homo sapiens	55	A	58	T_loop	TRNAinf-euk.cm	False	T_OR_VAR_ARM_MISSING_slots=[2]
mtdbD00063516|Leu1|UAG|Homo sapiens	56	C	59	T_loop	TRNAinf-euk.cm	False	T_OR_VAR_ARM_MISSING_slots=[2]
mtdbD00063516|Leu1|UAG|Homo sapiens	57	U	60	T_loop	TRNAinf-euk.cm	False	T_OR_VAR_ARM_MISSING_slots=[2]
mtdbD00063516|Leu1|UAG|Homo sapiens	58	C	61	T_stem_3	TRNAinf-euk.cm	False	T_OR_VAR_ARM_MISSING_slots=[2]
mtdbD00063516|Leu1|UAG|Homo sapiens	59	C	62	T_stem_3	TRNAinf-euk.cm	False	T_OR_VAR_ARM_MISSING_slots=[2]
mtdbD00063516|Leu1|UAG|Homo sapiens	60	A	63	T_stem_3	TRNAinf-euk.cm	False	T_OR_VAR_ARM_MISSING_slots=[2]
mtdbD00063516|Leu1|UAG|Homo sapiens	61	A	64	T_stem_3	TRNAinf-euk.cm	False	T_OR_VAR_ARM_MISSING_slots=[2]
mtdbD00063516|Leu1|UAG|Homo sapiens	62	A	65	T_stem_3	TRNAinf-euk.cm	False	T_OR_VAR_ARM_MISSING_slots=[2]
mtdbD00063516|Leu1|UAG|Homo sapiens	63	U	66	acceptor_3	TRNAinf-euk.cm	False	T_OR_VAR_ARM_MISSING_slots=[2]
mtdbD00063516|Leu1|UAG|Homo sapiens	64	A	67	acceptor_3	TRNAinf-euk.cm	False	T_OR_VAR_ARM_MISSING_slots=[2]
mtdbD00063516|Leu1|UAG|Homo sapiens	65	A	68	acceptor_3	TRNAinf-euk.cm	False	T_OR_VAR_ARM_MISSING_slots=[2]
mtdbD00063516|Leu1|UAG|Homo sapiens	66	A	69	acceptor_3	TRNAinf-euk.cm	False	T_OR_VAR_ARM_MISSING_slots=[2]
mtdbD00063516|Leu1|UAG|Homo sapiens	67	A	70	acceptor_3	TRNAinf-euk.cm	False	T_OR_VAR_ARM_MISSING_slots=[2]
mtdbD00063516|Leu1|UAG|Homo sapiens	68	G	71	acceptor_3	TRNAinf-euk.cm	False	T_OR_VAR_ARM_MISSING_slots=[2]
mtdbD00063516|Leu1|UAG|Homo sapiens	69	U	72	acceptor_3	TRNAinf-euk.cm	False	T_OR_VAR_ARM_MISSING_slots=[2]
mtdbD00063516|Leu1|UAG|Homo sapiens	70	A	73	discriminator_CCA	TRNAinf-euk.cm	False	T_OR_VAR_ARM_MISSING_slots=[2]
mtdbD00063517|Glu|UUC|Homo sapiens	0	G	1	acceptor_5	TRNAinf-euk.cm	False	T_OR_VAR_ARM_MISSING_slots=[2]
mtdbD00063517|Glu|UUC|Homo sapiens	1	U	2	acceptor_5	TRNAinf-euk.cm	False	T_OR_VAR_ARM_MISSING_slots=[2]
mtdbD00063517|Glu|UUC|Homo sapiens	2	U	3	acceptor_5	TRNAinf-euk.cm	False	T_OR_VAR_ARM_MISSING_slots=[2]
mtdbD00063517|Glu|UUC|Homo sapiens	3	C	4	acceptor_5	TRNAinf-euk.cm	False	T_OR_VAR_ARM_MISSING_slots=[2]
mtdbD00063517|Glu|UUC|Homo sapiens	4	U	5	acceptor_5	TRNAinf-euk.cm	False	T_OR_VAR_ARM_MISSING_slots=[2]
mtdbD00063517|Glu|UUC|Homo sapiens	5	U	6	acceptor_5	TRNAinf-euk.cm	False	T_OR_VAR_ARM_MISSING_slots=[2]
mtdbD00063517|Glu|UUC|Homo sapiens	6	G	7	acceptor_5	TRNAinf-euk.cm	False	T_OR_VAR_ARM_MISSING_slots=[2]
mtdbD00063517|Glu|UUC|Homo sapiens	7	U	8	connector_AD	TRNAinf-euk.cm	False	T_OR_VAR_ARM_MISSING_slots=[2]
mtdbD00063517|Glu|UUC|Homo sapiens	8	A	9	connector_AD	TRNAinf-euk.cm	False	T_OR_VAR_ARM_MISSING_slots=[2]
mtdbD00063517|Glu|UUC|Homo sapiens	9	G	10	D_stem_5	TRNAinf-euk.cm	False	T_OR_VAR_ARM_MISSING_slots=[2]
mtdbD00063517|Glu|UUC|Homo sapiens	10	U	11	D_stem_5	TRNAinf-euk.cm	False	T_OR_VAR_ARM_MISSING_slots=[2]
mtdbD00063517|Glu|UUC|Homo sapiens	11	U	12	D_stem_5	TRNAinf-euk.cm	False	T_OR_VAR_ARM_MISSING_slots=[2]
mtdbD00063517|Glu|UUC|Homo sapiens	12	G	13	D_stem_5	TRNAinf-euk.cm	False	T_OR_VAR_ARM_MISSING_slots=[2]
mtdbD00063517|Glu|UUC|Homo sapiens	13	A	14	D_loop	TRNAinf-euk.cm	False	T_OR_VAR_ARM_MISSING_slots=[2]
mtdbD00063517|Glu|UUC|Homo sapiens	14	A	15	D_loop	TRNAinf-euk.cm	False	T_OR_VAR_ARM_MISSING_slots=[2]
mtdbD00063517|Glu|UUC|Homo sapiens	15	A	16	D_loop	TRNAinf-euk.cm	False	T_OR_VAR_ARM_MISSING_slots=[2]
mtdbD00063517|Glu|UUC|Homo sapiens	16	U	17	D_loop	TRNAinf-euk.cm	False	T_OR_VAR_ARM_MISSING_slots=[2]
mtdbD00063517|Glu|UUC|Homo sapiens	17	A	17a	D_loop	TRNAinf-euk.cm	False	T_OR_VAR_ARM_MISSING_slots=[2]
mtdbD00063517|Glu|UUC|Homo sapiens	18	C	22	D_stem_3	TRNAinf-euk.cm	False	T_OR_VAR_ARM_MISSING_slots=[2]
mtdbD00063517|Glu|UUC|Homo sapiens	19	A	23	D_stem_3	TRNAinf-euk.cm	False	T_OR_VAR_ARM_MISSING_slots=[2]
mtdbD00063517|Glu|UUC|Homo sapiens	20	A	24	D_stem_3	TRNAinf-euk.cm	False	T_OR_VAR_ARM_MISSING_slots=[2]
mtdbD00063517|Glu|UUC|Homo sapiens	21	C	25	D_stem_3	TRNAinf-euk.cm	False	T_OR_VAR_ARM_MISSING_slots=[2]
mtdbD00063517|Glu|UUC|Homo sapiens	22	G	26	connector_DC	TRNAinf-euk.cm	False	T_OR_VAR_ARM_MISSING_slots=[2]
mtdbD00063517|Glu|UUC|Homo sapiens	23	A	27	C_stem_5	TRNAinf-euk.cm	False	T_OR_VAR_ARM_MISSING_slots=[2]
mtdbD00063517|Glu|UUC|Homo sapiens	24	U	28	C_stem_5	TRNAinf-euk.cm	False	T_OR_VAR_ARM_MISSING_slots=[2]
mtdbD00063517|Glu|UUC|Homo sapiens	25	G	29	C_stem_5	TRNAinf-euk.cm	False	T_OR_VAR_ARM_MISSING_slots=[2]
mtdbD00063517|Glu|UUC|Homo sapiens	26	G	30	C_stem_5	TRNAinf-euk.cm	False	T_OR_VAR_ARM_MISSING_slots=[2]
mtdbD00063517|Glu|UUC|Homo sapiens	27	U	31	C_stem_5	TRNAinf-euk.cm	False	T_OR_VAR_ARM_MISSING_slots=[2]
mtdbD00063517|Glu|UUC|Homo sapiens	28	U	32	C_loop	TRNAinf-euk.cm	False	T_OR_VAR_ARM_MISSING_slots=[2]
mtdbD00063517|Glu|UUC|Homo sapiens	29	U	33	C_loop	TRNAinf-euk.cm	False	T_OR_VAR_ARM_MISSING_slots=[2]
mtdbD00063517|Glu|UUC|Homo sapiens	30	U	34	C_loop	TRNAinf-euk.cm	False	T_OR_VAR_ARM_MISSING_slots=[2]
mtdbD00063517|Glu|UUC|Homo sapiens	31	U	35	C_loop	TRNAinf-euk.cm	False	T_OR_VAR_ARM_MISSING_slots=[2]
mtdbD00063517|Glu|UUC|Homo sapiens	32	C	36	C_loop	TRNAinf-euk.cm	False	T_OR_VAR_ARM_MISSING_slots=[2]
mtdbD00063517|Glu|UUC|Homo sapiens	33	A	37	C_loop	TRNAinf-euk.cm	False	T_OR_VAR_ARM_MISSING_slots=[2]
mtdbD00063517|Glu|UUC|Homo sapiens	34	U	38	C_loop	TRNAinf-euk.cm	False	T_OR_VAR_ARM_MISSING_slots=[2]
mtdbD00063517|Glu|UUC|Homo sapiens	35	A	39	C_stem_3	TRNAinf-euk.cm	False	T_OR_VAR_ARM_MISSING_slots=[2]
mtdbD00063517|Glu|UUC|Homo sapiens	36	U	40	C_stem_3	TRNAinf-euk.cm	False	T_OR_VAR_ARM_MISSING_slots=[2]
mtdbD00063517|Glu|UUC|Homo sapiens	37	C	41	C_stem_3	TRNAinf-euk.cm	False	T_OR_VAR_ARM_MISSING_slots=[2]
mtdbD00063517|Glu|UUC|Homo sapiens	38	A	42	C_stem_3	TRNAinf-euk.cm	False	T_OR_VAR_ARM_MISSING_slots=[2]
mtdbD00063517|Glu|UUC|Homo sapiens	39	U	43	C_stem_3	TRNAinf-euk.cm	False	T_OR_VAR_ARM_MISSING_slots=[2]
mtdbD00063517|Glu|UUC|Homo sapiens	40	U	44	V_loop	TRNAinf-euk.cm	False	T_OR_VAR_ARM_MISSING_slots=[2]
mtdbD00063517|Glu|UUC|Homo sapiens	41	G	45	V_loop	TRNAinf-euk.cm	False	T_OR_VAR_ARM_MISSING_slots=[2]
mtdbD00063517|Glu|UUC|Homo sapiens	42	G	46	V_loop	TRNAinf-euk.cm	False	T_OR_VAR_ARM_MISSING_slots=[2]
mtdbD00063517|Glu|UUC|Homo sapiens	43	U	47	V_loop	TRNAinf-euk.cm	False	T_OR_VAR_ARM_MISSING_slots=[2]
mtdbD00063517|Glu|UUC|Homo sapiens	44	C	49	T_stem_5	TRNAinf-euk.cm	False	T_OR_VAR_ARM_MISSING_slots=[2]
mtdbD00063517|Glu|UUC|Homo sapiens	45	G	50	T_stem_5	TRNAinf-euk.cm	False	T_OR_VAR_ARM_MISSING_slots=[2]
mtdbD00063517|Glu|UUC|Homo sapiens	46	U	51	T_stem_5	TRNAinf-euk.cm	False	T_OR_VAR_ARM_MISSING_slots=[2]
mtdbD00063517|Glu|UUC|Homo sapiens	47	G	52	T_stem_5	TRNAinf-euk.cm	False	T_OR_VAR_ARM_MISSING_slots=[2]
mtdbD00063517|Glu|UUC|Homo sapiens	48	G	53	T_stem_5	TRNAinf-euk.cm	False	T_OR_VAR_ARM_MISSING_slots=[2]
mtdbD00063517|Glu|UUC|Homo sapiens	49	U	54	T_loop	TRNAinf-euk.cm	False	T_OR_VAR_ARM_MISSING_slots=[2]
mtdbD00063517|Glu|UUC|Homo sapiens	50	U	55	T_loop	TRNAinf-euk.cm	False	T_OR_VAR_ARM_MISSING_slots=[2]
mtdbD00063517|Glu|UUC|Homo sapiens	51	G	56	T_loop	TRNAinf-euk.cm	False	T_OR_VAR_ARM_MISSING_slots=[2]
mtdbD00063517|Glu|UUC|Homo sapiens	52	U	57	T_loop	TRNAinf-euk.cm	False	T_OR_VAR_ARM_MISSING_slots=[2]
mtdbD00063517|Glu|UUC|Homo sapiens	53	A	58	T_loop	TRNAinf-euk.cm	False	T_OR_VAR_ARM_MISSING_slots=[2]
mtdbD00063517|Glu|UUC|Homo sapiens	54	G	59	T_loop	TRNAinf-euk.cm	False	T_OR_VAR_ARM_MISSING_slots=[2]
mtdbD00063517|Glu|UUC|Homo sapiens	55	U	60	T_loop	TRNAinf-euk.cm	False	T_OR_VAR_ARM_MISSING_slots=[2]
mtdbD00063517|Glu|UUC|Homo sapiens	56	C	61	T_stem_3	TRNAinf-euk.cm	False	T_OR_VAR_ARM_MISSING_slots=[2]
mtdbD00063517|Glu|UUC|Homo sapiens	57	C	62	T_stem_3	TRNAinf-euk.cm	False	T_OR_VAR_ARM_MISSING_slots=[2]
mtdbD00063517|Glu|UUC|Homo sapiens	58	G	63	T_stem_3	TRNAinf-euk.cm	False	T_OR_VAR_ARM_MISSING_slots=[2]
mtdbD00063517|Glu|UUC|Homo sapiens	59	U	64	T_stem_3	TRNAinf-euk.cm	False	T_OR_VAR_ARM_MISSING_slots=[2]
mtdbD00063517|Glu|UUC|Homo sapiens	60	G	65	T_stem_3	TRNAinf-euk.cm	False	T_OR_VAR_ARM_MISSING_slots=[2]
mtdbD00063517|Glu|UUC|Homo sapiens	61	C	66	acceptor_3	TRNAinf-euk.cm	False	T_OR_VAR_ARM_MISSING_slots=[2]
mtdbD00063517|Glu|UUC|Homo sapiens	62	G	67	acceptor_3	TRNAinf-euk.cm	False	T_OR_VAR_ARM_MISSING_slots=[2]
mtdbD00063517|Glu|UUC|Homo sapiens	63	A	68	acceptor_3	TRNAinf-euk.cm	False	T_OR_VAR_ARM_MISSING_slots=[2]
mtdbD00063517|Glu|UUC|Homo sapiens	64	G	69	acceptor_3	TRNAinf-euk.cm	False	T_OR_VAR_ARM_MISSING_slots=[2]
mtdbD00063517|Glu|UUC|Homo sapiens	65	A	70	acceptor_3	TRNAinf-euk.cm	False	T_OR_VAR_ARM_MISSING_slots=[2]
mtdbD00063517|Glu|UUC|Homo sapiens	66	A	71	acceptor_3	TRNAinf-euk.cm	False	T_OR_VAR_ARM_MISSING_slots=[2]
mtdbD00063517|Glu|UUC|Homo sapiens	67	U	72	acceptor_3	TRNAinf-euk.cm	False	T_OR_VAR_ARM_MISSING_slots=[2]
mtdbD00063517|Glu|UUC|Homo sapiens	68	A	73	discriminator_CCA	TRNAinf-euk.cm	False	T_OR_VAR_ARM_MISSING_slots=[2]
mtdbD00063518|Thr|UGU|Homo sapiens	0	G	1	acceptor_5	TRNAinf-euk.cm	False	T_OR_VAR_ARM_MISSING_slots=[2]
mtdbD00063518|Thr|UGU|Homo sapiens	1	U	2	acceptor_5	TRNAinf-euk.cm	False	T_OR_VAR_ARM_MISSING_slots=[2]
mtdbD00063518|Thr|UGU|Homo sapiens	2	C	3	acceptor_5	TRNAinf-euk.cm	False	T_OR_VAR_ARM_MISSING_slots=[2]
mtdbD00063518|Thr|UGU|Homo sapiens	3	C	4	acceptor_5	TRNAinf-euk.cm	False	T_OR_VAR_ARM_MISSING_slots=[2]
mtdbD00063518|Thr|UGU|Homo sapiens	4	U	5	acceptor_5	TRNAinf-euk.cm	False	T_OR_VAR_ARM_MISSING_slots=[2]
mtdbD00063518|Thr|UGU|Homo sapiens	5	U	6	acceptor_5	TRNAinf-euk.cm	False	T_OR_VAR_ARM_MISSING_slots=[2]
mtdbD00063518|Thr|UGU|Homo sapiens	6	G	7	acceptor_5	TRNAinf-euk.cm	False	T_OR_VAR_ARM_MISSING_slots=[2]
mtdbD00063518|Thr|UGU|Homo sapiens	7	U	8	connector_AD	TRNAinf-euk.cm	False	T_OR_VAR_ARM_MISSING_slots=[2]
mtdbD00063518|Thr|UGU|Homo sapiens	8	A	9	connector_AD	TRNAinf-euk.cm	False	T_OR_VAR_ARM_MISSING_slots=[2]
mtdbD00063518|Thr|UGU|Homo sapiens	9	G	10	D_stem_5	TRNAinf-euk.cm	False	T_OR_VAR_ARM_MISSING_slots=[2]
mtdbD00063518|Thr|UGU|Homo sapiens	10	U	11	D_stem_5	TRNAinf-euk.cm	False	T_OR_VAR_ARM_MISSING_slots=[2]
mtdbD00063518|Thr|UGU|Homo sapiens	11	A	12	D_stem_5	TRNAinf-euk.cm	False	T_OR_VAR_ARM_MISSING_slots=[2]
mtdbD00063518|Thr|UGU|Homo sapiens	12	U	13	D_stem_5	TRNAinf-euk.cm	False	T_OR_VAR_ARM_MISSING_slots=[2]
mtdbD00063518|Thr|UGU|Homo sapiens	13	A	14	D_loop	TRNAinf-euk.cm	False	T_OR_VAR_ARM_MISSING_slots=[2]
mtdbD00063518|Thr|UGU|Homo sapiens	14	A	15	D_loop	TRNAinf-euk.cm	False	T_OR_VAR_ARM_MISSING_slots=[2]
mtdbD00063518|Thr|UGU|Homo sapiens	15	A	16	D_loop	TRNAinf-euk.cm	False	T_OR_VAR_ARM_MISSING_slots=[2]
mtdbD00063518|Thr|UGU|Homo sapiens	16	C	17	D_loop	TRNAinf-euk.cm	False	T_OR_VAR_ARM_MISSING_slots=[2]
mtdbD00063518|Thr|UGU|Homo sapiens	17	U	17a	D_loop	TRNAinf-euk.cm	False	T_OR_VAR_ARM_MISSING_slots=[2]
mtdbD00063518|Thr|UGU|Homo sapiens	18	A	18	D_loop	TRNAinf-euk.cm	False	T_OR_VAR_ARM_MISSING_slots=[2]
mtdbD00063518|Thr|UGU|Homo sapiens	19	A	22	D_stem_3	TRNAinf-euk.cm	False	T_OR_VAR_ARM_MISSING_slots=[2]
mtdbD00063518|Thr|UGU|Homo sapiens	20	U	23	D_stem_3	TRNAinf-euk.cm	False	T_OR_VAR_ARM_MISSING_slots=[2]
mtdbD00063518|Thr|UGU|Homo sapiens	21	A	24	D_stem_3	TRNAinf-euk.cm	False	T_OR_VAR_ARM_MISSING_slots=[2]
mtdbD00063518|Thr|UGU|Homo sapiens	22	C	25	D_stem_3	TRNAinf-euk.cm	False	T_OR_VAR_ARM_MISSING_slots=[2]
mtdbD00063518|Thr|UGU|Homo sapiens	23	A	26	connector_DC	TRNAinf-euk.cm	False	T_OR_VAR_ARM_MISSING_slots=[2]
mtdbD00063518|Thr|UGU|Homo sapiens	24	C	27	C_stem_5	TRNAinf-euk.cm	False	T_OR_VAR_ARM_MISSING_slots=[2]
mtdbD00063518|Thr|UGU|Homo sapiens	25	C	28	C_stem_5	TRNAinf-euk.cm	False	T_OR_VAR_ARM_MISSING_slots=[2]
mtdbD00063518|Thr|UGU|Homo sapiens	26	A	29	C_stem_5	TRNAinf-euk.cm	False	T_OR_VAR_ARM_MISSING_slots=[2]
mtdbD00063518|Thr|UGU|Homo sapiens	27	G	30	C_stem_5	TRNAinf-euk.cm	False	T_OR_VAR_ARM_MISSING_slots=[2]
mtdbD00063518|Thr|UGU|Homo sapiens	28	U	31	C_stem_5	TRNAinf-euk.cm	False	T_OR_VAR_ARM_MISSING_slots=[2]
mtdbD00063518|Thr|UGU|Homo sapiens	29	C	32	C_loop	TRNAinf-euk.cm	False	T_OR_VAR_ARM_MISSING_slots=[2]
mtdbD00063518|Thr|UGU|Homo sapiens	30	U	33	C_loop	TRNAinf-euk.cm	False	T_OR_VAR_ARM_MISSING_slots=[2]
mtdbD00063518|Thr|UGU|Homo sapiens	31	U	34	C_loop	TRNAinf-euk.cm	False	T_OR_VAR_ARM_MISSING_slots=[2]
mtdbD00063518|Thr|UGU|Homo sapiens	32	G	35	C_loop	TRNAinf-euk.cm	False	T_OR_VAR_ARM_MISSING_slots=[2]
mtdbD00063518|Thr|UGU|Homo sapiens	33	U	36	C_loop	TRNAinf-euk.cm	False	T_OR_VAR_ARM_MISSING_slots=[2]
mtdbD00063518|Thr|UGU|Homo sapiens	34	A	37	C_loop	TRNAinf-euk.cm	False	T_OR_VAR_ARM_MISSING_slots=[2]
mtdbD00063518|Thr|UGU|Homo sapiens	35	A	38	C_loop	TRNAinf-euk.cm	False	T_OR_VAR_ARM_MISSING_slots=[2]
mtdbD00063518|Thr|UGU|Homo sapiens	36	A	39	C_stem_3	TRNAinf-euk.cm	False	T_OR_VAR_ARM_MISSING_slots=[2]
mtdbD00063518|Thr|UGU|Homo sapiens	37	C	40	C_stem_3	TRNAinf-euk.cm	False	T_OR_VAR_ARM_MISSING_slots=[2]
mtdbD00063518|Thr|UGU|Homo sapiens	38	C	41	C_stem_3	TRNAinf-euk.cm	False	T_OR_VAR_ARM_MISSING_slots=[2]
mtdbD00063518|Thr|UGU|Homo sapiens	39	G	42	C_stem_3	TRNAinf-euk.cm	False	T_OR_VAR_ARM_MISSING_slots=[2]
mtdbD00063518|Thr|UGU|Homo sapiens	40	G	43	C_stem_3	TRNAinf-euk.cm	False	T_OR_VAR_ARM_MISSING_slots=[2]
mtdbD00063518|Thr|UGU|Homo sapiens	41	A	44	V_loop	TRNAinf-euk.cm	False	T_OR_VAR_ARM_MISSING_slots=[2]
mtdbD00063518|Thr|UGU|Homo sapiens	42	G	45	V_loop	TRNAinf-euk.cm	False	T_OR_VAR_ARM_MISSING_slots=[2]
mtdbD00063518|Thr|UGU|Homo sapiens	43	A	46	V_loop	TRNAinf-euk.cm	False	T_OR_VAR_ARM_MISSING_slots=[2]
mtdbD00063518|Thr|UGU|Homo sapiens	44	U	47	V_loop	TRNAinf-euk.cm	False	T_OR_VAR_ARM_MISSING_slots=[2]
mtdbD00063518|Thr|UGU|Homo sapiens	45	G	49	T_stem_5	TRNAinf-euk.cm	False	T_OR_VAR_ARM_MISSING_slots=[2]
mtdbD00063518|Thr|UGU|Homo sapiens	46	A	50	T_stem_5	TRNAinf-euk.cm	False	T_OR_VAR_ARM_MISSING_slots=[2]
mtdbD00063518|Thr|UGU|Homo sapiens	47	A	51	T_stem_5	TRNAinf-euk.cm	False	T_OR_VAR_ARM_MISSING_slots=[2]
mtdbD00063518|Thr|UGU|Homo sapiens	48	A	54	T_loop	TRNAinf-euk.cm	False	T_OR_VAR_ARM_MISSING_slots=[2]
mtdbD00063518|Thr|UGU|Homo sapiens	49	A	55	T_loop	TRNAinf-euk.cm	False	T_OR_VAR_ARM_MISSING_slots=[2]
mtdbD00063518|Thr|UGU|Homo sapiens	50	C	56	T_loop	TRNAinf-euk.cm	False	T_OR_VAR_ARM_MISSING_slots=[2]
mtdbD00063518|Thr|UGU|Homo sapiens	51	C	57	T_loop	TRNAinf-euk.cm	False	T_OR_VAR_ARM_MISSING_slots=[2]
mtdbD00063518|Thr|UGU|Homo sapiens	52	U	61	T_stem_3	TRNAinf-euk.cm	False	T_OR_VAR_ARM_MISSING_slots=[2]
mtdbD00063518|Thr|UGU|Homo sapiens	53	U	62	T_stem_3	TRNAinf-euk.cm	False	T_OR_VAR_ARM_MISSING_slots=[2]
mtdbD00063518|Thr|UGU|Homo sapiens	54	U	63	T_stem_3	TRNAinf-euk.cm	False	T_OR_VAR_ARM_MISSING_slots=[2]
mtdbD00063518|Thr|UGU|Homo sapiens	55	U	66	acceptor_3	TRNAinf-euk.cm	False	T_OR_VAR_ARM_MISSING_slots=[2]
mtdbD00063518|Thr|UGU|Homo sapiens	56	U			TRNAinf-euk.cm	False	T_OR_VAR_ARM_MISSING_slots=[2]
mtdbD00063518|Thr|UGU|Homo sapiens	57	C	67	acceptor_3	TRNAinf-euk.cm	False	T_OR_VAR_ARM_MISSING_slots=[2]
mtdbD00063518|Thr|UGU|Homo sapiens	58	C	68	acceptor_3	TRNAinf-euk.cm	False	T_OR_VAR_ARM_MISSING_slots=[2]
mtdbD00063518|Thr|UGU|Homo sapiens	59	A	69	acceptor_3	TRNAinf-euk.cm	False	T_OR_VAR_ARM_MISSING_slots=[2]
mtdbD00063518|Thr|UGU|Homo sapiens	60	A	70	acceptor_3	TRNAinf-euk.cm	False	T_OR_VAR_ARM_MISSING_slots=[2]
mtdbD00063518|Thr|UGU|Homo sapiens	61	G	71	acceptor_3	TRNAinf-euk.cm	False	T_OR_VAR_ARM_MISSING_slots=[2]
mtdbD00063518|Thr|UGU|Homo sapiens	62	G	72	acceptor_3	TRNAinf-euk.cm	False	T_OR_VAR_ARM_MISSING_slots=[2]
mtdbD00063518|Thr|UGU|Homo sapiens	63	A	73	discriminator_CCA	TRNAinf-euk.cm	False	T_OR_VAR_ARM_MISSING_slots=[2]
mtdbD00063518|Thr|UGU|Homo sapiens	64	C	74	discriminator_CCA	TRNAinf-euk.cm	False	T_OR_VAR_ARM_MISSING_slots=[2]
mtdbD00063518|Thr|UGU|Homo sapiens	65	A	75	discriminator_CCA	TRNAinf-euk.cm	False	T_OR_VAR_ARM_MISSING_slots=[2]
mtdbD00063519|Pro|UGG|Homo sapiens	0	C			TRNAinf-euk.cm	False	T_OR_VAR_ARM_MISSING_slots=[2]
mtdbD00063519|Pro|UGG|Homo sapiens	1	A	1	acceptor_5	TRNAinf-euk.cm	False	T_OR_VAR_ARM_MISSING_slots=[2]
mtdbD00063519|Pro|UGG|Homo sapiens	2	G	2	acceptor_5	TRNAinf-euk.cm	False	T_OR_VAR_ARM_MISSING_slots=[2]
mtdbD00063519|Pro|UGG|Homo sapiens	3	A	3	acceptor_5	TRNAinf-euk.cm	False	T_OR_VAR_ARM_MISSING_slots=[2]
mtdbD00063519|Pro|UGG|Homo sapiens	4	G	4	acceptor_5	TRNAinf-euk.cm	False	T_OR_VAR_ARM_MISSING_slots=[2]
mtdbD00063519|Pro|UGG|Homo sapiens	5	A	5	acceptor_5	TRNAinf-euk.cm	False	T_OR_VAR_ARM_MISSING_slots=[2]
mtdbD00063519|Pro|UGG|Homo sapiens	6	A	6	acceptor_5	TRNAinf-euk.cm	False	T_OR_VAR_ARM_MISSING_slots=[2]
mtdbD00063519|Pro|UGG|Homo sapiens	7	U	8	connector_AD	TRNAinf-euk.cm	False	T_OR_VAR_ARM_MISSING_slots=[2]
mtdbD00063519|Pro|UGG|Homo sapiens	8	A	9	connector_AD	TRNAinf-euk.cm	False	T_OR_VAR_ARM_MISSING_slots=[2]
mtdbD00063519|Pro|UGG|Homo sapiens	9	G	10	D_stem_5	TRNAinf-euk.cm	False	T_OR_VAR_ARM_MISSING_slots=[2]
mtdbD00063519|Pro|UGG|Homo sapiens	10	U	11	D_stem_5	TRNAinf-euk.cm	False	T_OR_VAR_ARM_MISSING_slots=[2]
mtdbD00063519|Pro|UGG|Homo sapiens	11	U	12	D_stem_5	TRNAinf-euk.cm	False	T_OR_VAR_ARM_MISSING_slots=[2]
mtdbD00063519|Pro|UGG|Homo sapiens	12	U	13	D_stem_5	TRNAinf-euk.cm	False	T_OR_VAR_ARM_MISSING_slots=[2]
mtdbD00063519|Pro|UGG|Homo sapiens	13	A	14	D_loop	TRNAinf-euk.cm	False	T_OR_VAR_ARM_MISSING_slots=[2]
mtdbD00063519|Pro|UGG|Homo sapiens	14	A	15	D_loop	TRNAinf-euk.cm	False	T_OR_VAR_ARM_MISSING_slots=[2]
mtdbD00063519|Pro|UGG|Homo sapiens	15	A	16	D_loop	TRNAinf-euk.cm	False	T_OR_VAR_ARM_MISSING_slots=[2]
mtdbD00063519|Pro|UGG|Homo sapiens	16	U	17	D_loop	TRNAinf-euk.cm	False	T_OR_VAR_ARM_MISSING_slots=[2]
mtdbD00063519|Pro|UGG|Homo sapiens	17	U	17a	D_loop	TRNAinf-euk.cm	False	T_OR_VAR_ARM_MISSING_slots=[2]
mtdbD00063519|Pro|UGG|Homo sapiens	18	A	18	D_loop	TRNAinf-euk.cm	False	T_OR_VAR_ARM_MISSING_slots=[2]
mtdbD00063519|Pro|UGG|Homo sapiens	19	G	22	D_stem_3	TRNAinf-euk.cm	False	T_OR_VAR_ARM_MISSING_slots=[2]
mtdbD00063519|Pro|UGG|Homo sapiens	20	A	23	D_stem_3	TRNAinf-euk.cm	False	T_OR_VAR_ARM_MISSING_slots=[2]
mtdbD00063519|Pro|UGG|Homo sapiens	21	A	24	D_stem_3	TRNAinf-euk.cm	False	T_OR_VAR_ARM_MISSING_slots=[2]
mtdbD00063519|Pro|UGG|Homo sapiens	22	U	25	D_stem_3	TRNAinf-euk.cm	False	T_OR_VAR_ARM_MISSING_slots=[2]
mtdbD00063519|Pro|UGG|Homo sapiens	23	C	26	connector_DC	TRNAinf-euk.cm	False	T_OR_VAR_ARM_MISSING_slots=[2]
mtdbD00063519|Pro|UGG|Homo sapiens	24	U	27	C_stem_5	TRNAinf-euk.cm	False	T_OR_VAR_ARM_MISSING_slots=[2]
mtdbD00063519|Pro|UGG|Homo sapiens	25	U	28	C_stem_5	TRNAinf-euk.cm	False	T_OR_VAR_ARM_MISSING_slots=[2]
mtdbD00063519|Pro|UGG|Homo sapiens	26	A	29	C_stem_5	TRNAinf-euk.cm	False	T_OR_VAR_ARM_MISSING_slots=[2]
mtdbD00063519|Pro|UGG|Homo sapiens	27	G	30	C_stem_5	TRNAinf-euk.cm	False	T_OR_VAR_ARM_MISSING_slots=[2]
mtdbD00063519|Pro|UGG|Homo sapiens	28	C	31	C_stem_5	TRNAinf-euk.cm	False	T_OR_VAR_ARM_MISSING_slots=[2]
mtdbD00063519|Pro|UGG|Homo sapiens	29	U	32	C_loop	TRNAinf-euk.cm	False	T_OR_VAR_ARM_MISSING_slots=[2]
mtdbD00063519|Pro|UGG|Homo sapiens	30	U	33	C_loop	TRNAinf-euk.cm	False	T_OR_VAR_ARM_MISSING_slots=[2]
mtdbD00063519|Pro|UGG|Homo sapiens	31	U	34	C_loop	TRNAinf-euk.cm	False	T_OR_VAR_ARM_MISSING_slots=[2]
mtdbD00063519|Pro|UGG|Homo sapiens	32	G	35	C_loop	TRNAinf-euk.cm	False	T_OR_VAR_ARM_MISSING_slots=[2]
mtdbD00063519|Pro|UGG|Homo sapiens	33	G	36	C_loop	TRNAinf-euk.cm	False	T_OR_VAR_ARM_MISSING_slots=[2]
mtdbD00063519|Pro|UGG|Homo sapiens	34	G	37	C_loop	TRNAinf-euk.cm	False	T_OR_VAR_ARM_MISSING_slots=[2]
mtdbD00063519|Pro|UGG|Homo sapiens	35	U	38	C_loop	TRNAinf-euk.cm	False	T_OR_VAR_ARM_MISSING_slots=[2]
mtdbD00063519|Pro|UGG|Homo sapiens	36	G	39	C_stem_3	TRNAinf-euk.cm	False	T_OR_VAR_ARM_MISSING_slots=[2]
mtdbD00063519|Pro|UGG|Homo sapiens	37	C	40	C_stem_3	TRNAinf-euk.cm	False	T_OR_VAR_ARM_MISSING_slots=[2]
mtdbD00063519|Pro|UGG|Homo sapiens	38	U	41	C_stem_3	TRNAinf-euk.cm	False	T_OR_VAR_ARM_MISSING_slots=[2]
mtdbD00063519|Pro|UGG|Homo sapiens	39	A	42	C_stem_3	TRNAinf-euk.cm	False	T_OR_VAR_ARM_MISSING_slots=[2]
mtdbD00063519|Pro|UGG|Homo sapiens	40	A	43	C_stem_3	TRNAinf-euk.cm	False	T_OR_VAR_ARM_MISSING_slots=[2]
mtdbD00063519|Pro|UGG|Homo sapiens	41	U	44	V_loop	TRNAinf-euk.cm	False	T_OR_VAR_ARM_MISSING_slots=[2]
mtdbD00063519|Pro|UGG|Homo sapiens	42	G	45	V_loop	TRNAinf-euk.cm	False	T_OR_VAR_ARM_MISSING_slots=[2]
mtdbD00063519|Pro|UGG|Homo sapiens	43	G	46	V_loop	TRNAinf-euk.cm	False	T_OR_VAR_ARM_MISSING_slots=[2]
mtdbD00063519|Pro|UGG|Homo sapiens	44	U	47	V_loop	TRNAinf-euk.cm	False	T_OR_VAR_ARM_MISSING_slots=[2]
mtdbD00063519|Pro|UGG|Homo sapiens	45	G	49	T_stem_5	TRNAinf-euk.cm	False	T_OR_VAR_ARM_MISSING_slots=[2]
mtdbD00063519|Pro|UGG|Homo sapiens	46	G	50	T_stem_5	TRNAinf-euk.cm	False	T_OR_VAR_ARM_MISSING_slots=[2]
mtdbD00063519|Pro|UGG|Homo sapiens	47	A	51	T_stem_5	TRNAinf-euk.cm	False	T_OR_VAR_ARM_MISSING_slots=[2]
mtdbD00063519|Pro|UGG|Homo sapiens	48	G	52	T_stem_5	TRNAinf-euk.cm	False	T_OR_VAR_ARM_MISSING_slots=[2]
mtdbD00063519|Pro|UGG|Homo sapiens	49	U	53	T_stem_5	TRNAinf-euk.cm	False	T_OR_VAR_ARM_MISSING_slots=[2]
mtdbD00063519|Pro|UGG|Homo sapiens	50	U	54	T_loop	TRNAinf-euk.cm	False	T_OR_VAR_ARM_MISSING_slots=[2]
mtdbD00063519|Pro|UGG|Homo sapiens	51	A	55	T_loop	TRNAinf-euk.cm	False	T_OR_VAR_ARM_MISSING_slots=[2]
mtdbD00063519|Pro|UGG|Homo sapiens	52	A	56	T_loop	TRNAinf-euk.cm	False	T_OR_VAR_ARM_MISSING_slots=[2]
mtdbD00063519|Pro|UGG|Homo sapiens	53	A	57	T_loop	TRNAinf-euk.cm	False	T_OR_VAR_ARM_MISSING_slots=[2]
mtdbD00063519|Pro|UGG|Homo sapiens	54	G	58	T_loop	TRNAinf-euk.cm	False	T_OR_VAR_ARM_MISSING_slots=[2]
mtdbD00063519|Pro|UGG|Homo sapiens	55	A	59	T_loop	TRNAinf-euk.cm	False	T_OR_VAR_ARM_MISSING_slots=[2]
mtdbD00063519|Pro|UGG|Homo sapiens	56	C	61	T_stem_3	TRNAinf-euk.cm	False	T_OR_VAR_ARM_MISSING_slots=[2]
mtdbD00063519|Pro|UGG|Homo sapiens	57	U	62	T_stem_3	TRNAinf-euk.cm	False	T_OR_VAR_ARM_MISSING_slots=[2]
mtdbD00063519|Pro|UGG|Homo sapiens	58	U	63	T_stem_3	TRNAinf-euk.cm	False	T_OR_VAR_ARM_MISSING_slots=[2]
mtdbD00063519|Pro|UGG|Homo sapiens	59	U	64	T_stem_3	TRNAinf-euk.cm	False	T_OR_VAR_ARM_MISSING_slots=[2]
mtdbD00063519|Pro|UGG|Homo sapiens	60	U	65	T_stem_3	TRNAinf-euk.cm	False	T_OR_VAR_ARM_MISSING_slots=[2]
mtdbD00063519|Pro|UGG|Homo sapiens	61	U	66	acceptor_3	TRNAinf-euk.cm	False	T_OR_VAR_ARM_MISSING_slots=[2]
mtdbD00063519|Pro|UGG|Homo sapiens	62	C	67	acceptor_3	TRNAinf-euk.cm	False	T_OR_VAR_ARM_MISSING_slots=[2]
mtdbD00063519|Pro|UGG|Homo sapiens	63	U	68	acceptor_3	TRNAinf-euk.cm	False	T_OR_VAR_ARM_MISSING_slots=[2]
mtdbD00063519|Pro|UGG|Homo sapiens	64	C	69	acceptor_3	TRNAinf-euk.cm	False	T_OR_VAR_ARM_MISSING_slots=[2]
mtdbD00063519|Pro|UGG|Homo sapiens	65	U	70	acceptor_3	TRNAinf-euk.cm	False	T_OR_VAR_ARM_MISSING_slots=[2]
mtdbD00063519|Pro|UGG|Homo sapiens	66	G	71	acceptor_3	TRNAinf-euk.cm	False	T_OR_VAR_ARM_MISSING_slots=[2]
mtdbD00063519|Pro|UGG|Homo sapiens	67	A	73	discriminator_CCA	TRNAinf-euk.cm	False	T_OR_VAR_ARM_MISSING_slots=[2]
mtdbD00125563|Glu|UUC|Saccharomyces cerevisiae	0	G	1	acceptor_5	TRNAinf-euk.cm	False	UNANCHORED_fallback_structurally_absent=[2]
mtdbD00125563|Glu|UUC|Saccharomyces cerevisiae	1	A	2	acceptor_5	TRNAinf-euk.cm	False	UNANCHORED_fallback_structurally_absent=[2]
mtdbD00125563|Glu|UUC|Saccharomyces cerevisiae	2	C	3	acceptor_5	TRNAinf-euk.cm	False	UNANCHORED_fallback_structurally_absent=[2]
mtdbD00125563|Glu|UUC|Saccharomyces cerevisiae	3	C	4	acceptor_5	TRNAinf-euk.cm	False	UNANCHORED_fallback_structurally_absent=[2]
mtdbD00125563|Glu|UUC|Saccharomyces cerevisiae	4	U	5	acceptor_5	TRNAinf-euk.cm	False	UNANCHORED_fallback_structurally_absent=[2]
mtdbD00125563|Glu|UUC|Saccharomyces cerevisiae	5	U	6	acceptor_5	TRNAinf-euk.cm	False	UNANCHORED_fallback_structurally_absent=[2]
mtdbD00125563|Glu|UUC|Saccharomyces cerevisiae	6	A	7	acceptor_5	TRNAinf-euk.cm	False	UNANCHORED_fallback_structurally_absent=[2]
mtdbD00125563|Glu|UUC|Saccharomyces cerevisiae	7	U	8	connector_AD	TRNAinf-euk.cm	False	UNANCHORED_fallback_structurally_absent=[2]
mtdbD00125563|Glu|UUC|Saccharomyces cerevisiae	8	C	9	connector_AD	TRNAinf-euk.cm	False	UNANCHORED_fallback_structurally_absent=[2]
mtdbD00125563|Glu|UUC|Saccharomyces cerevisiae	9	G	10	D_stem_5	TRNAinf-euk.cm	False	UNANCHORED_fallback_structurally_absent=[2]
mtdbD00125563|Glu|UUC|Saccharomyces cerevisiae	10	U	11	D_stem_5	TRNAinf-euk.cm	False	UNANCHORED_fallback_structurally_absent=[2]
mtdbD00125563|Glu|UUC|Saccharomyces cerevisiae	11	C	12	D_stem_5	TRNAinf-euk.cm	False	UNANCHORED_fallback_structurally_absent=[2]
mtdbD00125563|Glu|UUC|Saccharomyces cerevisiae	12	U	13	D_stem_5	TRNAinf-euk.cm	False	UNANCHORED_fallback_structurally_absent=[2]
mtdbD00125563|Glu|UUC|Saccharomyces cerevisiae	13	A	14	D_loop	TRNAinf-euk.cm	False	UNANCHORED_fallback_structurally_absent=[2]
mtdbD00125563|Glu|UUC|Saccharomyces cerevisiae	14	A	15	D_loop	TRNAinf-euk.cm	False	UNANCHORED_fallback_structurally_absent=[2]
mtdbD00125563|Glu|UUC|Saccharomyces cerevisiae	15	U	16	D_loop	TRNAinf-euk.cm	False	UNANCHORED_fallback_structurally_absent=[2]
mtdbD00125563|Glu|UUC|Saccharomyces cerevisiae	16	G	17	D_loop	TRNAinf-euk.cm	False	UNANCHORED_fallback_structurally_absent=[2]
mtdbD00125563|Glu|UUC|Saccharomyces cerevisiae	17	G	17a	D_loop	TRNAinf-euk.cm	False	UNANCHORED_fallback_structurally_absent=[2]
mtdbD00125563|Glu|UUC|Saccharomyces cerevisiae	18	U	18	D_loop	TRNAinf-euk.cm	False	UNANCHORED_fallback_structurally_absent=[2]
mtdbD00125563|Glu|UUC|Saccharomyces cerevisiae	19	U	19	D_loop	TRNAinf-euk.cm	False	UNANCHORED_fallback_structurally_absent=[2]
mtdbD00125563|Glu|UUC|Saccharomyces cerevisiae	20	A	20	D_loop	TRNAinf-euk.cm	False	UNANCHORED_fallback_structurally_absent=[2]
mtdbD00125563|Glu|UUC|Saccharomyces cerevisiae	21	C	22	D_stem_3	TRNAinf-euk.cm	False	UNANCHORED_fallback_structurally_absent=[2]
mtdbD00125563|Glu|UUC|Saccharomyces cerevisiae	22	G	23	D_stem_3	TRNAinf-euk.cm	False	UNANCHORED_fallback_structurally_absent=[2]
mtdbD00125563|Glu|UUC|Saccharomyces cerevisiae	23	A	24	D_stem_3	TRNAinf-euk.cm	False	UNANCHORED_fallback_structurally_absent=[2]
mtdbD00125563|Glu|UUC|Saccharomyces cerevisiae	24	C	25	D_stem_3	TRNAinf-euk.cm	False	UNANCHORED_fallback_structurally_absent=[2]
mtdbD00125563|Glu|UUC|Saccharomyces cerevisiae	25	A	26	connector_DC	TRNAinf-euk.cm	False	UNANCHORED_fallback_structurally_absent=[2]
mtdbD00125563|Glu|UUC|Saccharomyces cerevisiae	26	U	27	C_stem_5	TRNAinf-euk.cm	False	UNANCHORED_fallback_structurally_absent=[2]
mtdbD00125563|Glu|UUC|Saccharomyces cerevisiae	27	C	28	C_stem_5	TRNAinf-euk.cm	False	UNANCHORED_fallback_structurally_absent=[2]
mtdbD00125563|Glu|UUC|Saccharomyces cerevisiae	28	A	29	C_stem_5	TRNAinf-euk.cm	False	UNANCHORED_fallback_structurally_absent=[2]
mtdbD00125563|Glu|UUC|Saccharomyces cerevisiae	29	C	30	C_stem_5	TRNAinf-euk.cm	False	UNANCHORED_fallback_structurally_absent=[2]
mtdbD00125563|Glu|UUC|Saccharomyces cerevisiae	30	C	31	C_stem_5	TRNAinf-euk.cm	False	UNANCHORED_fallback_structurally_absent=[2]
mtdbD00125563|Glu|UUC|Saccharomyces cerevisiae	31	U	32	C_loop	TRNAinf-euk.cm	False	UNANCHORED_fallback_structurally_absent=[2]
mtdbD00125563|Glu|UUC|Saccharomyces cerevisiae	32	C	33	C_loop	TRNAinf-euk.cm	False	UNANCHORED_fallback_structurally_absent=[2]
mtdbD00125563|Glu|UUC|Saccharomyces cerevisiae	33	U	34	C_loop	TRNAinf-euk.cm	False	UNANCHORED_fallback_structurally_absent=[2]
mtdbD00125563|Glu|UUC|Saccharomyces cerevisiae	34	U	35	C_loop	TRNAinf-euk.cm	False	UNANCHORED_fallback_structurally_absent=[2]
mtdbD00125563|Glu|UUC|Saccharomyces cerevisiae	35	C	36	C_loop	TRNAinf-euk.cm	False	UNANCHORED_fallback_structurally_absent=[2]
mtdbD00125563|Glu|UUC|Saccharomyces cerevisiae	36	A	37	C_loop	TRNAinf-euk.cm	False	UNANCHORED_fallback_structurally_absent=[2]
mtdbD00125563|Glu|UUC|Saccharomyces cerevisiae	37	U	38	C_loop	TRNAinf-euk.cm	False	UNANCHORED_fallback_structurally_absent=[2]
mtdbD00125563|Glu|UUC|Saccharomyces cerevisiae	38	G	39	C_stem_3	TRNAinf-euk.cm	False	UNANCHORED_fallback_structurally_absent=[2]
mtdbD00125563|Glu|UUC|Saccharomyces cerevisiae	39	U	40	C_stem_3	TRNAinf-euk.cm	False	UNANCHORED_fallback_structurally_absent=[2]
mtdbD00125563|Glu|UUC|Saccharomyces cerevisiae	40	U	41	C_stem_3	TRNAinf-euk.cm	False	UNANCHORED_fallback_structurally_absent=[2]
mtdbD00125563|Glu|UUC|Saccharomyces cerevisiae	41	G	42	C_stem_3	TRNAinf-euk.cm	False	UNANCHORED_fallback_structurally_absent=[2]
mtdbD00125563|Glu|UUC|Saccharomyces cerevisiae	42	A	43	C_stem_3	TRNAinf-euk.cm	False	UNANCHORED_fallback_structurally_absent=[2]
mtdbD00125563|Glu|UUC|Saccharomyces cerevisiae	43	U	44	V_loop	TRNAinf-euk.cm	False	UNANCHORED_fallback_structurally_absent=[2]
mtdbD00125563|Glu|UUC|Saccharomyces cerevisiae	44	A	45	V_loop	TRNAinf-euk.cm	False	UNANCHORED_fallback_structurally_absent=[2]
mtdbD00125563|Glu|UUC|Saccharomyces cerevisiae	45	A	46	V_loop	TRNAinf-euk.cm	False	UNANCHORED_fallback_structurally_absent=[2]
mtdbD00125563|Glu|UUC|Saccharomyces cerevisiae	46	U	47	V_loop	TRNAinf-euk.cm	False	UNANCHORED_fallback_structurally_absent=[2]
mtdbD00125563|Glu|UUC|Saccharomyces cerevisiae	47	A	49	T_stem_5	TRNAinf-euk.cm	False	UNANCHORED_fallback_structurally_absent=[2]
mtdbD00125563|Glu|UUC|Saccharomyces cerevisiae	48	U	50	T_stem_5	TRNAinf-euk.cm	False	UNANCHORED_fallback_structurally_absent=[2]
mtdbD00125563|Glu|UUC|Saccharomyces cerevisiae	49	C	51	T_stem_5	TRNAinf-euk.cm	False	UNANCHORED_fallback_structurally_absent=[2]
mtdbD00125563|Glu|UUC|Saccharomyces cerevisiae	50	G	52	T_stem_5	TRNAinf-euk.cm	False	UNANCHORED_fallback_structurally_absent=[2]
mtdbD00125563|Glu|UUC|Saccharomyces cerevisiae	51	G	53	T_stem_5	TRNAinf-euk.cm	False	UNANCHORED_fallback_structurally_absent=[2]
mtdbD00125563|Glu|UUC|Saccharomyces cerevisiae	52	U	54	T_loop	TRNAinf-euk.cm	False	UNANCHORED_fallback_structurally_absent=[2]
mtdbD00125563|Glu|UUC|Saccharomyces cerevisiae	53	U	55	T_loop	TRNAinf-euk.cm	False	UNANCHORED_fallback_structurally_absent=[2]
mtdbD00125563|Glu|UUC|Saccharomyces cerevisiae	54	C	56	T_loop	TRNAinf-euk.cm	False	UNANCHORED_fallback_structurally_absent=[2]
mtdbD00125563|Glu|UUC|Saccharomyces cerevisiae	55	G	57	T_loop	TRNAinf-euk.cm	False	UNANCHORED_fallback_structurally_absent=[2]
mtdbD00125563|Glu|UUC|Saccharomyces cerevisiae	56	A	58	T_loop	TRNAinf-euk.cm	False	UNANCHORED_fallback_structurally_absent=[2]
mtdbD00125563|Glu|UUC|Saccharomyces cerevisiae	57	U	59	T_loop	TRNAinf-euk.cm	False	UNANCHORED_fallback_structurally_absent=[2]
mtdbD00125563|Glu|UUC|Saccharomyces cerevisiae	58	U	60	T_loop	TRNAinf-euk.cm	False	UNANCHORED_fallback_structurally_absent=[2]
mtdbD00125563|Glu|UUC|Saccharomyces cerevisiae	59	C	61	T_stem_3	TRNAinf-euk.cm	False	UNANCHORED_fallback_structurally_absent=[2]
mtdbD00125563|Glu|UUC|Saccharomyces cerevisiae	60	C	62	T_stem_3	TRNAinf-euk.cm	False	UNANCHORED_fallback_structurally_absent=[2]
mtdbD00125563|Glu|UUC|Saccharomyces cerevisiae	61	G	63	T_stem_3	TRNAinf-euk.cm	False	UNANCHORED_fallback_structurally_absent=[2]
mtdbD00125563|Glu|UUC|Saccharomyces cerevisiae	62	A	64	T_stem_3	TRNAinf-euk.cm	False	UNANCHORED_fallback_structurally_absent=[2]
mtdbD00125563|Glu|UUC|Saccharomyces cerevisiae	63	U	65	T_stem_3	TRNAinf-euk.cm	False	UNANCHORED_fallback_structurally_absent=[2]
mtdbD00125563|Glu|UUC|Saccharomyces cerevisiae	64	U	66	acceptor_3	TRNAinf-euk.cm	False	UNANCHORED_fallback_structurally_absent=[2]
mtdbD00125563|Glu|UUC|Saccharomyces cerevisiae	65	A	67	acceptor_3	TRNAinf-euk.cm	False	UNANCHORED_fallback_structurally_absent=[2]
mtdbD00125563|Glu|UUC|Saccharomyces cerevisiae	66	A	68	acceptor_3	TRNAinf-euk.cm	False	UNANCHORED_fallback_structurally_absent=[2]
mtdbD00125563|Glu|UUC|Saccharomyces cerevisiae	67	G	69	acceptor_3	TRNAinf-euk.cm	False	UNANCHORED_fallback_structurally_absent=[2]
mtdbD00125563|Glu|UUC|Saccharomyces cerevisiae	68	G	70	acceptor_3	TRNAinf-euk.cm	False	UNANCHORED_fallback_structurally_absent=[2]
mtdbD00125563|Glu|UUC|Saccharomyces cerevisiae	69	U	71	acceptor_3	TRNAinf-euk.cm	False	UNANCHORED_fallback_structurally_absent=[2]
mtdbD00125563|Glu|UUC|Saccharomyces cerevisiae	70	U	72	acceptor_3	TRNAinf-euk.cm	False	UNANCHORED_fallback_structurally_absent=[2]
mtdbD00125563|Glu|UUC|Saccharomyces cerevisiae	71	A	73	discriminator_CCA	TRNAinf-euk.cm	False	UNANCHORED_fallback_structurally_absent=[2]
mtdbD00125564|His|GUG|Saccharomyces cerevisiae	0	G	1	acceptor_5	TRNAinf-euk.cm	False	T_OR_VAR_ARM_MISSING_slots=[2]
mtdbD00125564|His|GUG|Saccharomyces cerevisiae	1	U	2	acceptor_5	TRNAinf-euk.cm	False	T_OR_VAR_ARM_MISSING_slots=[2]
mtdbD00125564|His|GUG|Saccharomyces cerevisiae	2	G	3	acceptor_5	TRNAinf-euk.cm	False	T_OR_VAR_ARM_MISSING_slots=[2]
mtdbD00125564|His|GUG|Saccharomyces cerevisiae	3	A	4	acceptor_5	TRNAinf-euk.cm	False	T_OR_VAR_ARM_MISSING_slots=[2]
mtdbD00125564|His|GUG|Saccharomyces cerevisiae	4	A	5	acceptor_5	TRNAinf-euk.cm	False	T_OR_VAR_ARM_MISSING_slots=[2]
mtdbD00125564|His|GUG|Saccharomyces cerevisiae	5	U	6	acceptor_5	TRNAinf-euk.cm	False	T_OR_VAR_ARM_MISSING_slots=[2]
mtdbD00125564|His|GUG|Saccharomyces cerevisiae	6	A	7	acceptor_5	TRNAinf-euk.cm	False	T_OR_VAR_ARM_MISSING_slots=[2]
mtdbD00125564|His|GUG|Saccharomyces cerevisiae	7	U	8	connector_AD	TRNAinf-euk.cm	False	T_OR_VAR_ARM_MISSING_slots=[2]
mtdbD00125564|His|GUG|Saccharomyces cerevisiae	8	A	9	connector_AD	TRNAinf-euk.cm	False	T_OR_VAR_ARM_MISSING_slots=[2]
mtdbD00125564|His|GUG|Saccharomyces cerevisiae	9	U	10	D_stem_5	TRNAinf-euk.cm	False	T_OR_VAR_ARM_MISSING_slots=[2]
mtdbD00125564|His|GUG|Saccharomyces cerevisiae	10	U	11	D_stem_5	TRNAinf-euk.cm	False	T_OR_VAR_ARM_MISSING_slots=[2]
mtdbD00125564|His|GUG|Saccharomyces cerevisiae	11	U	12	D_stem_5	TRNAinf-euk.cm	False	T_OR_VAR_ARM_MISSING_slots=[2]
mtdbD00125564|His|GUG|Saccharomyces cerevisiae	12	C	13	D_stem_5	TRNAinf-euk.cm	False	T_OR_VAR_ARM_MISSING_slots=[2]
mtdbD00125564|His|GUG|Saccharomyces cerevisiae	13	A	14	D_loop	TRNAinf-euk.cm	False	T_OR_VAR_ARM_MISSING_slots=[2]
mtdbD00125564|His|GUG|Saccharomyces cerevisiae	14	A	15	D_loop	TRNAinf-euk.cm	False	T_OR_VAR_ARM_MISSING_slots=[2]
mtdbD00125564|His|GUG|Saccharomyces cerevisiae	15	U	16	D_loop	TRNAinf-euk.cm	False	T_OR_VAR_ARM_MISSING_slots=[2]
mtdbD00125564|His|GUG|Saccharomyces cerevisiae	16	G	17	D_loop	TRNAinf-euk.cm	False	T_OR_VAR_ARM_MISSING_slots=[2]
mtdbD00125564|His|GUG|Saccharomyces cerevisiae	17	G	17a	D_loop	TRNAinf-euk.cm	False	T_OR_VAR_ARM_MISSING_slots=[2]
mtdbD00125564|His|GUG|Saccharomyces cerevisiae	18	U	18	D_loop	TRNAinf-euk.cm	False	T_OR_VAR_ARM_MISSING_slots=[2]
mtdbD00125564|His|GUG|Saccharomyces cerevisiae	19	A	19	D_loop	TRNAinf-euk.cm	False	T_OR_VAR_ARM_MISSING_slots=[2]
mtdbD00125564|His|GUG|Saccharomyces cerevisiae	20	G	22	D_stem_3	TRNAinf-euk.cm	False	T_OR_VAR_ARM_MISSING_slots=[2]
mtdbD00125564|His|GUG|Saccharomyces cerevisiae	21	A	23	D_stem_3	TRNAinf-euk.cm	False	T_OR_VAR_ARM_MISSING_slots=[2]
mtdbD00125564|His|GUG|Saccharomyces cerevisiae	22	A	24	D_stem_3	TRNAinf-euk.cm	False	T_OR_VAR_ARM_MISSING_slots=[2]
mtdbD00125564|His|GUG|Saccharomyces cerevisiae	23	A	25	D_stem_3	TRNAinf-euk.cm	False	T_OR_VAR_ARM_MISSING_slots=[2]
mtdbD00125564|His|GUG|Saccharomyces cerevisiae	24	A	26	connector_DC	TRNAinf-euk.cm	False	T_OR_VAR_ARM_MISSING_slots=[2]
mtdbD00125564|His|GUG|Saccharomyces cerevisiae	25	U	27	C_stem_5	TRNAinf-euk.cm	False	T_OR_VAR_ARM_MISSING_slots=[2]
mtdbD00125564|His|GUG|Saccharomyces cerevisiae	26	A	28	C_stem_5	TRNAinf-euk.cm	False	T_OR_VAR_ARM_MISSING_slots=[2]
mtdbD00125564|His|GUG|Saccharomyces cerevisiae	27	C	29	C_stem_5	TRNAinf-euk.cm	False	T_OR_VAR_ARM_MISSING_slots=[2]
mtdbD00125564|His|GUG|Saccharomyces cerevisiae	28	G	30	C_stem_5	TRNAinf-euk.cm	False	T_OR_VAR_ARM_MISSING_slots=[2]
mtdbD00125564|His|GUG|Saccharomyces cerevisiae	29	C	31	C_stem_5	TRNAinf-euk.cm	False	T_OR_VAR_ARM_MISSING_slots=[2]
mtdbD00125564|His|GUG|Saccharomyces cerevisiae	30	U	32	C_loop	TRNAinf-euk.cm	False	T_OR_VAR_ARM_MISSING_slots=[2]
mtdbD00125564|His|GUG|Saccharomyces cerevisiae	31	U	33	C_loop	TRNAinf-euk.cm	False	T_OR_VAR_ARM_MISSING_slots=[2]
mtdbD00125564|His|GUG|Saccharomyces cerevisiae	32	G	34	C_loop	TRNAinf-euk.cm	False	T_OR_VAR_ARM_MISSING_slots=[2]
mtdbD00125564|His|GUG|Saccharomyces cerevisiae	33	U	35	C_loop	TRNAinf-euk.cm	False	T_OR_VAR_ARM_MISSING_slots=[2]
mtdbD00125564|His|GUG|Saccharomyces cerevisiae	34	G	36	C_loop	TRNAinf-euk.cm	False	T_OR_VAR_ARM_MISSING_slots=[2]
mtdbD00125564|His|GUG|Saccharomyces cerevisiae	35	G	37	C_loop	TRNAinf-euk.cm	False	T_OR_VAR_ARM_MISSING_slots=[2]
mtdbD00125564|His|GUG|Saccharomyces cerevisiae	36	U	38	C_loop	TRNAinf-euk.cm	False	T_OR_VAR_ARM_MISSING_slots=[2]
mtdbD00125564|His|GUG|Saccharomyces cerevisiae	37	G	39	C_stem_3	TRNAinf-euk.cm	False	T_OR_VAR_ARM_MISSING_slots=[2]
mtdbD00125564|His|GUG|Saccharomyces cerevisiae	38	C	40	C_stem_3	TRNAinf-euk.cm	False	T_OR_VAR_ARM_MISSING_slots=[2]
mtdbD00125564|His|GUG|Saccharomyces cerevisiae	39	G	41	C_stem_3	TRNAinf-euk.cm	False	T_OR_VAR_ARM_MISSING_slots=[2]
mtdbD00125564|His|GUG|Saccharomyces cerevisiae	40	U	42	C_stem_3	TRNAinf-euk.cm	False	T_OR_VAR_ARM_MISSING_slots=[2]
mtdbD00125564|His|GUG|Saccharomyces cerevisiae	41	U	43	C_stem_3	TRNAinf-euk.cm	False	T_OR_VAR_ARM_MISSING_slots=[2]
mtdbD00125564|His|GUG|Saccharomyces cerevisiae	42	A	44	V_loop	TRNAinf-euk.cm	False	T_OR_VAR_ARM_MISSING_slots=[2]
mtdbD00125564|His|GUG|Saccharomyces cerevisiae	43	A	45	V_loop	TRNAinf-euk.cm	False	T_OR_VAR_ARM_MISSING_slots=[2]
mtdbD00125564|His|GUG|Saccharomyces cerevisiae	44	A	46	V_loop	TRNAinf-euk.cm	False	T_OR_VAR_ARM_MISSING_slots=[2]
mtdbD00125564|His|GUG|Saccharomyces cerevisiae	45	U	47	V_loop	TRNAinf-euk.cm	False	T_OR_VAR_ARM_MISSING_slots=[2]
mtdbD00125564|His|GUG|Saccharomyces cerevisiae	46	C	49	T_stem_5	TRNAinf-euk.cm	False	T_OR_VAR_ARM_MISSING_slots=[2]
mtdbD00125564|His|GUG|Saccharomyces cerevisiae	47	U	50	T_stem_5	TRNAinf-euk.cm	False	T_OR_VAR_ARM_MISSING_slots=[2]
mtdbD00125564|His|GUG|Saccharomyces cerevisiae	48	G	51	T_stem_5	TRNAinf-euk.cm	False	T_OR_VAR_ARM_MISSING_slots=[2]
mtdbD00125564|His|GUG|Saccharomyces cerevisiae	49	A	52	T_stem_5	TRNAinf-euk.cm	False	T_OR_VAR_ARM_MISSING_slots=[2]
mtdbD00125564|His|GUG|Saccharomyces cerevisiae	50	G	53	T_stem_5	TRNAinf-euk.cm	False	T_OR_VAR_ARM_MISSING_slots=[2]
mtdbD00125564|His|GUG|Saccharomyces cerevisiae	51	U	54	T_loop	TRNAinf-euk.cm	False	T_OR_VAR_ARM_MISSING_slots=[2]
mtdbD00125564|His|GUG|Saccharomyces cerevisiae	52	U	55	T_loop	TRNAinf-euk.cm	False	T_OR_VAR_ARM_MISSING_slots=[2]
mtdbD00125564|His|GUG|Saccharomyces cerevisiae	53	C	56	T_loop	TRNAinf-euk.cm	False	T_OR_VAR_ARM_MISSING_slots=[2]
mtdbD00125564|His|GUG|Saccharomyces cerevisiae	54	G	57	T_loop	TRNAinf-euk.cm	False	T_OR_VAR_ARM_MISSING_slots=[2]
mtdbD00125564|His|GUG|Saccharomyces cerevisiae	55	A	58	T_loop	TRNAinf-euk.cm	False	T_OR_VAR_ARM_MISSING_slots=[2]
mtdbD00125564|His|GUG|Saccharomyces cerevisiae	56	U	59	T_loop	TRNAinf-euk.cm	False	T_OR_VAR_ARM_MISSING_slots=[2]
mtdbD00125564|His|GUG|Saccharomyces cerevisiae	57	U	60	T_loop	TRNAinf-euk.cm	False	T_OR_VAR_ARM_MISSING_slots=[2]
mtdbD00125564|His|GUG|Saccharomyces cerevisiae	58	C	61	T_stem_3	TRNAinf-euk.cm	False	T_OR_VAR_ARM_MISSING_slots=[2]
mtdbD00125564|His|GUG|Saccharomyces cerevisiae	59	U	62	T_stem_3	TRNAinf-euk.cm	False	T_OR_VAR_ARM_MISSING_slots=[2]
mtdbD00125564|His|GUG|Saccharomyces cerevisiae	60	C	63	T_stem_3	TRNAinf-euk.cm	False	T_OR_VAR_ARM_MISSING_slots=[2]
mtdbD00125564|His|GUG|Saccharomyces cerevisiae	61	A	64	T_stem_3	TRNAinf-euk.cm	False	T_OR_VAR_ARM_MISSING_slots=[2]
mtdbD00125564|His|GUG|Saccharomyces cerevisiae	62	G	65	T_stem_3	TRNAinf-euk.cm	False	T_OR_VAR_ARM_MISSING_slots=[2]
mtdbD00125564|His|GUG|Saccharomyces cerevisiae	63	U	66	acceptor_3	TRNAinf-euk.cm	False	T_OR_VAR_ARM_MISSING_slots=[2]
mtdbD00125564|His|GUG|Saccharomyces cerevisiae	64	A	67	acceptor_3	TRNAinf-euk.cm	False	T_OR_VAR_ARM_MISSING_slots=[2]
mtdbD00125564|His|GUG|Saccharomyces cerevisiae	65	U	68	acceptor_3	TRNAinf-euk.cm	False	T_OR_VAR_ARM_MISSING_slots=[2]
mtdbD00125564|His|GUG|Saccharomyces cerevisiae	66	U	69	acceptor_3	TRNAinf-euk.cm	False	T_OR_VAR_ARM_MISSING_slots=[2]
mtdbD00125564|His|GUG|Saccharomyces cerevisiae	67	C	70	acceptor_3	TRNAinf-euk.cm	False	T_OR_VAR_ARM_MISSING_slots=[2]
mtdbD00125564|His|GUG|Saccharomyces cerevisiae	68	A	71	acceptor_3	TRNAinf-euk.cm	False	T_OR_VAR_ARM_MISSING_slots=[2]
mtdbD00125564|His|GUG|Saccharomyces cerevisiae	69	C	72	acceptor_3	TRNAinf-euk.cm	False	T_OR_VAR_ARM_MISSING_slots=[2]
mtdbD00125564|His|GUG|Saccharomyces cerevisiae	70	C	73	discriminator_CCA	TRNAinf-euk.cm	False	T_OR_VAR_ARM_MISSING_slots=[2]
mtdbD00125565|Lys|UUU|Saccharomyces cerevisiae	0	G	1	acceptor_5	TRNAinf-euk.cm	False	T_OR_VAR_ARM_MISSING_slots=[2]
mtdbD00125565|Lys|UUU|Saccharomyces cerevisiae	1	A	2	acceptor_5	TRNAinf-euk.cm	False	T_OR_VAR_ARM_MISSING_slots=[2]
mtdbD00125565|Lys|UUU|Saccharomyces cerevisiae	2	G	3	acceptor_5	TRNAinf-euk.cm	False	T_OR_VAR_ARM_MISSING_slots=[2]
mtdbD00125565|Lys|UUU|Saccharomyces cerevisiae	3	A	4	acceptor_5	TRNAinf-euk.cm	False	T_OR_VAR_ARM_MISSING_slots=[2]
mtdbD00125565|Lys|UUU|Saccharomyces cerevisiae	4	A	5	acceptor_5	TRNAinf-euk.cm	False	T_OR_VAR_ARM_MISSING_slots=[2]
mtdbD00125565|Lys|UUU|Saccharomyces cerevisiae	5	U	6	acceptor_5	TRNAinf-euk.cm	False	T_OR_VAR_ARM_MISSING_slots=[2]
mtdbD00125565|Lys|UUU|Saccharomyces cerevisiae	6	A	7	acceptor_5	TRNAinf-euk.cm	False	T_OR_VAR_ARM_MISSING_slots=[2]
mtdbD00125565|Lys|UUU|Saccharomyces cerevisiae	7	U	8	connector_AD	TRNAinf-euk.cm	False	T_OR_VAR_ARM_MISSING_slots=[2]
mtdbD00125565|Lys|UUU|Saccharomyces cerevisiae	8	U	9	connector_AD	TRNAinf-euk.cm	False	T_OR_VAR_ARM_MISSING_slots=[2]
mtdbD00125565|Lys|UUU|Saccharomyces cerevisiae	9	G	10	D_stem_5	TRNAinf-euk.cm	False	T_OR_VAR_ARM_MISSING_slots=[2]
mtdbD00125565|Lys|UUU|Saccharomyces cerevisiae	10	U	11	D_stem_5	TRNAinf-euk.cm	False	T_OR_VAR_ARM_MISSING_slots=[2]
mtdbD00125565|Lys|UUU|Saccharomyces cerevisiae	11	U	12	D_stem_5	TRNAinf-euk.cm	False	T_OR_VAR_ARM_MISSING_slots=[2]
mtdbD00125565|Lys|UUU|Saccharomyces cerevisiae	12	U	13	D_stem_5	TRNAinf-euk.cm	False	T_OR_VAR_ARM_MISSING_slots=[2]
mtdbD00125565|Lys|UUU|Saccharomyces cerevisiae	13	A	14	D_loop	TRNAinf-euk.cm	False	T_OR_VAR_ARM_MISSING_slots=[2]
mtdbD00125565|Lys|UUU|Saccharomyces cerevisiae	14	A	15	D_loop	TRNAinf-euk.cm	False	T_OR_VAR_ARM_MISSING_slots=[2]
mtdbD00125565|Lys|UUU|Saccharomyces cerevisiae	15	U	16	D_loop	TRNAinf-euk.cm	False	T_OR_VAR_ARM_MISSING_slots=[2]
mtdbD00125565|Lys|UUU|Saccharomyces cerevisiae	16	G	17	D_loop	TRNAinf-euk.cm	False	T_OR_VAR_ARM_MISSING_slots=[2]
mtdbD00125565|Lys|UUU|Saccharomyces cerevisiae	17	G	17a	D_loop	TRNAinf-euk.cm	False	T_OR_VAR_ARM_MISSING_slots=[2]
mtdbD00125565|Lys|UUU|Saccharomyces cerevisiae	18	U	18	D_loop	TRNAinf-euk.cm	False	T_OR_VAR_ARM_MISSING_slots=[2]
mtdbD00125565|Lys|UUU|Saccharomyces cerevisiae	19	A	19	D_loop	TRNAinf-euk.cm	False	T_OR_VAR_ARM_MISSING_slots=[2]
mtdbD00125565|Lys|UUU|Saccharomyces cerevisiae	20	A	22	D_stem_3	TRNAinf-euk.cm	False	T_OR_VAR_ARM_MISSING_slots=[2]
mtdbD00125565|Lys|UUU|Saccharomyces cerevisiae	21	A	23	D_stem_3	TRNAinf-euk.cm	False	T_OR_VAR_ARM_MISSING_slots=[2]
mtdbD00125565|Lys|UUU|Saccharomyces cerevisiae	22	A	24	D_stem_3	TRNAinf-euk.cm	False	T_OR_VAR_ARM_MISSING_slots=[2]
mtdbD00125565|Lys|UUU|Saccharomyces cerevisiae	23	C	25	D_stem_3	TRNAinf-euk.cm	False	T_OR_VAR_ARM_MISSING_slots=[2]
mtdbD00125565|Lys|UUU|Saccharomyces cerevisiae	24	A	26	connector_DC	TRNAinf-euk.cm	False	T_OR_VAR_ARM_MISSING_slots=[2]
mtdbD00125565|Lys|UUU|Saccharomyces cerevisiae	25	G	27	C_stem_5	TRNAinf-euk.cm	False	T_OR_VAR_ARM_MISSING_slots=[2]
mtdbD00125565|Lys|UUU|Saccharomyces cerevisiae	26	U	28	C_stem_5	TRNAinf-euk.cm	False	T_OR_VAR_ARM_MISSING_slots=[2]
mtdbD00125565|Lys|UUU|Saccharomyces cerevisiae	27	U	29	C_stem_5	TRNAinf-euk.cm	False	T_OR_VAR_ARM_MISSING_slots=[2]
mtdbD00125565|Lys|UUU|Saccharomyces cerevisiae	28	G	30	C_stem_5	TRNAinf-euk.cm	False	T_OR_VAR_ARM_MISSING_slots=[2]
mtdbD00125565|Lys|UUU|Saccharomyces cerevisiae	29	U	31	C_stem_5	TRNAinf-euk.cm	False	T_OR_VAR_ARM_MISSING_slots=[2]
mtdbD00125565|Lys|UUU|Saccharomyces cerevisiae	30	C	32	C_loop	TRNAinf-euk.cm	False	T_OR_VAR_ARM_MISSING_slots=[2]
mtdbD00125565|Lys|UUU|Saccharomyces cerevisiae	31	U	33	C_loop	TRNAinf-euk.cm	False	T_OR_VAR_ARM_MISSING_slots=[2]
mtdbD00125565|Lys|UUU|Saccharomyces cerevisiae	32	U	34	C_loop	TRNAinf-euk.cm	False	T_OR_VAR_ARM_MISSING_slots=[2]
mtdbD00125565|Lys|UUU|Saccharomyces cerevisiae	33	U	35	C_loop	TRNAinf-euk.cm	False	T_OR_VAR_ARM_MISSING_slots=[2]
mtdbD00125565|Lys|UUU|Saccharomyces cerevisiae	34	U	36	C_loop	TRNAinf-euk.cm	False	T_OR_VAR_ARM_MISSING_slots=[2]
mtdbD00125565|Lys|UUU|Saccharomyces cerevisiae	35	A	37	C_loop	TRNAinf-euk.cm	False	T_OR_VAR_ARM_MISSING_slots=[2]
mtdbD00125565|Lys|UUU|Saccharomyces cerevisiae	36	A	38	C_loop	TRNAinf-euk.cm	False	T_OR_VAR_ARM_MISSING_slots=[2]
mtdbD00125565|Lys|UUU|Saccharomyces cerevisiae	37	G	39	C_stem_3	TRNAinf-euk.cm	False	T_OR_VAR_ARM_MISSING_slots=[2]
mtdbD00125565|Lys|UUU|Saccharomyces cerevisiae	38	C	40	C_stem_3	TRNAinf-euk.cm	False	T_OR_VAR_ARM_MISSING_slots=[2]
mtdbD00125565|Lys|UUU|Saccharomyces cerevisiae	39	A	41	C_stem_3	TRNAinf-euk.cm	False	T_OR_VAR_ARM_MISSING_slots=[2]
mtdbD00125565|Lys|UUU|Saccharomyces cerevisiae	40	A	42	C_stem_3	TRNAinf-euk.cm	False	T_OR_VAR_ARM_MISSING_slots=[2]
mtdbD00125565|Lys|UUU|Saccharomyces cerevisiae	41	C	43	C_stem_3	TRNAinf-euk.cm	False	T_OR_VAR_ARM_MISSING_slots=[2]
mtdbD00125565|Lys|UUU|Saccharomyces cerevisiae	42	C	44	V_loop	TRNAinf-euk.cm	False	T_OR_VAR_ARM_MISSING_slots=[2]
mtdbD00125565|Lys|UUU|Saccharomyces cerevisiae	43	C	45	V_loop	TRNAinf-euk.cm	False	T_OR_VAR_ARM_MISSING_slots=[2]
mtdbD00125565|Lys|UUU|Saccharomyces cerevisiae	44	A	46	V_loop	TRNAinf-euk.cm	False	T_OR_VAR_ARM_MISSING_slots=[2]
mtdbD00125565|Lys|UUU|Saccharomyces cerevisiae	45	U	47	V_loop	TRNAinf-euk.cm	False	T_OR_VAR_ARM_MISSING_slots=[2]
mtdbD00125565|Lys|UUU|Saccharomyces cerevisiae	46	G	49	T_stem_5	TRNAinf-euk.cm	False	T_OR_VAR_ARM_MISSING_slots=[2]
mtdbD00125565|Lys|UUU|Saccharomyces cerevisiae	47	C	50	T_stem_5	TRNAinf-euk.cm	False	T_OR_VAR_ARM_MISSING_slots=[2]
mtdbD00125565|Lys|UUU|Saccharomyces cerevisiae	48	U	54	T_loop	TRNAinf-euk.cm	False	T_OR_VAR_ARM_MISSING_slots=[2]
mtdbD00125565|Lys|UUU|Saccharomyces cerevisiae	49	U	55	T_loop	TRNAinf-euk.cm	False	T_OR_VAR_ARM_MISSING_slots=[2]
mtdbD00125565|Lys|UUU|Saccharomyces cerevisiae	50	G	56	T_loop	TRNAinf-euk.cm	False	T_OR_VAR_ARM_MISSING_slots=[2]
mtdbD00125565|Lys|UUU|Saccharomyces cerevisiae	51	G	57	T_loop	TRNAinf-euk.cm	False	T_OR_VAR_ARM_MISSING_slots=[2]
mtdbD00125565|Lys|UUU|Saccharomyces cerevisiae	52	U	58	T_loop	TRNAinf-euk.cm	False	T_OR_VAR_ARM_MISSING_slots=[2]
mtdbD00125565|Lys|UUU|Saccharomyces cerevisiae	53	U	59	T_loop	TRNAinf-euk.cm	False	T_OR_VAR_ARM_MISSING_slots=[2]
mtdbD00125565|Lys|UUU|Saccharomyces cerevisiae	54	C	60	T_loop	TRNAinf-euk.cm	False	T_OR_VAR_ARM_MISSING_slots=[2]
mtdbD00125565|Lys|UUU|Saccharomyces cerevisiae	55	A	60A	T_loop	TRNAinf-euk.cm	False	T_OR_VAR_ARM_MISSING_slots=[2]
mtdbD00125565|Lys|UUU|Saccharomyces cerevisiae	56	A	60B	T_loop	TRNAinf-euk.cm	False	T_OR_VAR_ARM_MISSING_slots=[2]
mtdbD00125565|Lys|UUU|Saccharomyces cerevisiae	57	C	60C	T_loop	TRNAinf-euk.cm	False	T_OR_VAR_ARM_MISSING_slots=[2]
mtdbD00125565|Lys|UUU|Saccharomyces cerevisiae	58	U	60D	T_loop	TRNAinf-euk.cm	False	T_OR_VAR_ARM_MISSING_slots=[2]
mtdbD00125565|Lys|UUU|Saccharomyces cerevisiae	59	C	60E	T_loop	TRNAinf-euk.cm	False	T_OR_VAR_ARM_MISSING_slots=[2]
mtdbD00125565|Lys|UUU|Saccharomyces cerevisiae	60	C	60F	T_loop	TRNAinf-euk.cm	False	T_OR_VAR_ARM_MISSING_slots=[2]
mtdbD00125565|Lys|UUU|Saccharomyces cerevisiae	61	A	60G	T_loop	TRNAinf-euk.cm	False	T_OR_VAR_ARM_MISSING_slots=[2]
mtdbD00125565|Lys|UUU|Saccharomyces cerevisiae	62	G	61	T_stem_3	TRNAinf-euk.cm	False	T_OR_VAR_ARM_MISSING_slots=[2]
mtdbD00125565|Lys|UUU|Saccharomyces cerevisiae	63	C	62	T_stem_3	TRNAinf-euk.cm	False	T_OR_VAR_ARM_MISSING_slots=[2]
mtdbD00125565|Lys|UUU|Saccharomyces cerevisiae	64	U	66	acceptor_3	TRNAinf-euk.cm	False	T_OR_VAR_ARM_MISSING_slots=[2]
mtdbD00125565|Lys|UUU|Saccharomyces cerevisiae	65	A	67	acceptor_3	TRNAinf-euk.cm	False	T_OR_VAR_ARM_MISSING_slots=[2]
mtdbD00125565|Lys|UUU|Saccharomyces cerevisiae	66	U	68	acceptor_3	TRNAinf-euk.cm	False	T_OR_VAR_ARM_MISSING_slots=[2]
mtdbD00125565|Lys|UUU|Saccharomyces cerevisiae	67	U	69	acceptor_3	TRNAinf-euk.cm	False	T_OR_VAR_ARM_MISSING_slots=[2]
mtdbD00125565|Lys|UUU|Saccharomyces cerevisiae	68	C	70	acceptor_3	TRNAinf-euk.cm	False	T_OR_VAR_ARM_MISSING_slots=[2]
mtdbD00125565|Lys|UUU|Saccharomyces cerevisiae	69	U	71	acceptor_3	TRNAinf-euk.cm	False	T_OR_VAR_ARM_MISSING_slots=[2]
mtdbD00125565|Lys|UUU|Saccharomyces cerevisiae	70	C	72	acceptor_3	TRNAinf-euk.cm	False	T_OR_VAR_ARM_MISSING_slots=[2]
mtdbD00125565|Lys|UUU|Saccharomyces cerevisiae	71	A	73	discriminator_CCA	TRNAinf-euk.cm	False	T_OR_VAR_ARM_MISSING_slots=[2]
mtdbD00125566|Tyr|GUA|Saccharomyces cerevisiae	0	G	1	acceptor_5	TRNAinf-euk.cm	False	CANONICAL_NO_ARM_LOSS
mtdbD00125566|Tyr|GUA|Saccharomyces cerevisiae	1	G	2	acceptor_5	TRNAinf-euk.cm	False	CANONICAL_NO_ARM_LOSS
mtdbD00125566|Tyr|GUA|Saccharomyces cerevisiae	2	A	3	acceptor_5	TRNAinf-euk.cm	False	CANONICAL_NO_ARM_LOSS
mtdbD00125566|Tyr|GUA|Saccharomyces cerevisiae	3	G	4	acceptor_5	TRNAinf-euk.cm	False	CANONICAL_NO_ARM_LOSS
mtdbD00125566|Tyr|GUA|Saccharomyces cerevisiae	4	G	5	acceptor_5	TRNAinf-euk.cm	False	CANONICAL_NO_ARM_LOSS
mtdbD00125566|Tyr|GUA|Saccharomyces cerevisiae	5	G	6	acceptor_5	TRNAinf-euk.cm	False	CANONICAL_NO_ARM_LOSS
mtdbD00125566|Tyr|GUA|Saccharomyces cerevisiae	6	A	7	acceptor_5	TRNAinf-euk.cm	False	CANONICAL_NO_ARM_LOSS
mtdbD00125566|Tyr|GUA|Saccharomyces cerevisiae	7	U	8	connector_AD	TRNAinf-euk.cm	False	CANONICAL_NO_ARM_LOSS
mtdbD00125566|Tyr|GUA|Saccharomyces cerevisiae	8	U	9	connector_AD	TRNAinf-euk.cm	False	CANONICAL_NO_ARM_LOSS
mtdbD00125566|Tyr|GUA|Saccharomyces cerevisiae	9	U	10	D_stem_5	TRNAinf-euk.cm	False	CANONICAL_NO_ARM_LOSS
mtdbD00125566|Tyr|GUA|Saccharomyces cerevisiae	10	U	11	D_stem_5	TRNAinf-euk.cm	False	CANONICAL_NO_ARM_LOSS
mtdbD00125566|Tyr|GUA|Saccharomyces cerevisiae	11	C	12	D_stem_5	TRNAinf-euk.cm	False	CANONICAL_NO_ARM_LOSS
mtdbD00125566|Tyr|GUA|Saccharomyces cerevisiae	12	A	13	D_stem_5	TRNAinf-euk.cm	False	CANONICAL_NO_ARM_LOSS
mtdbD00125566|Tyr|GUA|Saccharomyces cerevisiae	13	A	14	D_loop	TRNAinf-euk.cm	False	CANONICAL_NO_ARM_LOSS
mtdbD00125566|Tyr|GUA|Saccharomyces cerevisiae	14	U	15	D_loop	TRNAinf-euk.cm	False	CANONICAL_NO_ARM_LOSS
mtdbD00125566|Tyr|GUA|Saccharomyces cerevisiae	15	G	16	D_loop	TRNAinf-euk.cm	False	CANONICAL_NO_ARM_LOSS
mtdbD00125566|Tyr|GUA|Saccharomyces cerevisiae	16	U	17	D_loop	TRNAinf-euk.cm	False	CANONICAL_NO_ARM_LOSS
mtdbD00125566|Tyr|GUA|Saccharomyces cerevisiae	17	U	17a	D_loop	TRNAinf-euk.cm	False	CANONICAL_NO_ARM_LOSS
mtdbD00125566|Tyr|GUA|Saccharomyces cerevisiae	18	G	18	D_loop	TRNAinf-euk.cm	False	CANONICAL_NO_ARM_LOSS
mtdbD00125566|Tyr|GUA|Saccharomyces cerevisiae	19	G	19	D_loop	TRNAinf-euk.cm	False	CANONICAL_NO_ARM_LOSS
mtdbD00125566|Tyr|GUA|Saccharomyces cerevisiae	20	U	20	D_loop	TRNAinf-euk.cm	False	CANONICAL_NO_ARM_LOSS
mtdbD00125566|Tyr|GUA|Saccharomyces cerevisiae	21	A	20a	D_loop	TRNAinf-euk.cm	False	CANONICAL_NO_ARM_LOSS
mtdbD00125566|Tyr|GUA|Saccharomyces cerevisiae	22	G	20b	D_loop	TRNAinf-euk.cm	False	CANONICAL_NO_ARM_LOSS
mtdbD00125566|Tyr|GUA|Saccharomyces cerevisiae	23	U	21	D_loop	TRNAinf-euk.cm	False	CANONICAL_NO_ARM_LOSS
mtdbD00125566|Tyr|GUA|Saccharomyces cerevisiae	24	U	22	D_stem_3	TRNAinf-euk.cm	False	CANONICAL_NO_ARM_LOSS
mtdbD00125566|Tyr|GUA|Saccharomyces cerevisiae	25	G	23	D_stem_3	TRNAinf-euk.cm	False	CANONICAL_NO_ARM_LOSS
mtdbD00125566|Tyr|GUA|Saccharomyces cerevisiae	26	G	24	D_stem_3	TRNAinf-euk.cm	False	CANONICAL_NO_ARM_LOSS
mtdbD00125566|Tyr|GUA|Saccharomyces cerevisiae	27	A	25	D_stem_3	TRNAinf-euk.cm	False	CANONICAL_NO_ARM_LOSS
mtdbD00125566|Tyr|GUA|Saccharomyces cerevisiae	28	G	26	connector_DC	TRNAinf-euk.cm	False	CANONICAL_NO_ARM_LOSS
mtdbD00125566|Tyr|GUA|Saccharomyces cerevisiae	29	U	27	C_stem_5	TRNAinf-euk.cm	False	CANONICAL_NO_ARM_LOSS
mtdbD00125566|Tyr|GUA|Saccharomyces cerevisiae	30	U	28	C_stem_5	TRNAinf-euk.cm	False	CANONICAL_NO_ARM_LOSS
mtdbD00125566|Tyr|GUA|Saccharomyces cerevisiae	31	G	29	C_stem_5	TRNAinf-euk.cm	False	CANONICAL_NO_ARM_LOSS
mtdbD00125566|Tyr|GUA|Saccharomyces cerevisiae	32	A	30	C_stem_5	TRNAinf-euk.cm	False	CANONICAL_NO_ARM_LOSS
mtdbD00125566|Tyr|GUA|Saccharomyces cerevisiae	33	G	31	C_stem_5	TRNAinf-euk.cm	False	CANONICAL_NO_ARM_LOSS
mtdbD00125566|Tyr|GUA|Saccharomyces cerevisiae	34	C	32	C_loop	TRNAinf-euk.cm	False	CANONICAL_NO_ARM_LOSS
mtdbD00125566|Tyr|GUA|Saccharomyces cerevisiae	35	U	33	C_loop	TRNAinf-euk.cm	False	CANONICAL_NO_ARM_LOSS
mtdbD00125566|Tyr|GUA|Saccharomyces cerevisiae	36	G	34	C_loop	TRNAinf-euk.cm	False	CANONICAL_NO_ARM_LOSS
mtdbD00125566|Tyr|GUA|Saccharomyces cerevisiae	37	U	35	C_loop	TRNAinf-euk.cm	False	CANONICAL_NO_ARM_LOSS
mtdbD00125566|Tyr|GUA|Saccharomyces cerevisiae	38	A	36	C_loop	TRNAinf-euk.cm	False	CANONICAL_NO_ARM_LOSS
mtdbD00125566|Tyr|GUA|Saccharomyces cerevisiae	39	A	37	C_loop	TRNAinf-euk.cm	False	CANONICAL_NO_ARM_LOSS
mtdbD00125566|Tyr|GUA|Saccharomyces cerevisiae	40	A	38	C_loop	TRNAinf-euk.cm	False	CANONICAL_NO_ARM_LOSS
mtdbD00125566|Tyr|GUA|Saccharomyces cerevisiae	41	C	39	C_stem_3	TRNAinf-euk.cm	False	CANONICAL_NO_ARM_LOSS
mtdbD00125566|Tyr|GUA|Saccharomyces cerevisiae	42	U	40	C_stem_3	TRNAinf-euk.cm	False	CANONICAL_NO_ARM_LOSS
mtdbD00125566|Tyr|GUA|Saccharomyces cerevisiae	43	C	41	C_stem_3	TRNAinf-euk.cm	False	CANONICAL_NO_ARM_LOSS
mtdbD00125566|Tyr|GUA|Saccharomyces cerevisiae	44	A	42	C_stem_3	TRNAinf-euk.cm	False	CANONICAL_NO_ARM_LOSS
mtdbD00125566|Tyr|GUA|Saccharomyces cerevisiae	45	A	43	C_stem_3	TRNAinf-euk.cm	False	CANONICAL_NO_ARM_LOSS
mtdbD00125566|Tyr|GUA|Saccharomyces cerevisiae	46	U	44	V_loop	TRNAinf-euk.cm	False	CANONICAL_NO_ARM_LOSS
mtdbD00125566|Tyr|GUA|Saccharomyces cerevisiae	47	G	49	T_stem_5	TRNAinf-euk.cm	False	CANONICAL_NO_ARM_LOSS
mtdbD00125566|Tyr|GUA|Saccharomyces cerevisiae	48	A	50	T_stem_5	TRNAinf-euk.cm	False	CANONICAL_NO_ARM_LOSS
mtdbD00125566|Tyr|GUA|Saccharomyces cerevisiae	49	C	51	T_stem_5	TRNAinf-euk.cm	False	CANONICAL_NO_ARM_LOSS
mtdbD00125566|Tyr|GUA|Saccharomyces cerevisiae	50	U	54	T_loop	TRNAinf-euk.cm	False	CANONICAL_NO_ARM_LOSS
mtdbD00125566|Tyr|GUA|Saccharomyces cerevisiae	51	U	55	T_loop	TRNAinf-euk.cm	False	CANONICAL_NO_ARM_LOSS
mtdbD00125566|Tyr|GUA|Saccharomyces cerevisiae	52	A	56	T_loop	TRNAinf-euk.cm	False	CANONICAL_NO_ARM_LOSS
mtdbD00125566|Tyr|GUA|Saccharomyces cerevisiae	53	G	57	T_loop	TRNAinf-euk.cm	False	CANONICAL_NO_ARM_LOSS
mtdbD00125566|Tyr|GUA|Saccharomyces cerevisiae	54	G	61	T_stem_3	TRNAinf-euk.cm	False	CANONICAL_NO_ARM_LOSS
mtdbD00125566|Tyr|GUA|Saccharomyces cerevisiae	55	U	62	T_stem_3	TRNAinf-euk.cm	False	CANONICAL_NO_ARM_LOSS
mtdbD00125566|Tyr|GUA|Saccharomyces cerevisiae	56	C	63	T_stem_3	TRNAinf-euk.cm	False	CANONICAL_NO_ARM_LOSS
mtdbD00125566|Tyr|GUA|Saccharomyces cerevisiae	57	U			TRNAinf-euk.cm	False	CANONICAL_NO_ARM_LOSS
mtdbD00125566|Tyr|GUA|Saccharomyces cerevisiae	58	U			TRNAinf-euk.cm	False	CANONICAL_NO_ARM_LOSS
mtdbD00125566|Tyr|GUA|Saccharomyces cerevisiae	59	C			TRNAinf-euk.cm	False	CANONICAL_NO_ARM_LOSS
mtdbD00125566|Tyr|GUA|Saccharomyces cerevisiae	60	A			TRNAinf-euk.cm	False	CANONICAL_NO_ARM_LOSS
mtdbD00125566|Tyr|GUA|Saccharomyces cerevisiae	61	U			TRNAinf-euk.cm	False	CANONICAL_NO_ARM_LOSS
mtdbD00125566|Tyr|GUA|Saccharomyces cerevisiae	62	A			TRNAinf-euk.cm	False	CANONICAL_NO_ARM_LOSS
mtdbD00125566|Tyr|GUA|Saccharomyces cerevisiae	63	G			TRNAinf-euk.cm	False	CANONICAL_NO_ARM_LOSS
mtdbD00125566|Tyr|GUA|Saccharomyces cerevisiae	64	G			TRNAinf-euk.cm	False	CANONICAL_NO_ARM_LOSS
mtdbD00125566|Tyr|GUA|Saccharomyces cerevisiae	65	U			TRNAinf-euk.cm	False	CANONICAL_NO_ARM_LOSS
mtdbD00125566|Tyr|GUA|Saccharomyces cerevisiae	66	U			TRNAinf-euk.cm	False	CANONICAL_NO_ARM_LOSS
mtdbD00125566|Tyr|GUA|Saccharomyces cerevisiae	67	C			TRNAinf-euk.cm	False	CANONICAL_NO_ARM_LOSS
mtdbD00125566|Tyr|GUA|Saccharomyces cerevisiae	68	A			TRNAinf-euk.cm	False	CANONICAL_NO_ARM_LOSS
mtdbD00125566|Tyr|GUA|Saccharomyces cerevisiae	69	A			TRNAinf-euk.cm	False	CANONICAL_NO_ARM_LOSS
mtdbD00125566|Tyr|GUA|Saccharomyces cerevisiae	70	U			TRNAinf-euk.cm	False	CANONICAL_NO_ARM_LOSS
mtdbD00125566|Tyr|GUA|Saccharomyces cerevisiae	71	U			TRNAinf-euk.cm	False	CANONICAL_NO_ARM_LOSS
mtdbD00125566|Tyr|GUA|Saccharomyces cerevisiae	72	C			TRNAinf-euk.cm	False	CANONICAL_NO_ARM_LOSS
mtdbD00125566|Tyr|GUA|Saccharomyces cerevisiae	73	C			TRNAinf-euk.cm	False	CANONICAL_NO_ARM_LOSS
mtdbD00125566|Tyr|GUA|Saccharomyces cerevisiae	74	U			TRNAinf-euk.cm	False	CANONICAL_NO_ARM_LOSS
mtdbD00125566|Tyr|GUA|Saccharomyces cerevisiae	75	A			TRNAinf-euk.cm	False	CANONICAL_NO_ARM_LOSS
mtdbD00125566|Tyr|GUA|Saccharomyces cerevisiae	76	U			TRNAinf-euk.cm	False	CANONICAL_NO_ARM_LOSS
mtdbD00125566|Tyr|GUA|Saccharomyces cerevisiae	77	U	66	acceptor_3	TRNAinf-euk.cm	False	CANONICAL_NO_ARM_LOSS
mtdbD00125566|Tyr|GUA|Saccharomyces cerevisiae	78	C	67	acceptor_3	TRNAinf-euk.cm	False	CANONICAL_NO_ARM_LOSS
mtdbD00125566|Tyr|GUA|Saccharomyces cerevisiae	79	C	68	acceptor_3	TRNAinf-euk.cm	False	CANONICAL_NO_ARM_LOSS
mtdbD00125566|Tyr|GUA|Saccharomyces cerevisiae	80	C	69	acceptor_3	TRNAinf-euk.cm	False	CANONICAL_NO_ARM_LOSS
mtdbD00125566|Tyr|GUA|Saccharomyces cerevisiae	81	U	70	acceptor_3	TRNAinf-euk.cm	False	CANONICAL_NO_ARM_LOSS
mtdbD00125566|Tyr|GUA|Saccharomyces cerevisiae	82	U	71	acceptor_3	TRNAinf-euk.cm	False	CANONICAL_NO_ARM_LOSS
mtdbD00125566|Tyr|GUA|Saccharomyces cerevisiae	83	C	72	acceptor_3	TRNAinf-euk.cm	False	CANONICAL_NO_ARM_LOSS
mtdbD00125566|Tyr|GUA|Saccharomyces cerevisiae	84	A	73	discriminator_CCA	TRNAinf-euk.cm	False	CANONICAL_NO_ARM_LOSS
mtdbD00339284|Lys|UUU|Schizosaccharomyces pombe	0	G	1	acceptor_5	TRNAinf-euk.cm	False	T_OR_VAR_ARM_MISSING_slots=[2]
mtdbD00339284|Lys|UUU|Schizosaccharomyces pombe	1	G	2	acceptor_5	TRNAinf-euk.cm	False	T_OR_VAR_ARM_MISSING_slots=[2]
mtdbD00339284|Lys|UUU|Schizosaccharomyces pombe	2	G	3	acceptor_5	TRNAinf-euk.cm	False	T_OR_VAR_ARM_MISSING_slots=[2]
mtdbD00339284|Lys|UUU|Schizosaccharomyces pombe	3	G	4	acceptor_5	TRNAinf-euk.cm	False	T_OR_VAR_ARM_MISSING_slots=[2]
mtdbD00339284|Lys|UUU|Schizosaccharomyces pombe	4	A	5	acceptor_5	TRNAinf-euk.cm	False	T_OR_VAR_ARM_MISSING_slots=[2]
mtdbD00339284|Lys|UUU|Schizosaccharomyces pombe	5	U	6	acceptor_5	TRNAinf-euk.cm	False	T_OR_VAR_ARM_MISSING_slots=[2]
mtdbD00339284|Lys|UUU|Schizosaccharomyces pombe	6	G	7	acceptor_5	TRNAinf-euk.cm	False	T_OR_VAR_ARM_MISSING_slots=[2]
mtdbD00339284|Lys|UUU|Schizosaccharomyces pombe	7	U	8	connector_AD	TRNAinf-euk.cm	False	T_OR_VAR_ARM_MISSING_slots=[2]
mtdbD00339284|Lys|UUU|Schizosaccharomyces pombe	8	A	9	connector_AD	TRNAinf-euk.cm	False	T_OR_VAR_ARM_MISSING_slots=[2]
mtdbD00339284|Lys|UUU|Schizosaccharomyces pombe	9	G	10	D_stem_5	TRNAinf-euk.cm	False	T_OR_VAR_ARM_MISSING_slots=[2]
mtdbD00339284|Lys|UUU|Schizosaccharomyces pombe	10	C	11	D_stem_5	TRNAinf-euk.cm	False	T_OR_VAR_ARM_MISSING_slots=[2]
mtdbD00339284|Lys|UUU|Schizosaccharomyces pombe	11	U	12	D_stem_5	TRNAinf-euk.cm	False	T_OR_VAR_ARM_MISSING_slots=[2]
mtdbD00339284|Lys|UUU|Schizosaccharomyces pombe	12	C	13	D_stem_5	TRNAinf-euk.cm	False	T_OR_VAR_ARM_MISSING_slots=[2]
mtdbD00339284|Lys|UUU|Schizosaccharomyces pombe	13	A	14	D_loop	TRNAinf-euk.cm	False	T_OR_VAR_ARM_MISSING_slots=[2]
mtdbD00339284|Lys|UUU|Schizosaccharomyces pombe	14	A	15	D_loop	TRNAinf-euk.cm	False	T_OR_VAR_ARM_MISSING_slots=[2]
mtdbD00339284|Lys|UUU|Schizosaccharomyces pombe	15	U	16	D_loop	TRNAinf-euk.cm	False	T_OR_VAR_ARM_MISSING_slots=[2]
mtdbD00339284|Lys|UUU|Schizosaccharomyces pombe	16	G	17	D_loop	TRNAinf-euk.cm	False	T_OR_VAR_ARM_MISSING_slots=[2]
mtdbD00339284|Lys|UUU|Schizosaccharomyces pombe	17	G	17a	D_loop	TRNAinf-euk.cm	False	T_OR_VAR_ARM_MISSING_slots=[2]
mtdbD00339284|Lys|UUU|Schizosaccharomyces pombe	18	U	18	D_loop	TRNAinf-euk.cm	False	T_OR_VAR_ARM_MISSING_slots=[2]
mtdbD00339284|Lys|UUU|Schizosaccharomyces pombe	19	U	19	D_loop	TRNAinf-euk.cm	False	T_OR_VAR_ARM_MISSING_slots=[2]
mtdbD00339284|Lys|UUU|Schizosaccharomyces pombe	20	A	20	D_loop	TRNAinf-euk.cm	False	T_OR_VAR_ARM_MISSING_slots=[2]
mtdbD00339284|Lys|UUU|Schizosaccharomyces pombe	21	G	22	D_stem_3	TRNAinf-euk.cm	False	T_OR_VAR_ARM_MISSING_slots=[2]
mtdbD00339284|Lys|UUU|Schizosaccharomyces pombe	22	A	23	D_stem_3	TRNAinf-euk.cm	False	T_OR_VAR_ARM_MISSING_slots=[2]
mtdbD00339284|Lys|UUU|Schizosaccharomyces pombe	23	G	24	D_stem_3	TRNAinf-euk.cm	False	T_OR_VAR_ARM_MISSING_slots=[2]
mtdbD00339284|Lys|UUU|Schizosaccharomyces pombe	24	C	25	D_stem_3	TRNAinf-euk.cm	False	T_OR_VAR_ARM_MISSING_slots=[2]
mtdbD00339284|Lys|UUU|Schizosaccharomyces pombe	25	U	26	connector_DC	TRNAinf-euk.cm	False	T_OR_VAR_ARM_MISSING_slots=[2]
mtdbD00339284|Lys|UUU|Schizosaccharomyces pombe	26	U	27	C_stem_5	TRNAinf-euk.cm	False	T_OR_VAR_ARM_MISSING_slots=[2]
mtdbD00339284|Lys|UUU|Schizosaccharomyces pombe	27	U	28	C_stem_5	TRNAinf-euk.cm	False	T_OR_VAR_ARM_MISSING_slots=[2]
mtdbD00339284|Lys|UUU|Schizosaccharomyces pombe	28	C	29	C_stem_5	TRNAinf-euk.cm	False	T_OR_VAR_ARM_MISSING_slots=[2]
mtdbD00339284|Lys|UUU|Schizosaccharomyces pombe	29	G	30	C_stem_5	TRNAinf-euk.cm	False	T_OR_VAR_ARM_MISSING_slots=[2]
mtdbD00339284|Lys|UUU|Schizosaccharomyces pombe	30	C	31	C_stem_5	TRNAinf-euk.cm	False	T_OR_VAR_ARM_MISSING_slots=[2]
mtdbD00339284|Lys|UUU|Schizosaccharomyces pombe	31	C	32	C_loop	TRNAinf-euk.cm	False	T_OR_VAR_ARM_MISSING_slots=[2]
mtdbD00339284|Lys|UUU|Schizosaccharomyces pombe	32	U	33	C_loop	TRNAinf-euk.cm	False	T_OR_VAR_ARM_MISSING_slots=[2]
mtdbD00339284|Lys|UUU|Schizosaccharomyces pombe	33	U	34	C_loop	TRNAinf-euk.cm	False	T_OR_VAR_ARM_MISSING_slots=[2]
mtdbD00339284|Lys|UUU|Schizosaccharomyces pombe	34	U	35	C_loop	TRNAinf-euk.cm	False	T_OR_VAR_ARM_MISSING_slots=[2]
mtdbD00339284|Lys|UUU|Schizosaccharomyces pombe	35	U	36	C_loop	TRNAinf-euk.cm	False	T_OR_VAR_ARM_MISSING_slots=[2]
mtdbD00339284|Lys|UUU|Schizosaccharomyces pombe	36	A	37	C_loop	TRNAinf-euk.cm	False	T_OR_VAR_ARM_MISSING_slots=[2]
mtdbD00339284|Lys|UUU|Schizosaccharomyces pombe	37	A	38	C_loop	TRNAinf-euk.cm	False	T_OR_VAR_ARM_MISSING_slots=[2]
mtdbD00339284|Lys|UUU|Schizosaccharomyces pombe	38	G	39	C_stem_3	TRNAinf-euk.cm	False	T_OR_VAR_ARM_MISSING_slots=[2]
mtdbD00339284|Lys|UUU|Schizosaccharomyces pombe	39	C	40	C_stem_3	TRNAinf-euk.cm	False	T_OR_VAR_ARM_MISSING_slots=[2]
mtdbD00339284|Lys|UUU|Schizosaccharomyces pombe	40	G	41	C_stem_3	TRNAinf-euk.cm	False	T_OR_VAR_ARM_MISSING_slots=[2]
mtdbD00339284|Lys|UUU|Schizosaccharomyces pombe	41	A	42	C_stem_3	TRNAinf-euk.cm	False	T_OR_VAR_ARM_MISSING_slots=[2]
mtdbD00339284|Lys|UUU|Schizosaccharomyces pombe	42	U	43	C_stem_3	TRNAinf-euk.cm	False	T_OR_VAR_ARM_MISSING_slots=[2]
mtdbD00339284|Lys|UUU|Schizosaccharomyces pombe	43	A	44	V_loop	TRNAinf-euk.cm	False	T_OR_VAR_ARM_MISSING_slots=[2]
mtdbD00339284|Lys|UUU|Schizosaccharomyces pombe	44	G	45	V_loop	TRNAinf-euk.cm	False	T_OR_VAR_ARM_MISSING_slots=[2]
mtdbD00339284|Lys|UUU|Schizosaccharomyces pombe	45	G	46	V_loop	TRNAinf-euk.cm	False	T_OR_VAR_ARM_MISSING_slots=[2]
mtdbD00339284|Lys|UUU|Schizosaccharomyces pombe	46	A	47	V_loop	TRNAinf-euk.cm	False	T_OR_VAR_ARM_MISSING_slots=[2]
mtdbD00339284|Lys|UUU|Schizosaccharomyces pombe	47	U	48	V_loop	TRNAinf-euk.cm	False	T_OR_VAR_ARM_MISSING_slots=[2]
mtdbD00339284|Lys|UUU|Schizosaccharomyces pombe	48	A	49	T_stem_5	TRNAinf-euk.cm	False	T_OR_VAR_ARM_MISSING_slots=[2]
mtdbD00339284|Lys|UUU|Schizosaccharomyces pombe	49	A	50	T_stem_5	TRNAinf-euk.cm	False	T_OR_VAR_ARM_MISSING_slots=[2]
mtdbD00339284|Lys|UUU|Schizosaccharomyces pombe	50	G	51	T_stem_5	TRNAinf-euk.cm	False	T_OR_VAR_ARM_MISSING_slots=[2]
mtdbD00339284|Lys|UUU|Schizosaccharomyces pombe	51	G	52	T_stem_5	TRNAinf-euk.cm	False	T_OR_VAR_ARM_MISSING_slots=[2]
mtdbD00339284|Lys|UUU|Schizosaccharomyces pombe	52	G	53	T_stem_5	TRNAinf-euk.cm	False	T_OR_VAR_ARM_MISSING_slots=[2]
mtdbD00339284|Lys|UUU|Schizosaccharomyces pombe	53	U	54	T_loop	TRNAinf-euk.cm	False	T_OR_VAR_ARM_MISSING_slots=[2]
mtdbD00339284|Lys|UUU|Schizosaccharomyces pombe	54	U	55	T_loop	TRNAinf-euk.cm	False	T_OR_VAR_ARM_MISSING_slots=[2]
mtdbD00339284|Lys|UUU|Schizosaccharomyces pombe	55	C	56	T_loop	TRNAinf-euk.cm	False	T_OR_VAR_ARM_MISSING_slots=[2]
mtdbD00339284|Lys|UUU|Schizosaccharomyces pombe	56	A	57	T_loop	TRNAinf-euk.cm	False	T_OR_VAR_ARM_MISSING_slots=[2]
mtdbD00339284|Lys|UUU|Schizosaccharomyces pombe	57	A	58	T_loop	TRNAinf-euk.cm	False	T_OR_VAR_ARM_MISSING_slots=[2]
mtdbD00339284|Lys|UUU|Schizosaccharomyces pombe	58	A	59	T_loop	TRNAinf-euk.cm	False	T_OR_VAR_ARM_MISSING_slots=[2]
mtdbD00339284|Lys|UUU|Schizosaccharomyces pombe	59	U	60	T_loop	TRNAinf-euk.cm	False	T_OR_VAR_ARM_MISSING_slots=[2]
mtdbD00339284|Lys|UUU|Schizosaccharomyces pombe	60	C	61	T_stem_3	TRNAinf-euk.cm	False	T_OR_VAR_ARM_MISSING_slots=[2]
mtdbD00339284|Lys|UUU|Schizosaccharomyces pombe	61	C	62	T_stem_3	TRNAinf-euk.cm	False	T_OR_VAR_ARM_MISSING_slots=[2]
mtdbD00339284|Lys|UUU|Schizosaccharomyces pombe	62	C	63	T_stem_3	TRNAinf-euk.cm	False	T_OR_VAR_ARM_MISSING_slots=[2]
mtdbD00339284|Lys|UUU|Schizosaccharomyces pombe	63	U	64	T_stem_3	TRNAinf-euk.cm	False	T_OR_VAR_ARM_MISSING_slots=[2]
mtdbD00339284|Lys|UUU|Schizosaccharomyces pombe	64	U	65	T_stem_3	TRNAinf-euk.cm	False	T_OR_VAR_ARM_MISSING_slots=[2]
mtdbD00339284|Lys|UUU|Schizosaccharomyces pombe	65	C	66	acceptor_3	TRNAinf-euk.cm	False	T_OR_VAR_ARM_MISSING_slots=[2]
mtdbD00339284|Lys|UUU|Schizosaccharomyces pombe	66	A	67	acceptor_3	TRNAinf-euk.cm	False	T_OR_VAR_ARM_MISSING_slots=[2]
mtdbD00339284|Lys|UUU|Schizosaccharomyces pombe	67	G	68	acceptor_3	TRNAinf-euk.cm	False	T_OR_VAR_ARM_MISSING_slots=[2]
mtdbD00339284|Lys|UUU|Schizosaccharomyces pombe	68	A	69	acceptor_3	TRNAinf-euk.cm	False	T_OR_VAR_ARM_MISSING_slots=[2]
mtdbD00339284|Lys|UUU|Schizosaccharomyces pombe	69	C	70	acceptor_3	TRNAinf-euk.cm	False	T_OR_VAR_ARM_MISSING_slots=[2]
mtdbD00339284|Lys|UUU|Schizosaccharomyces pombe	70	C	71	acceptor_3	TRNAinf-euk.cm	False	T_OR_VAR_ARM_MISSING_slots=[2]
mtdbD00339284|Lys|UUU|Schizosaccharomyces pombe	71	C	72	acceptor_3	TRNAinf-euk.cm	False	T_OR_VAR_ARM_MISSING_slots=[2]
mtdbD00339284|Lys|UUU|Schizosaccharomyces pombe	72	A	73	discriminator_CCA	TRNAinf-euk.cm	False	T_OR_VAR_ARM_MISSING_slots=[2]
mtdbD00339285|Ser1|GCU|Schizosaccharomyces pombe	0	G	1	acceptor_5	TRNAinf-euk.cm	False	CANONICAL_NO_ARM_LOSS
mtdbD00339285|Ser1|GCU|Schizosaccharomyces pombe	1	G	2	acceptor_5	TRNAinf-euk.cm	False	CANONICAL_NO_ARM_LOSS
mtdbD00339285|Ser1|GCU|Schizosaccharomyces pombe	2	A	3	acceptor_5	TRNAinf-euk.cm	False	CANONICAL_NO_ARM_LOSS
mtdbD00339285|Ser1|GCU|Schizosaccharomyces pombe	3	A	4	acceptor_5	TRNAinf-euk.cm	False	CANONICAL_NO_ARM_LOSS
mtdbD00339285|Ser1|GCU|Schizosaccharomyces pombe	4	A	5	acceptor_5	TRNAinf-euk.cm	False	CANONICAL_NO_ARM_LOSS
mtdbD00339285|Ser1|GCU|Schizosaccharomyces pombe	5	A	6	acceptor_5	TRNAinf-euk.cm	False	CANONICAL_NO_ARM_LOSS
mtdbD00339285|Ser1|GCU|Schizosaccharomyces pombe	6	A	7	acceptor_5	TRNAinf-euk.cm	False	CANONICAL_NO_ARM_LOSS
mtdbD00339285|Ser1|GCU|Schizosaccharomyces pombe	7	U	8	connector_AD	TRNAinf-euk.cm	False	CANONICAL_NO_ARM_LOSS
mtdbD00339285|Ser1|GCU|Schizosaccharomyces pombe	8	A	9	connector_AD	TRNAinf-euk.cm	False	CANONICAL_NO_ARM_LOSS
mtdbD00339285|Ser1|GCU|Schizosaccharomyces pombe	9	G	9A	connector_AD	TRNAinf-euk.cm	False	CANONICAL_NO_ARM_LOSS
mtdbD00339285|Ser1|GCU|Schizosaccharomyces pombe	10	U	10	D_stem_5	TRNAinf-euk.cm	False	CANONICAL_NO_ARM_LOSS
mtdbD00339285|Ser1|GCU|Schizosaccharomyces pombe	11	U	11	D_stem_5	TRNAinf-euk.cm	False	CANONICAL_NO_ARM_LOSS
mtdbD00339285|Ser1|GCU|Schizosaccharomyces pombe	12	C	12	D_stem_5	TRNAinf-euk.cm	False	CANONICAL_NO_ARM_LOSS
mtdbD00339285|Ser1|GCU|Schizosaccharomyces pombe	13	U	13	D_stem_5	TRNAinf-euk.cm	False	CANONICAL_NO_ARM_LOSS
mtdbD00339285|Ser1|GCU|Schizosaccharomyces pombe	14	A	14	D_loop	TRNAinf-euk.cm	False	CANONICAL_NO_ARM_LOSS
mtdbD00339285|Ser1|GCU|Schizosaccharomyces pombe	15	A	15	D_loop	TRNAinf-euk.cm	False	CANONICAL_NO_ARM_LOSS
mtdbD00339285|Ser1|GCU|Schizosaccharomyces pombe	16	U	16	D_loop	TRNAinf-euk.cm	False	CANONICAL_NO_ARM_LOSS
mtdbD00339285|Ser1|GCU|Schizosaccharomyces pombe	17	U	17	D_loop	TRNAinf-euk.cm	False	CANONICAL_NO_ARM_LOSS
mtdbD00339285|Ser1|GCU|Schizosaccharomyces pombe	18	G	17a	D_loop	TRNAinf-euk.cm	False	CANONICAL_NO_ARM_LOSS
mtdbD00339285|Ser1|GCU|Schizosaccharomyces pombe	19	G	18	D_loop	TRNAinf-euk.cm	False	CANONICAL_NO_ARM_LOSS
mtdbD00339285|Ser1|GCU|Schizosaccharomyces pombe	20	U	19	D_loop	TRNAinf-euk.cm	False	CANONICAL_NO_ARM_LOSS
mtdbD00339285|Ser1|GCU|Schizosaccharomyces pombe	21	A	20	D_loop	TRNAinf-euk.cm	False	CANONICAL_NO_ARM_LOSS
mtdbD00339285|Ser1|GCU|Schizosaccharomyces pombe	22	A	22	D_stem_3	TRNAinf-euk.cm	False	CANONICAL_NO_ARM_LOSS
mtdbD00339285|Ser1|GCU|Schizosaccharomyces pombe	23	G	23	D_stem_3	TRNAinf-euk.cm	False	CANONICAL_NO_ARM_LOSS
mtdbD00339285|Ser1|GCU|Schizosaccharomyces pombe	24	A	24	D_stem_3	TRNAinf-euk.cm	False	CANONICAL_NO_ARM_LOSS
mtdbD00339285|Ser1|GCU|Schizosaccharomyces pombe	25	A	25	D_stem_3	TRNAinf-euk.cm	False	CANONICAL_NO_ARM_LOSS
mtdbD00339285|Ser1|GCU|Schizosaccharomyces pombe	26	G	26	connector_DC	TRNAinf-euk.cm	False	CANONICAL_NO_ARM_LOSS
mtdbD00339285|Ser1|GCU|Schizosaccharomyces pombe	27	G	27	C_stem_5	TRNAinf-euk.cm	False	CANONICAL_NO_ARM_LOSS
mtdbD00339285|Ser1|GCU|Schizosaccharomyces pombe	28	A	28	C_stem_5	TRNAinf-euk.cm	False	CANONICAL_NO_ARM_LOSS
mtdbD00339285|Ser1|GCU|Schizosaccharomyces pombe	29	U	29	C_stem_5	TRNAinf-euk.cm	False	CANONICAL_NO_ARM_LOSS
mtdbD00339285|Ser1|GCU|Schizosaccharomyces pombe	30	A	30	C_stem_5	TRNAinf-euk.cm	False	CANONICAL_NO_ARM_LOSS
mtdbD00339285|Ser1|GCU|Schizosaccharomyces pombe	31	C	31	C_stem_5	TRNAinf-euk.cm	False	CANONICAL_NO_ARM_LOSS
mtdbD00339285|Ser1|GCU|Schizosaccharomyces pombe	32	U	32	C_loop	TRNAinf-euk.cm	False	CANONICAL_NO_ARM_LOSS
mtdbD00339285|Ser1|GCU|Schizosaccharomyces pombe	33	U	33	C_loop	TRNAinf-euk.cm	False	CANONICAL_NO_ARM_LOSS
mtdbD00339285|Ser1|GCU|Schizosaccharomyces pombe	34	G	34	C_loop	TRNAinf-euk.cm	False	CANONICAL_NO_ARM_LOSS
mtdbD00339285|Ser1|GCU|Schizosaccharomyces pombe	35	C	35	C_loop	TRNAinf-euk.cm	False	CANONICAL_NO_ARM_LOSS
mtdbD00339285|Ser1|GCU|Schizosaccharomyces pombe	36	U	36	C_loop	TRNAinf-euk.cm	False	CANONICAL_NO_ARM_LOSS
mtdbD00339285|Ser1|GCU|Schizosaccharomyces pombe	37	A	37	C_loop	TRNAinf-euk.cm	False	CANONICAL_NO_ARM_LOSS
mtdbD00339285|Ser1|GCU|Schizosaccharomyces pombe	38	C	38	C_loop	TRNAinf-euk.cm	False	CANONICAL_NO_ARM_LOSS
mtdbD00339285|Ser1|GCU|Schizosaccharomyces pombe	39	G	39	C_stem_3	TRNAinf-euk.cm	False	CANONICAL_NO_ARM_LOSS
mtdbD00339285|Ser1|GCU|Schizosaccharomyces pombe	40	U	40	C_stem_3	TRNAinf-euk.cm	False	CANONICAL_NO_ARM_LOSS
mtdbD00339285|Ser1|GCU|Schizosaccharomyces pombe	41	A	41	C_stem_3	TRNAinf-euk.cm	False	CANONICAL_NO_ARM_LOSS
mtdbD00339285|Ser1|GCU|Schizosaccharomyces pombe	42	U	42	C_stem_3	TRNAinf-euk.cm	False	CANONICAL_NO_ARM_LOSS
mtdbD00339285|Ser1|GCU|Schizosaccharomyces pombe	43	C	43	C_stem_3	TRNAinf-euk.cm	False	CANONICAL_NO_ARM_LOSS
mtdbD00339285|Ser1|GCU|Schizosaccharomyces pombe	44	U	44	V_loop	TRNAinf-euk.cm	False	CANONICAL_NO_ARM_LOSS
mtdbD00339285|Ser1|GCU|Schizosaccharomyces pombe	45	G	45	V_loop	TRNAinf-euk.cm	False	CANONICAL_NO_ARM_LOSS
mtdbD00339285|Ser1|GCU|Schizosaccharomyces pombe	46	G	49	T_stem_5	TRNAinf-euk.cm	False	CANONICAL_NO_ARM_LOSS
mtdbD00339285|Ser1|GCU|Schizosaccharomyces pombe	47	U	50	T_stem_5	TRNAinf-euk.cm	False	CANONICAL_NO_ARM_LOSS
mtdbD00339285|Ser1|GCU|Schizosaccharomyces pombe	48	G	54	T_loop	TRNAinf-euk.cm	False	CANONICAL_NO_ARM_LOSS
mtdbD00339285|Ser1|GCU|Schizosaccharomyces pombe	49	A	61	T_stem_3	TRNAinf-euk.cm	False	CANONICAL_NO_ARM_LOSS
mtdbD00339285|Ser1|GCU|Schizosaccharomyces pombe	50	A	62	T_stem_3	TRNAinf-euk.cm	False	CANONICAL_NO_ARM_LOSS
mtdbD00339285|Ser1|GCU|Schizosaccharomyces pombe	51	U	66	acceptor_3	TRNAinf-euk.cm	False	CANONICAL_NO_ARM_LOSS
mtdbD00339285|Ser1|GCU|Schizosaccharomyces pombe	52	A			TRNAinf-euk.cm	False	CANONICAL_NO_ARM_LOSS
mtdbD00339285|Ser1|GCU|Schizosaccharomyces pombe	53	A	67	acceptor_3	TRNAinf-euk.cm	False	CANONICAL_NO_ARM_LOSS
mtdbD00339285|Ser1|GCU|Schizosaccharomyces pombe	54	C	68	acceptor_3	TRNAinf-euk.cm	False	CANONICAL_NO_ARM_LOSS
mtdbD00339285|Ser1|GCU|Schizosaccharomyces pombe	55	C			TRNAinf-euk.cm	False	CANONICAL_NO_ARM_LOSS
mtdbD00339285|Ser1|GCU|Schizosaccharomyces pombe	56	U			TRNAinf-euk.cm	False	CANONICAL_NO_ARM_LOSS
mtdbD00339285|Ser1|GCU|Schizosaccharomyces pombe	57	U			TRNAinf-euk.cm	False	CANONICAL_NO_ARM_LOSS
mtdbD00339285|Ser1|GCU|Schizosaccharomyces pombe	58	G			TRNAinf-euk.cm	False	CANONICAL_NO_ARM_LOSS
mtdbD00339285|Ser1|GCU|Schizosaccharomyces pombe	59	U			TRNAinf-euk.cm	False	CANONICAL_NO_ARM_LOSS
mtdbD00339285|Ser1|GCU|Schizosaccharomyces pombe	60	G			TRNAinf-euk.cm	False	CANONICAL_NO_ARM_LOSS
mtdbD00339285|Ser1|GCU|Schizosaccharomyces pombe	61	A			TRNAinf-euk.cm	False	CANONICAL_NO_ARM_LOSS
mtdbD00339285|Ser1|GCU|Schizosaccharomyces pombe	62	G			TRNAinf-euk.cm	False	CANONICAL_NO_ARM_LOSS
mtdbD00339285|Ser1|GCU|Schizosaccharomyces pombe	63	U			TRNAinf-euk.cm	False	CANONICAL_NO_ARM_LOSS
mtdbD00339285|Ser1|GCU|Schizosaccharomyces pombe	64	U			TRNAinf-euk.cm	False	CANONICAL_NO_ARM_LOSS
mtdbD00339285|Ser1|GCU|Schizosaccharomyces pombe	65	C			TRNAinf-euk.cm	False	CANONICAL_NO_ARM_LOSS
mtdbD00339285|Ser1|GCU|Schizosaccharomyces pombe	66	G			TRNAinf-euk.cm	False	CANONICAL_NO_ARM_LOSS
mtdbD00339285|Ser1|GCU|Schizosaccharomyces pombe	67	A			TRNAinf-euk.cm	False	CANONICAL_NO_ARM_LOSS
mtdbD00339285|Ser1|GCU|Schizosaccharomyces pombe	68	G			TRNAinf-euk.cm	False	CANONICAL_NO_ARM_LOSS
mtdbD00339285|Ser1|GCU|Schizosaccharomyces pombe	69	U			TRNAinf-euk.cm	False	CANONICAL_NO_ARM_LOSS
mtdbD00339285|Ser1|GCU|Schizosaccharomyces pombe	70	C			TRNAinf-euk.cm	False	CANONICAL_NO_ARM_LOSS
mtdbD00339285|Ser1|GCU|Schizosaccharomyces pombe	71	U			TRNAinf-euk.cm	False	CANONICAL_NO_ARM_LOSS
mtdbD00339285|Ser1|GCU|Schizosaccharomyces pombe	72	C			TRNAinf-euk.cm	False	CANONICAL_NO_ARM_LOSS
mtdbD00339285|Ser1|GCU|Schizosaccharomyces pombe	73	A			TRNAinf-euk.cm	False	CANONICAL_NO_ARM_LOSS
mtdbD00339285|Ser1|GCU|Schizosaccharomyces pombe	74	C			TRNAinf-euk.cm	False	CANONICAL_NO_ARM_LOSS
mtdbD00339285|Ser1|GCU|Schizosaccharomyces pombe	75	U	69	acceptor_3	TRNAinf-euk.cm	False	CANONICAL_NO_ARM_LOSS
mtdbD00339285|Ser1|GCU|Schizosaccharomyces pombe	76	U	70	acceptor_3	TRNAinf-euk.cm	False	CANONICAL_NO_ARM_LOSS
mtdbD00339285|Ser1|GCU|Schizosaccharomyces pombe	77	U	71	acceptor_3	TRNAinf-euk.cm	False	CANONICAL_NO_ARM_LOSS
mtdbD00339285|Ser1|GCU|Schizosaccharomyces pombe	78	U	72	acceptor_3	TRNAinf-euk.cm	False	CANONICAL_NO_ARM_LOSS
mtdbD00339285|Ser1|GCU|Schizosaccharomyces pombe	79	U	73	discriminator_CCA	TRNAinf-euk.cm	False	CANONICAL_NO_ARM_LOSS
mtdbD00339285|Ser1|GCU|Schizosaccharomyces pombe	80	C	74	discriminator_CCA	TRNAinf-euk.cm	False	CANONICAL_NO_ARM_LOSS
mtdbD00339285|Ser1|GCU|Schizosaccharomyces pombe	81	C	75	discriminator_CCA	TRNAinf-euk.cm	False	CANONICAL_NO_ARM_LOSS
mtdbD00339285|Ser1|GCU|Schizosaccharomyces pombe	82	G	76	discriminator_CCA	TRNAinf-euk.cm	False	CANONICAL_NO_ARM_LOSS
mtdbD00339286|Asn|GUU|Schizosaccharomyces pombe	0	G	1	acceptor_5	TRNAinf-euk.cm	False	T_OR_VAR_ARM_MISSING_slots=[2]
mtdbD00339286|Asn|GUU|Schizosaccharomyces pombe	1	U	2	acceptor_5	TRNAinf-euk.cm	False	T_OR_VAR_ARM_MISSING_slots=[2]
mtdbD00339286|Asn|GUU|Schizosaccharomyces pombe	2	U	3	acceptor_5	TRNAinf-euk.cm	False	T_OR_VAR_ARM_MISSING_slots=[2]
mtdbD00339286|Asn|GUU|Schizosaccharomyces pombe	3	G	4	acceptor_5	TRNAinf-euk.cm	False	T_OR_VAR_ARM_MISSING_slots=[2]
mtdbD00339286|Asn|GUU|Schizosaccharomyces pombe	4	U	5	acceptor_5	TRNAinf-euk.cm	False	T_OR_VAR_ARM_MISSING_slots=[2]
mtdbD00339286|Asn|GUU|Schizosaccharomyces pombe	5	U	6	acceptor_5	TRNAinf-euk.cm	False	T_OR_VAR_ARM_MISSING_slots=[2]
mtdbD00339286|Asn|GUU|Schizosaccharomyces pombe	6	G	7	acceptor_5	TRNAinf-euk.cm	False	T_OR_VAR_ARM_MISSING_slots=[2]
mtdbD00339286|Asn|GUU|Schizosaccharomyces pombe	7	U	8	connector_AD	TRNAinf-euk.cm	False	T_OR_VAR_ARM_MISSING_slots=[2]
mtdbD00339286|Asn|GUU|Schizosaccharomyces pombe	8	A	9	connector_AD	TRNAinf-euk.cm	False	T_OR_VAR_ARM_MISSING_slots=[2]
mtdbD00339286|Asn|GUU|Schizosaccharomyces pombe	9	G	10	D_stem_5	TRNAinf-euk.cm	False	T_OR_VAR_ARM_MISSING_slots=[2]
mtdbD00339286|Asn|GUU|Schizosaccharomyces pombe	10	C	11	D_stem_5	TRNAinf-euk.cm	False	T_OR_VAR_ARM_MISSING_slots=[2]
mtdbD00339286|Asn|GUU|Schizosaccharomyces pombe	11	U	12	D_stem_5	TRNAinf-euk.cm	False	T_OR_VAR_ARM_MISSING_slots=[2]
mtdbD00339286|Asn|GUU|Schizosaccharomyces pombe	12	C	13	D_stem_5	TRNAinf-euk.cm	False	T_OR_VAR_ARM_MISSING_slots=[2]
mtdbD00339286|Asn|GUU|Schizosaccharomyces pombe	13	A	14	D_loop	TRNAinf-euk.cm	False	T_OR_VAR_ARM_MISSING_slots=[2]
mtdbD00339286|Asn|GUU|Schizosaccharomyces pombe	14	A	15	D_loop	TRNAinf-euk.cm	False	T_OR_VAR_ARM_MISSING_slots=[2]
mtdbD00339286|Asn|GUU|Schizosaccharomyces pombe	15	U	16	D_loop	TRNAinf-euk.cm	False	T_OR_VAR_ARM_MISSING_slots=[2]
mtdbD00339286|Asn|GUU|Schizosaccharomyces pombe	16	G	17	D_loop	TRNAinf-euk.cm	False	T_OR_VAR_ARM_MISSING_slots=[2]
mtdbD00339286|Asn|GUU|Schizosaccharomyces pombe	17	G	17a	D_loop	TRNAinf-euk.cm	False	T_OR_VAR_ARM_MISSING_slots=[2]
mtdbD00339286|Asn|GUU|Schizosaccharomyces pombe	18	U	18	D_loop	TRNAinf-euk.cm	False	T_OR_VAR_ARM_MISSING_slots=[2]
mtdbD00339286|Asn|GUU|Schizosaccharomyces pombe	19	A	19	D_loop	TRNAinf-euk.cm	False	T_OR_VAR_ARM_MISSING_slots=[2]
mtdbD00339286|Asn|GUU|Schizosaccharomyces pombe	20	G	22	D_stem_3	TRNAinf-euk.cm	False	T_OR_VAR_ARM_MISSING_slots=[2]
mtdbD00339286|Asn|GUU|Schizosaccharomyces pombe	21	A	23	D_stem_3	TRNAinf-euk.cm	False	T_OR_VAR_ARM_MISSING_slots=[2]
mtdbD00339286|Asn|GUU|Schizosaccharomyces pombe	22	G	24	D_stem_3	TRNAinf-euk.cm	False	T_OR_VAR_ARM_MISSING_slots=[2]
mtdbD00339286|Asn|GUU|Schizosaccharomyces pombe	23	C	25	D_stem_3	TRNAinf-euk.cm	False	T_OR_VAR_ARM_MISSING_slots=[2]
mtdbD00339286|Asn|GUU|Schizosaccharomyces pombe	24	A	26	connector_DC	TRNAinf-euk.cm	False	T_OR_VAR_ARM_MISSING_slots=[2]
mtdbD00339286|Asn|GUU|Schizosaccharomyces pombe	25	A	27	C_stem_5	TRNAinf-euk.cm	False	T_OR_VAR_ARM_MISSING_slots=[2]
mtdbD00339286|Asn|GUU|Schizosaccharomyces pombe	26	G	28	C_stem_5	TRNAinf-euk.cm	False	T_OR_VAR_ARM_MISSING_slots=[2]
mtdbD00339286|Asn|GUU|Schizosaccharomyces pombe	27	U	29	C_stem_5	TRNAinf-euk.cm	False	T_OR_VAR_ARM_MISSING_slots=[2]
mtdbD00339286|Asn|GUU|Schizosaccharomyces pombe	28	C	30	C_stem_5	TRNAinf-euk.cm	False	T_OR_VAR_ARM_MISSING_slots=[2]
mtdbD00339286|Asn|GUU|Schizosaccharomyces pombe	29	A	31	C_stem_5	TRNAinf-euk.cm	False	T_OR_VAR_ARM_MISSING_slots=[2]
mtdbD00339286|Asn|GUU|Schizosaccharomyces pombe	30	C	32	C_loop	TRNAinf-euk.cm	False	T_OR_VAR_ARM_MISSING_slots=[2]
mtdbD00339286|Asn|GUU|Schizosaccharomyces pombe	31	U	33	C_loop	TRNAinf-euk.cm	False	T_OR_VAR_ARM_MISSING_slots=[2]
mtdbD00339286|Asn|GUU|Schizosaccharomyces pombe	32	G	34	C_loop	TRNAinf-euk.cm	False	T_OR_VAR_ARM_MISSING_slots=[2]
mtdbD00339286|Asn|GUU|Schizosaccharomyces pombe	33	U	35	C_loop	TRNAinf-euk.cm	False	T_OR_VAR_ARM_MISSING_slots=[2]
mtdbD00339286|Asn|GUU|Schizosaccharomyces pombe	34	U	36	C_loop	TRNAinf-euk.cm	False	T_OR_VAR_ARM_MISSING_slots=[2]
mtdbD00339286|Asn|GUU|Schizosaccharomyces pombe	35	A	37	C_loop	TRNAinf-euk.cm	False	T_OR_VAR_ARM_MISSING_slots=[2]
mtdbD00339286|Asn|GUU|Schizosaccharomyces pombe	36	A	38	C_loop	TRNAinf-euk.cm	False	T_OR_VAR_ARM_MISSING_slots=[2]
mtdbD00339286|Asn|GUU|Schizosaccharomyces pombe	37	U	39	C_stem_3	TRNAinf-euk.cm	False	T_OR_VAR_ARM_MISSING_slots=[2]
mtdbD00339286|Asn|GUU|Schizosaccharomyces pombe	38	G	40	C_stem_3	TRNAinf-euk.cm	False	T_OR_VAR_ARM_MISSING_slots=[2]
mtdbD00339286|Asn|GUU|Schizosaccharomyces pombe	39	A	41	C_stem_3	TRNAinf-euk.cm	False	T_OR_VAR_ARM_MISSING_slots=[2]
mtdbD00339286|Asn|GUU|Schizosaccharomyces pombe	40	C	42	C_stem_3	TRNAinf-euk.cm	False	T_OR_VAR_ARM_MISSING_slots=[2]
mtdbD00339286|Asn|GUU|Schizosaccharomyces pombe	41	C	43	C_stem_3	TRNAinf-euk.cm	False	T_OR_VAR_ARM_MISSING_slots=[2]
mtdbD00339286|Asn|GUU|Schizosaccharomyces pombe	42	U	44	V_loop	TRNAinf-euk.cm	False	T_OR_VAR_ARM_MISSING_slots=[2]
mtdbD00339286|Asn|GUU|Schizosaccharomyces pombe	43	G	45	V_loop	TRNAinf-euk.cm	False	T_OR_VAR_ARM_MISSING_slots=[2]
mtdbD00339286|Asn|GUU|Schizosaccharomyces pombe	44	A	46	V_loop	TRNAinf-euk.cm	False	T_OR_VAR_ARM_MISSING_slots=[2]
mtdbD00339286|Asn|GUU|Schizosaccharomyces pombe	45	U	47	V_loop	TRNAinf-euk.cm	False	T_OR_VAR_ARM_MISSING_slots=[2]
mtdbD00339286|Asn|GUU|Schizosaccharomyces pombe	46	A	49	T_stem_5	TRNAinf-euk.cm	False	T_OR_VAR_ARM_MISSING_slots=[2]
mtdbD00339286|Asn|GUU|Schizosaccharomyces pombe	47	G	50	T_stem_5	TRNAinf-euk.cm	False	T_OR_VAR_ARM_MISSING_slots=[2]
mtdbD00339286|Asn|GUU|Schizosaccharomyces pombe	48	U	51	T_stem_5	TRNAinf-euk.cm	False	T_OR_VAR_ARM_MISSING_slots=[2]
mtdbD00339286|Asn|GUU|Schizosaccharomyces pombe	49	G	52	T_stem_5	TRNAinf-euk.cm	False	T_OR_VAR_ARM_MISSING_slots=[2]
mtdbD00339286|Asn|GUU|Schizosaccharomyces pombe	50	G	53	T_stem_5	TRNAinf-euk.cm	False	T_OR_VAR_ARM_MISSING_slots=[2]
mtdbD00339286|Asn|GUU|Schizosaccharomyces pombe	51	U	54	T_loop	TRNAinf-euk.cm	False	T_OR_VAR_ARM_MISSING_slots=[2]
mtdbD00339286|Asn|GUU|Schizosaccharomyces pombe	52	U	55	T_loop	TRNAinf-euk.cm	False	T_OR_VAR_ARM_MISSING_slots=[2]
mtdbD00339286|Asn|GUU|Schizosaccharomyces pombe	53	C	56	T_loop	TRNAinf-euk.cm	False	T_OR_VAR_ARM_MISSING_slots=[2]
mtdbD00339286|Asn|GUU|Schizosaccharomyces pombe	54	G	57	T_loop	TRNAinf-euk.cm	False	T_OR_VAR_ARM_MISSING_slots=[2]
mtdbD00339286|Asn|GUU|Schizosaccharomyces pombe	55	A	58	T_loop	TRNAinf-euk.cm	False	T_OR_VAR_ARM_MISSING_slots=[2]
mtdbD00339286|Asn|GUU|Schizosaccharomyces pombe	56	U	59	T_loop	TRNAinf-euk.cm	False	T_OR_VAR_ARM_MISSING_slots=[2]
mtdbD00339286|Asn|GUU|Schizosaccharomyces pombe	57	U	60	T_loop	TRNAinf-euk.cm	False	T_OR_VAR_ARM_MISSING_slots=[2]
mtdbD00339286|Asn|GUU|Schizosaccharomyces pombe	58	C	61	T_stem_3	TRNAinf-euk.cm	False	T_OR_VAR_ARM_MISSING_slots=[2]
mtdbD00339286|Asn|GUU|Schizosaccharomyces pombe	59	C	62	T_stem_3	TRNAinf-euk.cm	False	T_OR_VAR_ARM_MISSING_slots=[2]
mtdbD00339286|Asn|GUU|Schizosaccharomyces pombe	60	A	63	T_stem_3	TRNAinf-euk.cm	False	T_OR_VAR_ARM_MISSING_slots=[2]
mtdbD00339286|Asn|GUU|Schizosaccharomyces pombe	61	C	64	T_stem_3	TRNAinf-euk.cm	False	T_OR_VAR_ARM_MISSING_slots=[2]
mtdbD00339286|Asn|GUU|Schizosaccharomyces pombe	62	U	65	T_stem_3	TRNAinf-euk.cm	False	T_OR_VAR_ARM_MISSING_slots=[2]
mtdbD00339286|Asn|GUU|Schizosaccharomyces pombe	63	C	66	acceptor_3	TRNAinf-euk.cm	False	T_OR_VAR_ARM_MISSING_slots=[2]
mtdbD00339286|Asn|GUU|Schizosaccharomyces pombe	64	A	67	acceptor_3	TRNAinf-euk.cm	False	T_OR_VAR_ARM_MISSING_slots=[2]
mtdbD00339286|Asn|GUU|Schizosaccharomyces pombe	65	A	68	acceptor_3	TRNAinf-euk.cm	False	T_OR_VAR_ARM_MISSING_slots=[2]
mtdbD00339286|Asn|GUU|Schizosaccharomyces pombe	66	U	69	acceptor_3	TRNAinf-euk.cm	False	T_OR_VAR_ARM_MISSING_slots=[2]
mtdbD00339286|Asn|GUU|Schizosaccharomyces pombe	67	A	70	acceptor_3	TRNAinf-euk.cm	False	T_OR_VAR_ARM_MISSING_slots=[2]
mtdbD00339286|Asn|GUU|Schizosaccharomyces pombe	68	A	71	acceptor_3	TRNAinf-euk.cm	False	T_OR_VAR_ARM_MISSING_slots=[2]
mtdbD00339286|Asn|GUU|Schizosaccharomyces pombe	69	C	72	acceptor_3	TRNAinf-euk.cm	False	T_OR_VAR_ARM_MISSING_slots=[2]
mtdbD00339286|Asn|GUU|Schizosaccharomyces pombe	70	G	73	discriminator_CCA	TRNAinf-euk.cm	False	T_OR_VAR_ARM_MISSING_slots=[2]
mtdbD00339287|Thr|UGU|Schizosaccharomyces pombe	0	G	1	acceptor_5	TRNAinf-euk.cm	False	T_OR_VAR_ARM_MISSING_slots=[2]
mtdbD00339287|Thr|UGU|Schizosaccharomyces pombe	1	C	2	acceptor_5	TRNAinf-euk.cm	False	T_OR_VAR_ARM_MISSING_slots=[2]
mtdbD00339287|Thr|UGU|Schizosaccharomyces pombe	2	U	3	acceptor_5	TRNAinf-euk.cm	False	T_OR_VAR_ARM_MISSING_slots=[2]
mtdbD00339287|Thr|UGU|Schizosaccharomyces pombe	3	A	4	acceptor_5	TRNAinf-euk.cm	False	T_OR_VAR_ARM_MISSING_slots=[2]
mtdbD00339287|Thr|UGU|Schizosaccharomyces pombe	4	A	5	acceptor_5	TRNAinf-euk.cm	False	T_OR_VAR_ARM_MISSING_slots=[2]
mtdbD00339287|Thr|UGU|Schizosaccharomyces pombe	5	U	6	acceptor_5	TRNAinf-euk.cm	False	T_OR_VAR_ARM_MISSING_slots=[2]
mtdbD00339287|Thr|UGU|Schizosaccharomyces pombe	6	U	7	acceptor_5	TRNAinf-euk.cm	False	T_OR_VAR_ARM_MISSING_slots=[2]
mtdbD00339287|Thr|UGU|Schizosaccharomyces pombe	7	U	8	connector_AD	TRNAinf-euk.cm	False	T_OR_VAR_ARM_MISSING_slots=[2]
mtdbD00339287|Thr|UGU|Schizosaccharomyces pombe	8	A	9	connector_AD	TRNAinf-euk.cm	False	T_OR_VAR_ARM_MISSING_slots=[2]
mtdbD00339287|Thr|UGU|Schizosaccharomyces pombe	9	A	10	D_stem_5	TRNAinf-euk.cm	False	T_OR_VAR_ARM_MISSING_slots=[2]
mtdbD00339287|Thr|UGU|Schizosaccharomyces pombe	10	C	11	D_stem_5	TRNAinf-euk.cm	False	T_OR_VAR_ARM_MISSING_slots=[2]
mtdbD00339287|Thr|UGU|Schizosaccharomyces pombe	11	U	12	D_stem_5	TRNAinf-euk.cm	False	T_OR_VAR_ARM_MISSING_slots=[2]
mtdbD00339287|Thr|UGU|Schizosaccharomyces pombe	12	C	13	D_stem_5	TRNAinf-euk.cm	False	T_OR_VAR_ARM_MISSING_slots=[2]
mtdbD00339287|Thr|UGU|Schizosaccharomyces pombe	13	A	14	D_loop	TRNAinf-euk.cm	False	T_OR_VAR_ARM_MISSING_slots=[2]
mtdbD00339287|Thr|UGU|Schizosaccharomyces pombe	14	A	15	D_loop	TRNAinf-euk.cm	False	T_OR_VAR_ARM_MISSING_slots=[2]
mtdbD00339287|Thr|UGU|Schizosaccharomyces pombe	15	U	16	D_loop	TRNAinf-euk.cm	False	T_OR_VAR_ARM_MISSING_slots=[2]
mtdbD00339287|Thr|UGU|Schizosaccharomyces pombe	16	U	17	D_loop	TRNAinf-euk.cm	False	T_OR_VAR_ARM_MISSING_slots=[2]
mtdbD00339287|Thr|UGU|Schizosaccharomyces pombe	17	G	17a	D_loop	TRNAinf-euk.cm	False	T_OR_VAR_ARM_MISSING_slots=[2]
mtdbD00339287|Thr|UGU|Schizosaccharomyces pombe	18	G	18	D_loop	TRNAinf-euk.cm	False	T_OR_VAR_ARM_MISSING_slots=[2]
mtdbD00339287|Thr|UGU|Schizosaccharomyces pombe	19	U	19	D_loop	TRNAinf-euk.cm	False	T_OR_VAR_ARM_MISSING_slots=[2]
mtdbD00339287|Thr|UGU|Schizosaccharomyces pombe	20	A	20	D_loop	TRNAinf-euk.cm	False	T_OR_VAR_ARM_MISSING_slots=[2]
mtdbD00339287|Thr|UGU|Schizosaccharomyces pombe	21	G	22	D_stem_3	TRNAinf-euk.cm	False	T_OR_VAR_ARM_MISSING_slots=[2]
mtdbD00339287|Thr|UGU|Schizosaccharomyces pombe	22	A	23	D_stem_3	TRNAinf-euk.cm	False	T_OR_VAR_ARM_MISSING_slots=[2]
mtdbD00339287|Thr|UGU|Schizosaccharomyces pombe	23	G	24	D_stem_3	TRNAinf-euk.cm	False	T_OR_VAR_ARM_MISSING_slots=[2]
mtdbD00339287|Thr|UGU|Schizosaccharomyces pombe	24	U	25	D_stem_3	TRNAinf-euk.cm	False	T_OR_VAR_ARM_MISSING_slots=[2]
mtdbD00339287|Thr|UGU|Schizosaccharomyces pombe	25	G	26	connector_DC	TRNAinf-euk.cm	False	T_OR_VAR_ARM_MISSING_slots=[2]
mtdbD00339287|Thr|UGU|Schizosaccharomyces pombe	26	C	27	C_stem_5	TRNAinf-euk.cm	False	T_OR_VAR_ARM_MISSING_slots=[2]
mtdbD00339287|Thr|UGU|Schizosaccharomyces pombe	27	G	28	C_stem_5	TRNAinf-euk.cm	False	T_OR_VAR_ARM_MISSING_slots=[2]
mtdbD00339287|Thr|UGU|Schizosaccharomyces pombe	28	U	29	C_stem_5	TRNAinf-euk.cm	False	T_OR_VAR_ARM_MISSING_slots=[2]
mtdbD00339287|Thr|UGU|Schizosaccharomyces pombe	29	A	30	C_stem_5	TRNAinf-euk.cm	False	T_OR_VAR_ARM_MISSING_slots=[2]
mtdbD00339287|Thr|UGU|Schizosaccharomyces pombe	30	C	31	C_stem_5	TRNAinf-euk.cm	False	T_OR_VAR_ARM_MISSING_slots=[2]
mtdbD00339287|Thr|UGU|Schizosaccharomyces pombe	31	C	32	C_loop	TRNAinf-euk.cm	False	T_OR_VAR_ARM_MISSING_slots=[2]
mtdbD00339287|Thr|UGU|Schizosaccharomyces pombe	32	U	33	C_loop	TRNAinf-euk.cm	False	T_OR_VAR_ARM_MISSING_slots=[2]
mtdbD00339287|Thr|UGU|Schizosaccharomyces pombe	33	U	34	C_loop	TRNAinf-euk.cm	False	T_OR_VAR_ARM_MISSING_slots=[2]
mtdbD00339287|Thr|UGU|Schizosaccharomyces pombe	34	G	35	C_loop	TRNAinf-euk.cm	False	T_OR_VAR_ARM_MISSING_slots=[2]
mtdbD00339287|Thr|UGU|Schizosaccharomyces pombe	35	U	36	C_loop	TRNAinf-euk.cm	False	T_OR_VAR_ARM_MISSING_slots=[2]
mtdbD00339287|Thr|UGU|Schizosaccharomyces pombe	36	A	37	C_loop	TRNAinf-euk.cm	False	T_OR_VAR_ARM_MISSING_slots=[2]
mtdbD00339287|Thr|UGU|Schizosaccharomyces pombe	37	A	38	C_loop	TRNAinf-euk.cm	False	T_OR_VAR_ARM_MISSING_slots=[2]
mtdbD00339287|Thr|UGU|Schizosaccharomyces pombe	38	G	39	C_stem_3	TRNAinf-euk.cm	False	T_OR_VAR_ARM_MISSING_slots=[2]
mtdbD00339287|Thr|UGU|Schizosaccharomyces pombe	39	U	40	C_stem_3	TRNAinf-euk.cm	False	T_OR_VAR_ARM_MISSING_slots=[2]
mtdbD00339287|Thr|UGU|Schizosaccharomyces pombe	40	A	41	C_stem_3	TRNAinf-euk.cm	False	T_OR_VAR_ARM_MISSING_slots=[2]
mtdbD00339287|Thr|UGU|Schizosaccharomyces pombe	41	C	42	C_stem_3	TRNAinf-euk.cm	False	T_OR_VAR_ARM_MISSING_slots=[2]
mtdbD00339287|Thr|UGU|Schizosaccharomyces pombe	42	G	43	C_stem_3	TRNAinf-euk.cm	False	T_OR_VAR_ARM_MISSING_slots=[2]
mtdbD00339287|Thr|UGU|Schizosaccharomyces pombe	43	A	44	V_loop	TRNAinf-euk.cm	False	T_OR_VAR_ARM_MISSING_slots=[2]
mtdbD00339287|Thr|UGU|Schizosaccharomyces pombe	44	A	45	V_loop	TRNAinf-euk.cm	False	T_OR_VAR_ARM_MISSING_slots=[2]
mtdbD00339287|Thr|UGU|Schizosaccharomyces pombe	45	G	46	V_loop	TRNAinf-euk.cm	False	T_OR_VAR_ARM_MISSING_slots=[2]
mtdbD00339287|Thr|UGU|Schizosaccharomyces pombe	46	U	47	V_loop	TRNAinf-euk.cm	False	T_OR_VAR_ARM_MISSING_slots=[2]
mtdbD00339287|Thr|UGU|Schizosaccharomyces pombe	47	U	48	V_loop	TRNAinf-euk.cm	False	T_OR_VAR_ARM_MISSING_slots=[2]
mtdbD00339287|Thr|UGU|Schizosaccharomyces pombe	48	A	49	T_stem_5	TRNAinf-euk.cm	False	T_OR_VAR_ARM_MISSING_slots=[2]
mtdbD00339287|Thr|UGU|Schizosaccharomyces pombe	49	G	50	T_stem_5	TRNAinf-euk.cm	False	T_OR_VAR_ARM_MISSING_slots=[2]
mtdbD00339287|Thr|UGU|Schizosaccharomyces pombe	50	A	51	T_stem_5	TRNAinf-euk.cm	False	T_OR_VAR_ARM_MISSING_slots=[2]
mtdbD00339287|Thr|UGU|Schizosaccharomyces pombe	51	G	52	T_stem_5	TRNAinf-euk.cm	False	T_OR_VAR_ARM_MISSING_slots=[2]
mtdbD00339287|Thr|UGU|Schizosaccharomyces pombe	52	G	53	T_stem_5	TRNAinf-euk.cm	False	T_OR_VAR_ARM_MISSING_slots=[2]
mtdbD00339287|Thr|UGU|Schizosaccharomyces pombe	53	U	54	T_loop	TRNAinf-euk.cm	False	T_OR_VAR_ARM_MISSING_slots=[2]
mtdbD00339287|Thr|UGU|Schizosaccharomyces pombe	54	U	55	T_loop	TRNAinf-euk.cm	False	T_OR_VAR_ARM_MISSING_slots=[2]
mtdbD00339287|Thr|UGU|Schizosaccharomyces pombe	55	C	56	T_loop	TRNAinf-euk.cm	False	T_OR_VAR_ARM_MISSING_slots=[2]
mtdbD00339287|Thr|UGU|Schizosaccharomyces pombe	56	A	57	T_loop	TRNAinf-euk.cm	False	T_OR_VAR_ARM_MISSING_slots=[2]
mtdbD00339287|Thr|UGU|Schizosaccharomyces pombe	57	A	58	T_loop	TRNAinf-euk.cm	False	T_OR_VAR_ARM_MISSING_slots=[2]
mtdbD00339287|Thr|UGU|Schizosaccharomyces pombe	58	U	59	T_loop	TRNAinf-euk.cm	False	T_OR_VAR_ARM_MISSING_slots=[2]
mtdbD00339287|Thr|UGU|Schizosaccharomyces pombe	59	U	60	T_loop	TRNAinf-euk.cm	False	T_OR_VAR_ARM_MISSING_slots=[2]
mtdbD00339287|Thr|UGU|Schizosaccharomyces pombe	60	C	61	T_stem_3	TRNAinf-euk.cm	False	T_OR_VAR_ARM_MISSING_slots=[2]
mtdbD00339287|Thr|UGU|Schizosaccharomyces pombe	61	C	62	T_stem_3	TRNAinf-euk.cm	False	T_OR_VAR_ARM_MISSING_slots=[2]
mtdbD00339287|Thr|UGU|Schizosaccharomyces pombe	62	U	63	T_stem_3	TRNAinf-euk.cm	False	T_OR_VAR_ARM_MISSING_slots=[2]
mtdbD00339287|Thr|UGU|Schizosaccharomyces pombe	63	C	64	T_stem_3	TRNAinf-euk.cm	False	T_OR_VAR_ARM_MISSING_slots=[2]
mtdbD00339287|Thr|UGU|Schizosaccharomyces pombe	64	U	65	T_stem_3	TRNAinf-euk.cm	False	T_OR_VAR_ARM_MISSING_slots=[2]
mtdbD00339287|Thr|UGU|Schizosaccharomyces pombe	65	A	66	acceptor_3	TRNAinf-euk.cm	False	T_OR_VAR_ARM_MISSING_slots=[2]
mtdbD00339287|Thr|UGU|Schizosaccharomyces pombe	66	A	67	acceptor_3	TRNAinf-euk.cm	False	T_OR_VAR_ARM_MISSING_slots=[2]
mtdbD00339287|Thr|UGU|Schizosaccharomyces pombe	67	U	68	acceptor_3	TRNAinf-euk.cm	False	T_OR_VAR_ARM_MISSING_slots=[2]
mtdbD00339287|Thr|UGU|Schizosaccharomyces pombe	68	U	69	acceptor_3	TRNAinf-euk.cm	False	T_OR_VAR_ARM_MISSING_slots=[2]
mtdbD00339287|Thr|UGU|Schizosaccharomyces pombe	69	A	70	acceptor_3	TRNAinf-euk.cm	False	T_OR_VAR_ARM_MISSING_slots=[2]
mtdbD00339287|Thr|UGU|Schizosaccharomyces pombe	70	G	71	acceptor_3	TRNAinf-euk.cm	False	T_OR_VAR_ARM_MISSING_slots=[2]
mtdbD00339287|Thr|UGU|Schizosaccharomyces pombe	71	C	72	acceptor_3	TRNAinf-euk.cm	False	T_OR_VAR_ARM_MISSING_slots=[2]
mtdbD00339287|Thr|UGU|Schizosaccharomyces pombe	72	A	73	discriminator_CCA	TRNAinf-euk.cm	False	T_OR_VAR_ARM_MISSING_slots=[2]
mtdbD00339288|Phe|GAA|Schizosaccharomyces pombe	0	G	1	acceptor_5	TRNAinf-euk.cm	False	T_OR_VAR_ARM_MISSING_slots=[2]
mtdbD00339288|Phe|GAA|Schizosaccharomyces pombe	1	C	2	acceptor_5	TRNAinf-euk.cm	False	T_OR_VAR_ARM_MISSING_slots=[2]
mtdbD00339288|Phe|GAA|Schizosaccharomyces pombe	2	U	3	acceptor_5	TRNAinf-euk.cm	False	T_OR_VAR_ARM_MISSING_slots=[2]
mtdbD00339288|Phe|GAA|Schizosaccharomyces pombe	3	C	4	acceptor_5	TRNAinf-euk.cm	False	T_OR_VAR_ARM_MISSING_slots=[2]
mtdbD00339288|Phe|GAA|Schizosaccharomyces pombe	4	U	5	acceptor_5	TRNAinf-euk.cm	False	T_OR_VAR_ARM_MISSING_slots=[2]
mtdbD00339288|Phe|GAA|Schizosaccharomyces pombe	5	G	6	acceptor_5	TRNAinf-euk.cm	False	T_OR_VAR_ARM_MISSING_slots=[2]
mtdbD00339288|Phe|GAA|Schizosaccharomyces pombe	6	A	7	acceptor_5	TRNAinf-euk.cm	False	T_OR_VAR_ARM_MISSING_slots=[2]
mtdbD00339288|Phe|GAA|Schizosaccharomyces pombe	7	U	8	connector_AD	TRNAinf-euk.cm	False	T_OR_VAR_ARM_MISSING_slots=[2]
mtdbD00339288|Phe|GAA|Schizosaccharomyces pombe	8	A	9	connector_AD	TRNAinf-euk.cm	False	T_OR_VAR_ARM_MISSING_slots=[2]
mtdbD00339288|Phe|GAA|Schizosaccharomyces pombe	9	A	10	D_stem_5	TRNAinf-euk.cm	False	T_OR_VAR_ARM_MISSING_slots=[2]
mtdbD00339288|Phe|GAA|Schizosaccharomyces pombe	10	C	11	D_stem_5	TRNAinf-euk.cm	False	T_OR_VAR_ARM_MISSING_slots=[2]
mtdbD00339288|Phe|GAA|Schizosaccharomyces pombe	11	U	12	D_stem_5	TRNAinf-euk.cm	False	T_OR_VAR_ARM_MISSING_slots=[2]
mtdbD00339288|Phe|GAA|Schizosaccharomyces pombe	12	U	13	D_stem_5	TRNAinf-euk.cm	False	T_OR_VAR_ARM_MISSING_slots=[2]
mtdbD00339288|Phe|GAA|Schizosaccharomyces pombe	13	A	14	D_loop	TRNAinf-euk.cm	False	T_OR_VAR_ARM_MISSING_slots=[2]
mtdbD00339288|Phe|GAA|Schizosaccharomyces pombe	14	A	15	D_loop	TRNAinf-euk.cm	False	T_OR_VAR_ARM_MISSING_slots=[2]
mtdbD00339288|Phe|GAA|Schizosaccharomyces pombe	15	C	16	D_loop	TRNAinf-euk.cm	False	T_OR_VAR_ARM_MISSING_slots=[2]
mtdbD00339288|Phe|GAA|Schizosaccharomyces pombe	16	G	17	D_loop	TRNAinf-euk.cm	False	T_OR_VAR_ARM_MISSING_slots=[2]
mtdbD00339288|Phe|GAA|Schizosaccharomyces pombe	17	G	17a	D_loop	TRNAinf-euk.cm	False	T_OR_VAR_ARM_MISSING_slots=[2]
mtdbD00339288|Phe|GAA|Schizosaccharomyces pombe	18	U	18	D_loop	TRNAinf-euk.cm	False	T_OR_VAR_ARM_MISSING_slots=[2]
mtdbD00339288|Phe|GAA|Schizosaccharomyces pombe	19	U	19	D_loop	TRNAinf-euk.cm	False	T_OR_VAR_ARM_MISSING_slots=[2]
mtdbD00339288|Phe|GAA|Schizosaccharomyces pombe	20	A	20	D_loop	TRNAinf-euk.cm	False	T_OR_VAR_ARM_MISSING_slots=[2]
mtdbD00339288|Phe|GAA|Schizosaccharomyces pombe	21	A	22	D_stem_3	TRNAinf-euk.cm	False	T_OR_VAR_ARM_MISSING_slots=[2]
mtdbD00339288|Phe|GAA|Schizosaccharomyces pombe	22	A	23	D_stem_3	TRNAinf-euk.cm	False	T_OR_VAR_ARM_MISSING_slots=[2]
mtdbD00339288|Phe|GAA|Schizosaccharomyces pombe	23	G	24	D_stem_3	TRNAinf-euk.cm	False	T_OR_VAR_ARM_MISSING_slots=[2]
mtdbD00339288|Phe|GAA|Schizosaccharomyces pombe	24	U	25	D_stem_3	TRNAinf-euk.cm	False	T_OR_VAR_ARM_MISSING_slots=[2]
mtdbD00339288|Phe|GAA|Schizosaccharomyces pombe	25	G	26	connector_DC	TRNAinf-euk.cm	False	T_OR_VAR_ARM_MISSING_slots=[2]
mtdbD00339288|Phe|GAA|Schizosaccharomyces pombe	26	C	27	C_stem_5	TRNAinf-euk.cm	False	T_OR_VAR_ARM_MISSING_slots=[2]
mtdbD00339288|Phe|GAA|Schizosaccharomyces pombe	27	A	28	C_stem_5	TRNAinf-euk.cm	False	T_OR_VAR_ARM_MISSING_slots=[2]
mtdbD00339288|Phe|GAA|Schizosaccharomyces pombe	28	G	29	C_stem_5	TRNAinf-euk.cm	False	T_OR_VAR_ARM_MISSING_slots=[2]
mtdbD00339288|Phe|GAA|Schizosaccharomyces pombe	29	U	30	C_stem_5	TRNAinf-euk.cm	False	T_OR_VAR_ARM_MISSING_slots=[2]
mtdbD00339288|Phe|GAA|Schizosaccharomyces pombe	30	A	31	C_stem_5	TRNAinf-euk.cm	False	T_OR_VAR_ARM_MISSING_slots=[2]
mtdbD00339288|Phe|GAA|Schizosaccharomyces pombe	31	U	32	C_loop	TRNAinf-euk.cm	False	T_OR_VAR_ARM_MISSING_slots=[2]
mtdbD00339288|Phe|GAA|Schizosaccharomyces pombe	32	U	33	C_loop	TRNAinf-euk.cm	False	T_OR_VAR_ARM_MISSING_slots=[2]
mtdbD00339288|Phe|GAA|Schizosaccharomyces pombe	33	G	34	C_loop	TRNAinf-euk.cm	False	T_OR_VAR_ARM_MISSING_slots=[2]
mtdbD00339288|Phe|GAA|Schizosaccharomyces pombe	34	A	35	C_loop	TRNAinf-euk.cm	False	T_OR_VAR_ARM_MISSING_slots=[2]
mtdbD00339288|Phe|GAA|Schizosaccharomyces pombe	35	A	36	C_loop	TRNAinf-euk.cm	False	T_OR_VAR_ARM_MISSING_slots=[2]
mtdbD00339288|Phe|GAA|Schizosaccharomyces pombe	36	G	37	C_loop	TRNAinf-euk.cm	False	T_OR_VAR_ARM_MISSING_slots=[2]
mtdbD00339288|Phe|GAA|Schizosaccharomyces pombe	37	C	38	C_loop	TRNAinf-euk.cm	False	T_OR_VAR_ARM_MISSING_slots=[2]
mtdbD00339288|Phe|GAA|Schizosaccharomyces pombe	38	U	39	C_stem_3	TRNAinf-euk.cm	False	T_OR_VAR_ARM_MISSING_slots=[2]
mtdbD00339288|Phe|GAA|Schizosaccharomyces pombe	39	G	40	C_stem_3	TRNAinf-euk.cm	False	T_OR_VAR_ARM_MISSING_slots=[2]
mtdbD00339288|Phe|GAA|Schizosaccharomyces pombe	40	C	41	C_stem_3	TRNAinf-euk.cm	False	T_OR_VAR_ARM_MISSING_slots=[2]
mtdbD00339288|Phe|GAA|Schizosaccharomyces pombe	41	U	42	C_stem_3	TRNAinf-euk.cm	False	T_OR_VAR_ARM_MISSING_slots=[2]
mtdbD00339288|Phe|GAA|Schizosaccharomyces pombe	42	G	43	C_stem_3	TRNAinf-euk.cm	False	T_OR_VAR_ARM_MISSING_slots=[2]
mtdbD00339288|Phe|GAA|Schizosaccharomyces pombe	43	A	44	V_loop	TRNAinf-euk.cm	False	T_OR_VAR_ARM_MISSING_slots=[2]
mtdbD00339288|Phe|GAA|Schizosaccharomyces pombe	44	G	45	V_loop	TRNAinf-euk.cm	False	T_OR_VAR_ARM_MISSING_slots=[2]
mtdbD00339288|Phe|GAA|Schizosaccharomyces pombe	45	A	46	V_loop	TRNAinf-euk.cm	False	T_OR_VAR_ARM_MISSING_slots=[2]
mtdbD00339288|Phe|GAA|Schizosaccharomyces pombe	46	U	47	V_loop	TRNAinf-euk.cm	False	T_OR_VAR_ARM_MISSING_slots=[2]
mtdbD00339288|Phe|GAA|Schizosaccharomyces pombe	47	A	49	T_stem_5	TRNAinf-euk.cm	False	T_OR_VAR_ARM_MISSING_slots=[2]
mtdbD00339288|Phe|GAA|Schizosaccharomyces pombe	48	U	50	T_stem_5	TRNAinf-euk.cm	False	T_OR_VAR_ARM_MISSING_slots=[2]
mtdbD00339288|Phe|GAA|Schizosaccharomyces pombe	49	U	51	T_stem_5	TRNAinf-euk.cm	False	T_OR_VAR_ARM_MISSING_slots=[2]
mtdbD00339288|Phe|GAA|Schizosaccharomyces pombe	50	G	52	T_stem_5	TRNAinf-euk.cm	False	T_OR_VAR_ARM_MISSING_slots=[2]
mtdbD00339288|Phe|GAA|Schizosaccharomyces pombe	51	G	53	T_stem_5	TRNAinf-euk.cm	False	T_OR_VAR_ARM_MISSING_slots=[2]
mtdbD00339288|Phe|GAA|Schizosaccharomyces pombe	52	U	54	T_loop	TRNAinf-euk.cm	False	T_OR_VAR_ARM_MISSING_slots=[2]
mtdbD00339288|Phe|GAA|Schizosaccharomyces pombe	53	U	55	T_loop	TRNAinf-euk.cm	False	T_OR_VAR_ARM_MISSING_slots=[2]
mtdbD00339288|Phe|GAA|Schizosaccharomyces pombe	54	C	56	T_loop	TRNAinf-euk.cm	False	T_OR_VAR_ARM_MISSING_slots=[2]
mtdbD00339288|Phe|GAA|Schizosaccharomyces pombe	55	G	57	T_loop	TRNAinf-euk.cm	False	T_OR_VAR_ARM_MISSING_slots=[2]
mtdbD00339288|Phe|GAA|Schizosaccharomyces pombe	56	A	58	T_loop	TRNAinf-euk.cm	False	T_OR_VAR_ARM_MISSING_slots=[2]
mtdbD00339288|Phe|GAA|Schizosaccharomyces pombe	57	U	59	T_loop	TRNAinf-euk.cm	False	T_OR_VAR_ARM_MISSING_slots=[2]
mtdbD00339288|Phe|GAA|Schizosaccharomyces pombe	58	U	60	T_loop	TRNAinf-euk.cm	False	T_OR_VAR_ARM_MISSING_slots=[2]
mtdbD00339288|Phe|GAA|Schizosaccharomyces pombe	59	C	61	T_stem_3	TRNAinf-euk.cm	False	T_OR_VAR_ARM_MISSING_slots=[2]
mtdbD00339288|Phe|GAA|Schizosaccharomyces pombe	60	C	62	T_stem_3	TRNAinf-euk.cm	False	T_OR_VAR_ARM_MISSING_slots=[2]
mtdbD00339288|Phe|GAA|Schizosaccharomyces pombe	61	A	63	T_stem_3	TRNAinf-euk.cm	False	T_OR_VAR_ARM_MISSING_slots=[2]
mtdbD00339288|Phe|GAA|Schizosaccharomyces pombe	62	U	64	T_stem_3	TRNAinf-euk.cm	False	T_OR_VAR_ARM_MISSING_slots=[2]
mtdbD00339288|Phe|GAA|Schizosaccharomyces pombe	63	U	65	T_stem_3	TRNAinf-euk.cm	False	T_OR_VAR_ARM_MISSING_slots=[2]
mtdbD00339288|Phe|GAA|Schizosaccharomyces pombe	64	U	66	acceptor_3	TRNAinf-euk.cm	False	T_OR_VAR_ARM_MISSING_slots=[2]
mtdbD00339288|Phe|GAA|Schizosaccharomyces pombe	65	C	67	acceptor_3	TRNAinf-euk.cm	False	T_OR_VAR_ARM_MISSING_slots=[2]
mtdbD00339288|Phe|GAA|Schizosaccharomyces pombe	66	A	68	acceptor_3	TRNAinf-euk.cm	False	T_OR_VAR_ARM_MISSING_slots=[2]
mtdbD00339288|Phe|GAA|Schizosaccharomyces pombe	67	G	69	acceptor_3	TRNAinf-euk.cm	False	T_OR_VAR_ARM_MISSING_slots=[2]
mtdbD00339288|Phe|GAA|Schizosaccharomyces pombe	68	A	70	acceptor_3	TRNAinf-euk.cm	False	T_OR_VAR_ARM_MISSING_slots=[2]
mtdbD00339288|Phe|GAA|Schizosaccharomyces pombe	69	G	71	acceptor_3	TRNAinf-euk.cm	False	T_OR_VAR_ARM_MISSING_slots=[2]
mtdbD00339288|Phe|GAA|Schizosaccharomyces pombe	70	C	72	acceptor_3	TRNAinf-euk.cm	False	T_OR_VAR_ARM_MISSING_slots=[2]
mtdbD00339288|Phe|GAA|Schizosaccharomyces pombe	71	A	73	discriminator_CCA	TRNAinf-euk.cm	False	T_OR_VAR_ARM_MISSING_slots=[2]
mtdbD00339289|Leu1|UAG|Schizosaccharomyces pombe	0	G	1	acceptor_5	TRNAinf-euk.cm	False	T_OR_VAR_ARM_MISSING_slots=[2]
mtdbD00339289|Leu1|UAG|Schizosaccharomyces pombe	1	C	2	acceptor_5	TRNAinf-euk.cm	False	T_OR_VAR_ARM_MISSING_slots=[2]
mtdbD00339289|Leu1|UAG|Schizosaccharomyces pombe	2	A	3	acceptor_5	TRNAinf-euk.cm	False	T_OR_VAR_ARM_MISSING_slots=[2]
mtdbD00339289|Leu1|UAG|Schizosaccharomyces pombe	3	G	4	acceptor_5	TRNAinf-euk.cm	False	T_OR_VAR_ARM_MISSING_slots=[2]
mtdbD00339289|Leu1|UAG|Schizosaccharomyces pombe	4	A	5	acceptor_5	TRNAinf-euk.cm	False	T_OR_VAR_ARM_MISSING_slots=[2]
mtdbD00339289|Leu1|UAG|Schizosaccharomyces pombe	5	U	6	acceptor_5	TRNAinf-euk.cm	False	T_OR_VAR_ARM_MISSING_slots=[2]
mtdbD00339289|Leu1|UAG|Schizosaccharomyces pombe	6	G	7	acceptor_5	TRNAinf-euk.cm	False	T_OR_VAR_ARM_MISSING_slots=[2]
mtdbD00339289|Leu1|UAG|Schizosaccharomyces pombe	7	U	8	connector_AD	TRNAinf-euk.cm	False	T_OR_VAR_ARM_MISSING_slots=[2]
mtdbD00339289|Leu1|UAG|Schizosaccharomyces pombe	8	G	9	connector_AD	TRNAinf-euk.cm	False	T_OR_VAR_ARM_MISSING_slots=[2]
mtdbD00339289|Leu1|UAG|Schizosaccharomyces pombe	9	A	10	D_stem_5	TRNAinf-euk.cm	False	T_OR_VAR_ARM_MISSING_slots=[2]
mtdbD00339289|Leu1|UAG|Schizosaccharomyces pombe	10	U	11	D_stem_5	TRNAinf-euk.cm	False	T_OR_VAR_ARM_MISSING_slots=[2]
mtdbD00339289|Leu1|UAG|Schizosaccharomyces pombe	11	G	12	D_stem_5	TRNAinf-euk.cm	False	T_OR_VAR_ARM_MISSING_slots=[2]
mtdbD00339289|Leu1|UAG|Schizosaccharomyces pombe	12	A	13	D_stem_5	TRNAinf-euk.cm	False	T_OR_VAR_ARM_MISSING_slots=[2]
mtdbD00339289|Leu1|UAG|Schizosaccharomyces pombe	13	A	14	D_loop	TRNAinf-euk.cm	False	T_OR_VAR_ARM_MISSING_slots=[2]
mtdbD00339289|Leu1|UAG|Schizosaccharomyces pombe	14	A	15	D_loop	TRNAinf-euk.cm	False	T_OR_VAR_ARM_MISSING_slots=[2]
mtdbD00339289|Leu1|UAG|Schizosaccharomyces pombe	15	U	16	D_loop	TRNAinf-euk.cm	False	T_OR_VAR_ARM_MISSING_slots=[2]
mtdbD00339289|Leu1|UAG|Schizosaccharomyces pombe	16	U	17	D_loop	TRNAinf-euk.cm	False	T_OR_VAR_ARM_MISSING_slots=[2]
mtdbD00339289|Leu1|UAG|Schizosaccharomyces pombe	17	G	17a	D_loop	TRNAinf-euk.cm	False	T_OR_VAR_ARM_MISSING_slots=[2]
mtdbD00339289|Leu1|UAG|Schizosaccharomyces pombe	18	G	18	D_loop	TRNAinf-euk.cm	False	T_OR_VAR_ARM_MISSING_slots=[2]
mtdbD00339289|Leu1|UAG|Schizosaccharomyces pombe	19	U	19	D_loop	TRNAinf-euk.cm	False	T_OR_VAR_ARM_MISSING_slots=[2]
mtdbD00339289|Leu1|UAG|Schizosaccharomyces pombe	20	A	20	D_loop	TRNAinf-euk.cm	False	T_OR_VAR_ARM_MISSING_slots=[2]
mtdbD00339289|Leu1|UAG|Schizosaccharomyces pombe	21	A	20a	D_loop	TRNAinf-euk.cm	False	T_OR_VAR_ARM_MISSING_slots=[2]
mtdbD00339289|Leu1|UAG|Schizosaccharomyces pombe	22	A	22	D_stem_3	TRNAinf-euk.cm	False	T_OR_VAR_ARM_MISSING_slots=[2]
mtdbD00339289|Leu1|UAG|Schizosaccharomyces pombe	23	C	23	D_stem_3	TRNAinf-euk.cm	False	T_OR_VAR_ARM_MISSING_slots=[2]
mtdbD00339289|Leu1|UAG|Schizosaccharomyces pombe	24	A	24	D_stem_3	TRNAinf-euk.cm	False	T_OR_VAR_ARM_MISSING_slots=[2]
mtdbD00339289|Leu1|UAG|Schizosaccharomyces pombe	25	U	25	D_stem_3	TRNAinf-euk.cm	False	T_OR_VAR_ARM_MISSING_slots=[2]
mtdbD00339289|Leu1|UAG|Schizosaccharomyces pombe	26	G	26	connector_DC	TRNAinf-euk.cm	False	T_OR_VAR_ARM_MISSING_slots=[2]
mtdbD00339289|Leu1|UAG|Schizosaccharomyces pombe	27	U	27	C_stem_5	TRNAinf-euk.cm	False	T_OR_VAR_ARM_MISSING_slots=[2]
mtdbD00339289|Leu1|UAG|Schizosaccharomyces pombe	28	U	28	C_stem_5	TRNAinf-euk.cm	False	T_OR_VAR_ARM_MISSING_slots=[2]
mtdbD00339289|Leu1|UAG|Schizosaccharomyces pombe	29	U	29	C_stem_5	TRNAinf-euk.cm	False	T_OR_VAR_ARM_MISSING_slots=[2]
mtdbD00339289|Leu1|UAG|Schizosaccharomyces pombe	30	A	30	C_stem_5	TRNAinf-euk.cm	False	T_OR_VAR_ARM_MISSING_slots=[2]
mtdbD00339289|Leu1|UAG|Schizosaccharomyces pombe	31	C	31	C_stem_5	TRNAinf-euk.cm	False	T_OR_VAR_ARM_MISSING_slots=[2]
mtdbD00339289|Leu1|UAG|Schizosaccharomyces pombe	32	C	32	C_loop	TRNAinf-euk.cm	False	T_OR_VAR_ARM_MISSING_slots=[2]
mtdbD00339289|Leu1|UAG|Schizosaccharomyces pombe	33	U	33	C_loop	TRNAinf-euk.cm	False	T_OR_VAR_ARM_MISSING_slots=[2]
mtdbD00339289|Leu1|UAG|Schizosaccharomyces pombe	34	U	34	C_loop	TRNAinf-euk.cm	False	T_OR_VAR_ARM_MISSING_slots=[2]
mtdbD00339289|Leu1|UAG|Schizosaccharomyces pombe	35	A	35	C_loop	TRNAinf-euk.cm	False	T_OR_VAR_ARM_MISSING_slots=[2]
mtdbD00339289|Leu1|UAG|Schizosaccharomyces pombe	36	G	36	C_loop	TRNAinf-euk.cm	False	T_OR_VAR_ARM_MISSING_slots=[2]
mtdbD00339289|Leu1|UAG|Schizosaccharomyces pombe	37	G	37	C_loop	TRNAinf-euk.cm	False	T_OR_VAR_ARM_MISSING_slots=[2]
mtdbD00339289|Leu1|UAG|Schizosaccharomyces pombe	38	A	38	C_loop	TRNAinf-euk.cm	False	T_OR_VAR_ARM_MISSING_slots=[2]
mtdbD00339289|Leu1|UAG|Schizosaccharomyces pombe	39	G	39	C_stem_3	TRNAinf-euk.cm	False	T_OR_VAR_ARM_MISSING_slots=[2]
mtdbD00339289|Leu1|UAG|Schizosaccharomyces pombe	40	U	40	C_stem_3	TRNAinf-euk.cm	False	T_OR_VAR_ARM_MISSING_slots=[2]
mtdbD00339289|Leu1|UAG|Schizosaccharomyces pombe	41	A	41	C_stem_3	TRNAinf-euk.cm	False	T_OR_VAR_ARM_MISSING_slots=[2]
mtdbD00339289|Leu1|UAG|Schizosaccharomyces pombe	42	A	42	C_stem_3	TRNAinf-euk.cm	False	T_OR_VAR_ARM_MISSING_slots=[2]
mtdbD00339289|Leu1|UAG|Schizosaccharomyces pombe	43	A	43	C_stem_3	TRNAinf-euk.cm	False	T_OR_VAR_ARM_MISSING_slots=[2]
mtdbD00339289|Leu1|UAG|Schizosaccharomyces pombe	44	A	44	V_loop	TRNAinf-euk.cm	False	T_OR_VAR_ARM_MISSING_slots=[2]
mtdbD00339289|Leu1|UAG|Schizosaccharomyces pombe	45	U	45	V_loop	TRNAinf-euk.cm	False	T_OR_VAR_ARM_MISSING_slots=[2]
mtdbD00339289|Leu1|UAG|Schizosaccharomyces pombe	46	C	46	V_loop	TRNAinf-euk.cm	False	T_OR_VAR_ARM_MISSING_slots=[2]
mtdbD00339289|Leu1|UAG|Schizosaccharomyces pombe	47	U	47	V_loop	TRNAinf-euk.cm	False	T_OR_VAR_ARM_MISSING_slots=[2]
mtdbD00339289|Leu1|UAG|Schizosaccharomyces pombe	48	U	48	V_loop	TRNAinf-euk.cm	False	T_OR_VAR_ARM_MISSING_slots=[2]
mtdbD00339289|Leu1|UAG|Schizosaccharomyces pombe	49	G	49	T_stem_5	TRNAinf-euk.cm	False	T_OR_VAR_ARM_MISSING_slots=[2]
mtdbD00339289|Leu1|UAG|Schizosaccharomyces pombe	50	A	50	T_stem_5	TRNAinf-euk.cm	False	T_OR_VAR_ARM_MISSING_slots=[2]
mtdbD00339289|Leu1|UAG|Schizosaccharomyces pombe	51	A	51	T_stem_5	TRNAinf-euk.cm	False	T_OR_VAR_ARM_MISSING_slots=[2]
mtdbD00339289|Leu1|UAG|Schizosaccharomyces pombe	52	G	52	T_stem_5	TRNAinf-euk.cm	False	T_OR_VAR_ARM_MISSING_slots=[2]
mtdbD00339289|Leu1|UAG|Schizosaccharomyces pombe	53	G	53	T_stem_5	TRNAinf-euk.cm	False	T_OR_VAR_ARM_MISSING_slots=[2]
mtdbD00339289|Leu1|UAG|Schizosaccharomyces pombe	54	U	54	T_loop	TRNAinf-euk.cm	False	T_OR_VAR_ARM_MISSING_slots=[2]
mtdbD00339289|Leu1|UAG|Schizosaccharomyces pombe	55	U	55	T_loop	TRNAinf-euk.cm	False	T_OR_VAR_ARM_MISSING_slots=[2]
mtdbD00339289|Leu1|UAG|Schizosaccharomyces pombe	56	C	56	T_loop	TRNAinf-euk.cm	False	T_OR_VAR_ARM_MISSING_slots=[2]
mtdbD00339289|Leu1|UAG|Schizosaccharomyces pombe	57	G	57	T_loop	TRNAinf-euk.cm	False	T_OR_VAR_ARM_MISSING_slots=[2]
mtdbD00339289|Leu1|UAG|Schizosaccharomyces pombe	58	A	58	T_loop	TRNAinf-euk.cm	False	T_OR_VAR_ARM_MISSING_slots=[2]
mtdbD00339289|Leu1|UAG|Schizosaccharomyces pombe	59	A	59	T_loop	TRNAinf-euk.cm	False	T_OR_VAR_ARM_MISSING_slots=[2]
mtdbD00339289|Leu1|UAG|Schizosaccharomyces pombe	60	U	60	T_loop	TRNAinf-euk.cm	False	T_OR_VAR_ARM_MISSING_slots=[2]
mtdbD00339289|Leu1|UAG|Schizosaccharomyces pombe	61	C	61	T_stem_3	TRNAinf-euk.cm	False	T_OR_VAR_ARM_MISSING_slots=[2]
mtdbD00339289|Leu1|UAG|Schizosaccharomyces pombe	62	C	62	T_stem_3	TRNAinf-euk.cm	False	T_OR_VAR_ARM_MISSING_slots=[2]
mtdbD00339289|Leu1|UAG|Schizosaccharomyces pombe	63	U	63	T_stem_3	TRNAinf-euk.cm	False	T_OR_VAR_ARM_MISSING_slots=[2]
mtdbD00339289|Leu1|UAG|Schizosaccharomyces pombe	64	U	64	T_stem_3	TRNAinf-euk.cm	False	T_OR_VAR_ARM_MISSING_slots=[2]
mtdbD00339289|Leu1|UAG|Schizosaccharomyces pombe	65	C	65	T_stem_3	TRNAinf-euk.cm	False	T_OR_VAR_ARM_MISSING_slots=[2]
mtdbD00339289|Leu1|UAG|Schizosaccharomyces pombe	66	C	66	acceptor_3	TRNAinf-euk.cm	False	T_OR_VAR_ARM_MISSING_slots=[2]
mtdbD00339289|Leu1|UAG|Schizosaccharomyces pombe	67	A	67	acceptor_3	TRNAinf-euk.cm	False	T_OR_VAR_ARM_MISSING_slots=[2]
mtdbD00339289|Leu1|UAG|Schizosaccharomyces pombe	68	U	68	acceptor_3	TRNAinf-euk.cm	False	T_OR_VAR_ARM_MISSING_slots=[2]
mtdbD00339289|Leu1|UAG|Schizosaccharomyces pombe	69	C	69	acceptor_3	TRNAinf-euk.cm	False	T_OR_VAR_ARM_MISSING_slots=[2]
mtdbD00339289|Leu1|UAG|Schizosaccharomyces pombe	70	U	70	acceptor_3	TRNAinf-euk.cm	False	T_OR_VAR_ARM_MISSING_slots=[2]
mtdbD00339289|Leu1|UAG|Schizosaccharomyces pombe	71	G	71	acceptor_3	TRNAinf-euk.cm	False	T_OR_VAR_ARM_MISSING_slots=[2]
mtdbD00339289|Leu1|UAG|Schizosaccharomyces pombe	72	U	72	acceptor_3	TRNAinf-euk.cm	False	T_OR_VAR_ARM_MISSING_slots=[2]
mtdbD00339289|Leu1|UAG|Schizosaccharomyces pombe	73	A	73	discriminator_CCA	TRNAinf-euk.cm	False	T_OR_VAR_ARM_MISSING_slots=[2]
mtdbD00339290|Leu2|UAG|Schizosaccharomyces pombe	0	G	1	acceptor_5	TRNAinf-euk.cm	False	T_OR_VAR_ARM_MISSING_slots=[2]
mtdbD00339290|Leu2|UAG|Schizosaccharomyces pombe	1	C	2	acceptor_5	TRNAinf-euk.cm	False	T_OR_VAR_ARM_MISSING_slots=[2]
mtdbD00339290|Leu2|UAG|Schizosaccharomyces pombe	2	A	3	acceptor_5	TRNAinf-euk.cm	False	T_OR_VAR_ARM_MISSING_slots=[2]
mtdbD00339290|Leu2|UAG|Schizosaccharomyces pombe	3	G	4	acceptor_5	TRNAinf-euk.cm	False	T_OR_VAR_ARM_MISSING_slots=[2]
mtdbD00339290|Leu2|UAG|Schizosaccharomyces pombe	4	A	5	acceptor_5	TRNAinf-euk.cm	False	T_OR_VAR_ARM_MISSING_slots=[2]
mtdbD00339290|Leu2|UAG|Schizosaccharomyces pombe	5	U	6	acceptor_5	TRNAinf-euk.cm	False	T_OR_VAR_ARM_MISSING_slots=[2]
mtdbD00339290|Leu2|UAG|Schizosaccharomyces pombe	6	G	7	acceptor_5	TRNAinf-euk.cm	False	T_OR_VAR_ARM_MISSING_slots=[2]
mtdbD00339290|Leu2|UAG|Schizosaccharomyces pombe	7	U	8	connector_AD	TRNAinf-euk.cm	False	T_OR_VAR_ARM_MISSING_slots=[2]
mtdbD00339290|Leu2|UAG|Schizosaccharomyces pombe	8	G	9	connector_AD	TRNAinf-euk.cm	False	T_OR_VAR_ARM_MISSING_slots=[2]
mtdbD00339290|Leu2|UAG|Schizosaccharomyces pombe	9	A	10	D_stem_5	TRNAinf-euk.cm	False	T_OR_VAR_ARM_MISSING_slots=[2]
mtdbD00339290|Leu2|UAG|Schizosaccharomyces pombe	10	U	11	D_stem_5	TRNAinf-euk.cm	False	T_OR_VAR_ARM_MISSING_slots=[2]
mtdbD00339290|Leu2|UAG|Schizosaccharomyces pombe	11	G	12	D_stem_5	TRNAinf-euk.cm	False	T_OR_VAR_ARM_MISSING_slots=[2]
mtdbD00339290|Leu2|UAG|Schizosaccharomyces pombe	12	A	13	D_stem_5	TRNAinf-euk.cm	False	T_OR_VAR_ARM_MISSING_slots=[2]
mtdbD00339290|Leu2|UAG|Schizosaccharomyces pombe	13	A	14	D_loop	TRNAinf-euk.cm	False	T_OR_VAR_ARM_MISSING_slots=[2]
mtdbD00339290|Leu2|UAG|Schizosaccharomyces pombe	14	A	15	D_loop	TRNAinf-euk.cm	False	T_OR_VAR_ARM_MISSING_slots=[2]
mtdbD00339290|Leu2|UAG|Schizosaccharomyces pombe	15	U	16	D_loop	TRNAinf-euk.cm	False	T_OR_VAR_ARM_MISSING_slots=[2]
mtdbD00339290|Leu2|UAG|Schizosaccharomyces pombe	16	U	17	D_loop	TRNAinf-euk.cm	False	T_OR_VAR_ARM_MISSING_slots=[2]
mtdbD00339290|Leu2|UAG|Schizosaccharomyces pombe	17	G	17a	D_loop	TRNAinf-euk.cm	False	T_OR_VAR_ARM_MISSING_slots=[2]
mtdbD00339290|Leu2|UAG|Schizosaccharomyces pombe	18	G	18	D_loop	TRNAinf-euk.cm	False	T_OR_VAR_ARM_MISSING_slots=[2]
mtdbD00339290|Leu2|UAG|Schizosaccharomyces pombe	19	U	19	D_loop	TRNAinf-euk.cm	False	T_OR_VAR_ARM_MISSING_slots=[2]
mtdbD00339290|Leu2|UAG|Schizosaccharomyces pombe	20	A	20	D_loop	TRNAinf-euk.cm	False	T_OR_VAR_ARM_MISSING_slots=[2]
mtdbD00339290|Leu2|UAG|Schizosaccharomyces pombe	21	A	20a	D_loop	TRNAinf-euk.cm	False	T_OR_VAR_ARM_MISSING_slots=[2]
mtdbD00339290|Leu2|UAG|Schizosaccharomyces pombe	22	A	22	D_stem_3	TRNAinf-euk.cm	False	T_OR_VAR_ARM_MISSING_slots=[2]
mtdbD00339290|Leu2|UAG|Schizosaccharomyces pombe	23	C	23	D_stem_3	TRNAinf-euk.cm	False	T_OR_VAR_ARM_MISSING_slots=[2]
mtdbD00339290|Leu2|UAG|Schizosaccharomyces pombe	24	A	24	D_stem_3	TRNAinf-euk.cm	False	T_OR_VAR_ARM_MISSING_slots=[2]
mtdbD00339290|Leu2|UAG|Schizosaccharomyces pombe	25	U	25	D_stem_3	TRNAinf-euk.cm	False	T_OR_VAR_ARM_MISSING_slots=[2]
mtdbD00339290|Leu2|UAG|Schizosaccharomyces pombe	26	G	26	connector_DC	TRNAinf-euk.cm	False	T_OR_VAR_ARM_MISSING_slots=[2]
mtdbD00339290|Leu2|UAG|Schizosaccharomyces pombe	27	U	27	C_stem_5	TRNAinf-euk.cm	False	T_OR_VAR_ARM_MISSING_slots=[2]
mtdbD00339290|Leu2|UAG|Schizosaccharomyces pombe	28	U	28	C_stem_5	TRNAinf-euk.cm	False	T_OR_VAR_ARM_MISSING_slots=[2]
mtdbD00339290|Leu2|UAG|Schizosaccharomyces pombe	29	U	29	C_stem_5	TRNAinf-euk.cm	False	T_OR_VAR_ARM_MISSING_slots=[2]
mtdbD00339290|Leu2|UAG|Schizosaccharomyces pombe	30	A	30	C_stem_5	TRNAinf-euk.cm	False	T_OR_VAR_ARM_MISSING_slots=[2]
mtdbD00339290|Leu2|UAG|Schizosaccharomyces pombe	31	C	31	C_stem_5	TRNAinf-euk.cm	False	T_OR_VAR_ARM_MISSING_slots=[2]
mtdbD00339290|Leu2|UAG|Schizosaccharomyces pombe	32	C	32	C_loop	TRNAinf-euk.cm	False	T_OR_VAR_ARM_MISSING_slots=[2]
mtdbD00339290|Leu2|UAG|Schizosaccharomyces pombe	33	U	33	C_loop	TRNAinf-euk.cm	False	T_OR_VAR_ARM_MISSING_slots=[2]
mtdbD00339290|Leu2|UAG|Schizosaccharomyces pombe	34	U	34	C_loop	TRNAinf-euk.cm	False	T_OR_VAR_ARM_MISSING_slots=[2]
mtdbD00339290|Leu2|UAG|Schizosaccharomyces pombe	35	A	35	C_loop	TRNAinf-euk.cm	False	T_OR_VAR_ARM_MISSING_slots=[2]
mtdbD00339290|Leu2|UAG|Schizosaccharomyces pombe	36	G	36	C_loop	TRNAinf-euk.cm	False	T_OR_VAR_ARM_MISSING_slots=[2]
mtdbD00339290|Leu2|UAG|Schizosaccharomyces pombe	37	G	37	C_loop	TRNAinf-euk.cm	False	T_OR_VAR_ARM_MISSING_slots=[2]
mtdbD00339290|Leu2|UAG|Schizosaccharomyces pombe	38	A	38	C_loop	TRNAinf-euk.cm	False	T_OR_VAR_ARM_MISSING_slots=[2]
mtdbD00339290|Leu2|UAG|Schizosaccharomyces pombe	39	G	39	C_stem_3	TRNAinf-euk.cm	False	T_OR_VAR_ARM_MISSING_slots=[2]
mtdbD00339290|Leu2|UAG|Schizosaccharomyces pombe	40	U	40	C_stem_3	TRNAinf-euk.cm	False	T_OR_VAR_ARM_MISSING_slots=[2]
mtdbD00339290|Leu2|UAG|Schizosaccharomyces pombe	41	A	41	C_stem_3	TRNAinf-euk.cm	False	T_OR_VAR_ARM_MISSING_slots=[2]
mtdbD00339290|Leu2|UAG|Schizosaccharomyces pombe	42	A	42	C_stem_3	TRNAinf-euk.cm	False	T_OR_VAR_ARM_MISSING_slots=[2]
mtdbD00339290|Leu2|UAG|Schizosaccharomyces pombe	43	A	43	C_stem_3	TRNAinf-euk.cm	False	T_OR_VAR_ARM_MISSING_slots=[2]
mtdbD00339290|Leu2|UAG|Schizosaccharomyces pombe	44	A	44	V_loop	TRNAinf-euk.cm	False	T_OR_VAR_ARM_MISSING_slots=[2]
mtdbD00339290|Leu2|UAG|Schizosaccharomyces pombe	45	U	45	V_loop	TRNAinf-euk.cm	False	T_OR_VAR_ARM_MISSING_slots=[2]
mtdbD00339290|Leu2|UAG|Schizosaccharomyces pombe	46	C	46	V_loop	TRNAinf-euk.cm	False	T_OR_VAR_ARM_MISSING_slots=[2]
mtdbD00339290|Leu2|UAG|Schizosaccharomyces pombe	47	U	47	V_loop	TRNAinf-euk.cm	False	T_OR_VAR_ARM_MISSING_slots=[2]
mtdbD00339290|Leu2|UAG|Schizosaccharomyces pombe	48	U	48	V_loop	TRNAinf-euk.cm	False	T_OR_VAR_ARM_MISSING_slots=[2]
mtdbD00339290|Leu2|UAG|Schizosaccharomyces pombe	49	G	49	T_stem_5	TRNAinf-euk.cm	False	T_OR_VAR_ARM_MISSING_slots=[2]
mtdbD00339290|Leu2|UAG|Schizosaccharomyces pombe	50	A	50	T_stem_5	TRNAinf-euk.cm	False	T_OR_VAR_ARM_MISSING_slots=[2]
mtdbD00339290|Leu2|UAG|Schizosaccharomyces pombe	51	A	51	T_stem_5	TRNAinf-euk.cm	False	T_OR_VAR_ARM_MISSING_slots=[2]
mtdbD00339290|Leu2|UAG|Schizosaccharomyces pombe	52	G	52	T_stem_5	TRNAinf-euk.cm	False	T_OR_VAR_ARM_MISSING_slots=[2]
mtdbD00339290|Leu2|UAG|Schizosaccharomyces pombe	53	G	53	T_stem_5	TRNAinf-euk.cm	False	T_OR_VAR_ARM_MISSING_slots=[2]
mtdbD00339290|Leu2|UAG|Schizosaccharomyces pombe	54	U	54	T_loop	TRNAinf-euk.cm	False	T_OR_VAR_ARM_MISSING_slots=[2]
mtdbD00339290|Leu2|UAG|Schizosaccharomyces pombe	55	U	55	T_loop	TRNAinf-euk.cm	False	T_OR_VAR_ARM_MISSING_slots=[2]
mtdbD00339290|Leu2|UAG|Schizosaccharomyces pombe	56	C	56	T_loop	TRNAinf-euk.cm	False	T_OR_VAR_ARM_MISSING_slots=[2]
mtdbD00339290|Leu2|UAG|Schizosaccharomyces pombe	57	G	57	T_loop	TRNAinf-euk.cm	False	T_OR_VAR_ARM_MISSING_slots=[2]
mtdbD00339290|Leu2|UAG|Schizosaccharomyces pombe	58	A	58	T_loop	TRNAinf-euk.cm	False	T_OR_VAR_ARM_MISSING_slots=[2]
mtdbD00339290|Leu2|UAG|Schizosaccharomyces pombe	59	A	59	T_loop	TRNAinf-euk.cm	False	T_OR_VAR_ARM_MISSING_slots=[2]
mtdbD00339290|Leu2|UAG|Schizosaccharomyces pombe	60	U	60	T_loop	TRNAinf-euk.cm	False	T_OR_VAR_ARM_MISSING_slots=[2]
mtdbD00339290|Leu2|UAG|Schizosaccharomyces pombe	61	C	61	T_stem_3	TRNAinf-euk.cm	False	T_OR_VAR_ARM_MISSING_slots=[2]
mtdbD00339290|Leu2|UAG|Schizosaccharomyces pombe	62	C	62	T_stem_3	TRNAinf-euk.cm	False	T_OR_VAR_ARM_MISSING_slots=[2]
mtdbD00339290|Leu2|UAG|Schizosaccharomyces pombe	63	U	63	T_stem_3	TRNAinf-euk.cm	False	T_OR_VAR_ARM_MISSING_slots=[2]
mtdbD00339290|Leu2|UAG|Schizosaccharomyces pombe	64	U	64	T_stem_3	TRNAinf-euk.cm	False	T_OR_VAR_ARM_MISSING_slots=[2]
mtdbD00339290|Leu2|UAG|Schizosaccharomyces pombe	65	C	65	T_stem_3	TRNAinf-euk.cm	False	T_OR_VAR_ARM_MISSING_slots=[2]
mtdbD00339290|Leu2|UAG|Schizosaccharomyces pombe	66	C	66	acceptor_3	TRNAinf-euk.cm	False	T_OR_VAR_ARM_MISSING_slots=[2]
mtdbD00339290|Leu2|UAG|Schizosaccharomyces pombe	67	A	67	acceptor_3	TRNAinf-euk.cm	False	T_OR_VAR_ARM_MISSING_slots=[2]
mtdbD00339290|Leu2|UAG|Schizosaccharomyces pombe	68	U	68	acceptor_3	TRNAinf-euk.cm	False	T_OR_VAR_ARM_MISSING_slots=[2]
mtdbD00339290|Leu2|UAG|Schizosaccharomyces pombe	69	C	69	acceptor_3	TRNAinf-euk.cm	False	T_OR_VAR_ARM_MISSING_slots=[2]
mtdbD00339290|Leu2|UAG|Schizosaccharomyces pombe	70	U	70	acceptor_3	TRNAinf-euk.cm	False	T_OR_VAR_ARM_MISSING_slots=[2]
mtdbD00339290|Leu2|UAG|Schizosaccharomyces pombe	71	G	71	acceptor_3	TRNAinf-euk.cm	False	T_OR_VAR_ARM_MISSING_slots=[2]
mtdbD00339290|Leu2|UAG|Schizosaccharomyces pombe	72	U	72	acceptor_3	TRNAinf-euk.cm	False	T_OR_VAR_ARM_MISSING_slots=[2]
mtdbD00339290|Leu2|UAG|Schizosaccharomyces pombe	73	A	73	discriminator_CCA	TRNAinf-euk.cm	False	T_OR_VAR_ARM_MISSING_slots=[2]
mtdbD00339291|His|GUG|Schizosaccharomyces pombe	0	G	1	acceptor_5	TRNAinf-euk.cm	False	T_OR_VAR_ARM_MISSING_slots=[2]
mtdbD00339291|His|GUG|Schizosaccharomyces pombe	1	U	2	acceptor_5	TRNAinf-euk.cm	False	T_OR_VAR_ARM_MISSING_slots=[2]
mtdbD00339291|His|GUG|Schizosaccharomyces pombe	2	G	3	acceptor_5	TRNAinf-euk.cm	False	T_OR_VAR_ARM_MISSING_slots=[2]
mtdbD00339291|His|GUG|Schizosaccharomyces pombe	3	A	4	acceptor_5	TRNAinf-euk.cm	False	T_OR_VAR_ARM_MISSING_slots=[2]
mtdbD00339291|His|GUG|Schizosaccharomyces pombe	4	U	5	acceptor_5	TRNAinf-euk.cm	False	T_OR_VAR_ARM_MISSING_slots=[2]
mtdbD00339291|His|GUG|Schizosaccharomyces pombe	5	U	6	acceptor_5	TRNAinf-euk.cm	False	T_OR_VAR_ARM_MISSING_slots=[2]
mtdbD00339291|His|GUG|Schizosaccharomyces pombe	6	G	7	acceptor_5	TRNAinf-euk.cm	False	T_OR_VAR_ARM_MISSING_slots=[2]
mtdbD00339291|His|GUG|Schizosaccharomyces pombe	7	U	8	connector_AD	TRNAinf-euk.cm	False	T_OR_VAR_ARM_MISSING_slots=[2]
mtdbD00339291|His|GUG|Schizosaccharomyces pombe	8	A	9	connector_AD	TRNAinf-euk.cm	False	T_OR_VAR_ARM_MISSING_slots=[2]
mtdbD00339291|His|GUG|Schizosaccharomyces pombe	9	A	10	D_stem_5	TRNAinf-euk.cm	False	T_OR_VAR_ARM_MISSING_slots=[2]
mtdbD00339291|His|GUG|Schizosaccharomyces pombe	10	U	11	D_stem_5	TRNAinf-euk.cm	False	T_OR_VAR_ARM_MISSING_slots=[2]
mtdbD00339291|His|GUG|Schizosaccharomyces pombe	11	U	12	D_stem_5	TRNAinf-euk.cm	False	T_OR_VAR_ARM_MISSING_slots=[2]
mtdbD00339291|His|GUG|Schizosaccharomyces pombe	12	C	13	D_stem_5	TRNAinf-euk.cm	False	T_OR_VAR_ARM_MISSING_slots=[2]
mtdbD00339291|His|GUG|Schizosaccharomyces pombe	13	A	14	D_loop	TRNAinf-euk.cm	False	T_OR_VAR_ARM_MISSING_slots=[2]
mtdbD00339291|His|GUG|Schizosaccharomyces pombe	14	A	15	D_loop	TRNAinf-euk.cm	False	T_OR_VAR_ARM_MISSING_slots=[2]
mtdbD00339291|His|GUG|Schizosaccharomyces pombe	15	U	16	D_loop	TRNAinf-euk.cm	False	T_OR_VAR_ARM_MISSING_slots=[2]
mtdbD00339291|His|GUG|Schizosaccharomyces pombe	16	G	17	D_loop	TRNAinf-euk.cm	False	T_OR_VAR_ARM_MISSING_slots=[2]
mtdbD00339291|His|GUG|Schizosaccharomyces pombe	17	G	17a	D_loop	TRNAinf-euk.cm	False	T_OR_VAR_ARM_MISSING_slots=[2]
mtdbD00339291|His|GUG|Schizosaccharomyces pombe	18	U	18	D_loop	TRNAinf-euk.cm	False	T_OR_VAR_ARM_MISSING_slots=[2]
mtdbD00339291|His|GUG|Schizosaccharomyces pombe	19	A	19	D_loop	TRNAinf-euk.cm	False	T_OR_VAR_ARM_MISSING_slots=[2]
mtdbD00339291|His|GUG|Schizosaccharomyces pombe	20	G	22	D_stem_3	TRNAinf-euk.cm	False	T_OR_VAR_ARM_MISSING_slots=[2]
mtdbD00339291|His|GUG|Schizosaccharomyces pombe	21	A	23	D_stem_3	TRNAinf-euk.cm	False	T_OR_VAR_ARM_MISSING_slots=[2]
mtdbD00339291|His|GUG|Schizosaccharomyces pombe	22	A	24	D_stem_3	TRNAinf-euk.cm	False	T_OR_VAR_ARM_MISSING_slots=[2]
mtdbD00339291|His|GUG|Schizosaccharomyces pombe	23	U	25	D_stem_3	TRNAinf-euk.cm	False	T_OR_VAR_ARM_MISSING_slots=[2]
mtdbD00339291|His|GUG|Schizosaccharomyces pombe	24	G	26	connector_DC	TRNAinf-euk.cm	False	T_OR_VAR_ARM_MISSING_slots=[2]
mtdbD00339291|His|GUG|Schizosaccharomyces pombe	25	C	27	C_stem_5	TRNAinf-euk.cm	False	T_OR_VAR_ARM_MISSING_slots=[2]
mtdbD00339291|His|GUG|Schizosaccharomyces pombe	26	U	28	C_stem_5	TRNAinf-euk.cm	False	T_OR_VAR_ARM_MISSING_slots=[2]
mtdbD00339291|His|GUG|Schizosaccharomyces pombe	27	U	29	C_stem_5	TRNAinf-euk.cm	False	T_OR_VAR_ARM_MISSING_slots=[2]
mtdbD00339291|His|GUG|Schizosaccharomyces pombe	28	A	30	C_stem_5	TRNAinf-euk.cm	False	T_OR_VAR_ARM_MISSING_slots=[2]
mtdbD00339291|His|GUG|Schizosaccharomyces pombe	29	U	31	C_stem_5	TRNAinf-euk.cm	False	T_OR_VAR_ARM_MISSING_slots=[2]
mtdbD00339291|His|GUG|Schizosaccharomyces pombe	30	U	32	C_loop	TRNAinf-euk.cm	False	T_OR_VAR_ARM_MISSING_slots=[2]
mtdbD00339291|His|GUG|Schizosaccharomyces pombe	31	U	33	C_loop	TRNAinf-euk.cm	False	T_OR_VAR_ARM_MISSING_slots=[2]
mtdbD00339291|His|GUG|Schizosaccharomyces pombe	32	G	34	C_loop	TRNAinf-euk.cm	False	T_OR_VAR_ARM_MISSING_slots=[2]
mtdbD00339291|His|GUG|Schizosaccharomyces pombe	33	U	35	C_loop	TRNAinf-euk.cm	False	T_OR_VAR_ARM_MISSING_slots=[2]
mtdbD00339291|His|GUG|Schizosaccharomyces pombe	34	G	36	C_loop	TRNAinf-euk.cm	False	T_OR_VAR_ARM_MISSING_slots=[2]
mtdbD00339291|His|GUG|Schizosaccharomyces pombe	35	G	37	C_loop	TRNAinf-euk.cm	False	T_OR_VAR_ARM_MISSING_slots=[2]
mtdbD00339291|His|GUG|Schizosaccharomyces pombe	36	C	38	C_loop	TRNAinf-euk.cm	False	T_OR_VAR_ARM_MISSING_slots=[2]
mtdbD00339291|His|GUG|Schizosaccharomyces pombe	37	A	39	C_stem_3	TRNAinf-euk.cm	False	T_OR_VAR_ARM_MISSING_slots=[2]
mtdbD00339291|His|GUG|Schizosaccharomyces pombe	38	U	40	C_stem_3	TRNAinf-euk.cm	False	T_OR_VAR_ARM_MISSING_slots=[2]
mtdbD00339291|His|GUG|Schizosaccharomyces pombe	39	A	41	C_stem_3	TRNAinf-euk.cm	False	T_OR_VAR_ARM_MISSING_slots=[2]
mtdbD00339291|His|GUG|Schizosaccharomyces pombe	40	A	42	C_stem_3	TRNAinf-euk.cm	False	T_OR_VAR_ARM_MISSING_slots=[2]
mtdbD00339291|His|GUG|Schizosaccharomyces pombe	41	G	43	C_stem_3	TRNAinf-euk.cm	False	T_OR_VAR_ARM_MISSING_slots=[2]
mtdbD00339291|His|GUG|Schizosaccharomyces pombe	42	A	44	V_loop	TRNAinf-euk.cm	False	T_OR_VAR_ARM_MISSING_slots=[2]
mtdbD00339291|His|GUG|Schizosaccharomyces pombe	43	A	45	V_loop	TRNAinf-euk.cm	False	T_OR_VAR_ARM_MISSING_slots=[2]
mtdbD00339291|His|GUG|Schizosaccharomyces pombe	44	G	46	V_loop	TRNAinf-euk.cm	False	T_OR_VAR_ARM_MISSING_slots=[2]
mtdbD00339291|His|GUG|Schizosaccharomyces pombe	45	U	47	V_loop	TRNAinf-euk.cm	False	T_OR_VAR_ARM_MISSING_slots=[2]
mtdbD00339291|His|GUG|Schizosaccharomyces pombe	46	U	48	V_loop	TRNAinf-euk.cm	False	T_OR_VAR_ARM_MISSING_slots=[2]
mtdbD00339291|His|GUG|Schizosaccharomyces pombe	47	C	49	T_stem_5	TRNAinf-euk.cm	False	T_OR_VAR_ARM_MISSING_slots=[2]
mtdbD00339291|His|GUG|Schizosaccharomyces pombe	48	U	50	T_stem_5	TRNAinf-euk.cm	False	T_OR_VAR_ARM_MISSING_slots=[2]
mtdbD00339291|His|GUG|Schizosaccharomyces pombe	49	U	51	T_stem_5	TRNAinf-euk.cm	False	T_OR_VAR_ARM_MISSING_slots=[2]
mtdbD00339291|His|GUG|Schizosaccharomyces pombe	50	G	52	T_stem_5	TRNAinf-euk.cm	False	T_OR_VAR_ARM_MISSING_slots=[2]
mtdbD00339291|His|GUG|Schizosaccharomyces pombe	51	G	53	T_stem_5	TRNAinf-euk.cm	False	T_OR_VAR_ARM_MISSING_slots=[2]
mtdbD00339291|His|GUG|Schizosaccharomyces pombe	52	U	54	T_loop	TRNAinf-euk.cm	False	T_OR_VAR_ARM_MISSING_slots=[2]
mtdbD00339291|His|GUG|Schizosaccharomyces pombe	53	U	55	T_loop	TRNAinf-euk.cm	False	T_OR_VAR_ARM_MISSING_slots=[2]
mtdbD00339291|His|GUG|Schizosaccharomyces pombe	54	C	56	T_loop	TRNAinf-euk.cm	False	T_OR_VAR_ARM_MISSING_slots=[2]
mtdbD00339291|His|GUG|Schizosaccharomyces pombe	55	G	57	T_loop	TRNAinf-euk.cm	False	T_OR_VAR_ARM_MISSING_slots=[2]
mtdbD00339291|His|GUG|Schizosaccharomyces pombe	56	A	58	T_loop	TRNAinf-euk.cm	False	T_OR_VAR_ARM_MISSING_slots=[2]
mtdbD00339291|His|GUG|Schizosaccharomyces pombe	57	U	59	T_loop	TRNAinf-euk.cm	False	T_OR_VAR_ARM_MISSING_slots=[2]
mtdbD00339291|His|GUG|Schizosaccharomyces pombe	58	U	60	T_loop	TRNAinf-euk.cm	False	T_OR_VAR_ARM_MISSING_slots=[2]
mtdbD00339291|His|GUG|Schizosaccharomyces pombe	59	C	61	T_stem_3	TRNAinf-euk.cm	False	T_OR_VAR_ARM_MISSING_slots=[2]
mtdbD00339291|His|GUG|Schizosaccharomyces pombe	60	C	62	T_stem_3	TRNAinf-euk.cm	False	T_OR_VAR_ARM_MISSING_slots=[2]
mtdbD00339291|His|GUG|Schizosaccharomyces pombe	61	A	63	T_stem_3	TRNAinf-euk.cm	False	T_OR_VAR_ARM_MISSING_slots=[2]
mtdbD00339291|His|GUG|Schizosaccharomyces pombe	62	A	64	T_stem_3	TRNAinf-euk.cm	False	T_OR_VAR_ARM_MISSING_slots=[2]
mtdbD00339291|His|GUG|Schizosaccharomyces pombe	63	G	65	T_stem_3	TRNAinf-euk.cm	False	T_OR_VAR_ARM_MISSING_slots=[2]
mtdbD00339291|His|GUG|Schizosaccharomyces pombe	64	U	66	acceptor_3	TRNAinf-euk.cm	False	T_OR_VAR_ARM_MISSING_slots=[2]
mtdbD00339291|His|GUG|Schizosaccharomyces pombe	65	A	67	acceptor_3	TRNAinf-euk.cm	False	T_OR_VAR_ARM_MISSING_slots=[2]
mtdbD00339291|His|GUG|Schizosaccharomyces pombe	66	A	68	acceptor_3	TRNAinf-euk.cm	False	T_OR_VAR_ARM_MISSING_slots=[2]
mtdbD00339291|His|GUG|Schizosaccharomyces pombe	67	U	69	acceptor_3	TRNAinf-euk.cm	False	T_OR_VAR_ARM_MISSING_slots=[2]
mtdbD00339291|His|GUG|Schizosaccharomyces pombe	68	C	70	acceptor_3	TRNAinf-euk.cm	False	T_OR_VAR_ARM_MISSING_slots=[2]
mtdbD00339291|His|GUG|Schizosaccharomyces pombe	69	A	71	acceptor_3	TRNAinf-euk.cm	False	T_OR_VAR_ARM_MISSING_slots=[2]
mtdbD00339291|His|GUG|Schizosaccharomyces pombe	70	C	72	acceptor_3	TRNAinf-euk.cm	False	T_OR_VAR_ARM_MISSING_slots=[2]
mtdbD00339291|His|GUG|Schizosaccharomyces pombe	71	C	73	discriminator_CCA	TRNAinf-euk.cm	False	T_OR_VAR_ARM_MISSING_slots=[2]
mtdbD00339292|Ile|GAU|Schizosaccharomyces pombe	0	A	1	acceptor_5	TRNAinf-euk.cm	False	UNANCHORED_fallback_structurally_absent=[2]
mtdbD00339292|Ile|GAU|Schizosaccharomyces pombe	1	G	2	acceptor_5	TRNAinf-euk.cm	False	UNANCHORED_fallback_structurally_absent=[2]
mtdbD00339292|Ile|GAU|Schizosaccharomyces pombe	2	U	3	acceptor_5	TRNAinf-euk.cm	False	UNANCHORED_fallback_structurally_absent=[2]
mtdbD00339292|Ile|GAU|Schizosaccharomyces pombe	3	U	4	acceptor_5	TRNAinf-euk.cm	False	UNANCHORED_fallback_structurally_absent=[2]
mtdbD00339292|Ile|GAU|Schizosaccharomyces pombe	4	C	5	acceptor_5	TRNAinf-euk.cm	False	UNANCHORED_fallback_structurally_absent=[2]
mtdbD00339292|Ile|GAU|Schizosaccharomyces pombe	5	U	6	acceptor_5	TRNAinf-euk.cm	False	UNANCHORED_fallback_structurally_absent=[2]
mtdbD00339292|Ile|GAU|Schizosaccharomyces pombe	6	U	7	acceptor_5	TRNAinf-euk.cm	False	UNANCHORED_fallback_structurally_absent=[2]
mtdbD00339292|Ile|GAU|Schizosaccharomyces pombe	7	U	8	connector_AD	TRNAinf-euk.cm	False	UNANCHORED_fallback_structurally_absent=[2]
mtdbD00339292|Ile|GAU|Schizosaccharomyces pombe	8	A	9	connector_AD	TRNAinf-euk.cm	False	UNANCHORED_fallback_structurally_absent=[2]
mtdbD00339292|Ile|GAU|Schizosaccharomyces pombe	9	A	10	D_stem_5	TRNAinf-euk.cm	False	UNANCHORED_fallback_structurally_absent=[2]
mtdbD00339292|Ile|GAU|Schizosaccharomyces pombe	10	C	11	D_stem_5	TRNAinf-euk.cm	False	UNANCHORED_fallback_structurally_absent=[2]
mtdbD00339292|Ile|GAU|Schizosaccharomyces pombe	11	U	12	D_stem_5	TRNAinf-euk.cm	False	UNANCHORED_fallback_structurally_absent=[2]
mtdbD00339292|Ile|GAU|Schizosaccharomyces pombe	12	U	13	D_stem_5	TRNAinf-euk.cm	False	UNANCHORED_fallback_structurally_absent=[2]
mtdbD00339292|Ile|GAU|Schizosaccharomyces pombe	13	A	14	D_loop	TRNAinf-euk.cm	False	UNANCHORED_fallback_structurally_absent=[2]
mtdbD00339292|Ile|GAU|Schizosaccharomyces pombe	14	A	15	D_loop	TRNAinf-euk.cm	False	UNANCHORED_fallback_structurally_absent=[2]
mtdbD00339292|Ile|GAU|Schizosaccharomyces pombe	15	A	16	D_loop	TRNAinf-euk.cm	False	UNANCHORED_fallback_structurally_absent=[2]
mtdbD00339292|Ile|GAU|Schizosaccharomyces pombe	16	A	17	D_loop	TRNAinf-euk.cm	False	UNANCHORED_fallback_structurally_absent=[2]
mtdbD00339292|Ile|GAU|Schizosaccharomyces pombe	17	G	17a	D_loop	TRNAinf-euk.cm	False	UNANCHORED_fallback_structurally_absent=[2]
mtdbD00339292|Ile|GAU|Schizosaccharomyces pombe	18	G	18	D_loop	TRNAinf-euk.cm	False	UNANCHORED_fallback_structurally_absent=[2]
mtdbD00339292|Ile|GAU|Schizosaccharomyces pombe	19	U	19	D_loop	TRNAinf-euk.cm	False	UNANCHORED_fallback_structurally_absent=[2]
mtdbD00339292|Ile|GAU|Schizosaccharomyces pombe	20	C	20	D_loop	TRNAinf-euk.cm	False	UNANCHORED_fallback_structurally_absent=[2]
mtdbD00339292|Ile|GAU|Schizosaccharomyces pombe	21	A	20a	D_loop	TRNAinf-euk.cm	False	UNANCHORED_fallback_structurally_absent=[2]
mtdbD00339292|Ile|GAU|Schizosaccharomyces pombe	22	G	22	D_stem_3	TRNAinf-euk.cm	False	UNANCHORED_fallback_structurally_absent=[2]
mtdbD00339292|Ile|GAU|Schizosaccharomyces pombe	23	A	23	D_stem_3	TRNAinf-euk.cm	False	UNANCHORED_fallback_structurally_absent=[2]
mtdbD00339292|Ile|GAU|Schizosaccharomyces pombe	24	G	24	D_stem_3	TRNAinf-euk.cm	False	UNANCHORED_fallback_structurally_absent=[2]
mtdbD00339292|Ile|GAU|Schizosaccharomyces pombe	25	U	25	D_stem_3	TRNAinf-euk.cm	False	UNANCHORED_fallback_structurally_absent=[2]
mtdbD00339292|Ile|GAU|Schizosaccharomyces pombe	26	G	26	connector_DC	TRNAinf-euk.cm	False	UNANCHORED_fallback_structurally_absent=[2]
mtdbD00339292|Ile|GAU|Schizosaccharomyces pombe	27	C	27	C_stem_5	TRNAinf-euk.cm	False	UNANCHORED_fallback_structurally_absent=[2]
mtdbD00339292|Ile|GAU|Schizosaccharomyces pombe	28	A	28	C_stem_5	TRNAinf-euk.cm	False	UNANCHORED_fallback_structurally_absent=[2]
mtdbD00339292|Ile|GAU|Schizosaccharomyces pombe	29	G	29	C_stem_5	TRNAinf-euk.cm	False	UNANCHORED_fallback_structurally_absent=[2]
mtdbD00339292|Ile|GAU|Schizosaccharomyces pombe	30	A	30	C_stem_5	TRNAinf-euk.cm	False	UNANCHORED_fallback_structurally_absent=[2]
mtdbD00339292|Ile|GAU|Schizosaccharomyces pombe	31	C	31	C_stem_5	TRNAinf-euk.cm	False	UNANCHORED_fallback_structurally_absent=[2]
mtdbD00339292|Ile|GAU|Schizosaccharomyces pombe	32	U	32	C_loop	TRNAinf-euk.cm	False	UNANCHORED_fallback_structurally_absent=[2]
mtdbD00339292|Ile|GAU|Schizosaccharomyces pombe	33	U	33	C_loop	TRNAinf-euk.cm	False	UNANCHORED_fallback_structurally_absent=[2]
mtdbD00339292|Ile|GAU|Schizosaccharomyces pombe	34	G	34	C_loop	TRNAinf-euk.cm	False	UNANCHORED_fallback_structurally_absent=[2]
mtdbD00339292|Ile|GAU|Schizosaccharomyces pombe	35	A	35	C_loop	TRNAinf-euk.cm	False	UNANCHORED_fallback_structurally_absent=[2]
mtdbD00339292|Ile|GAU|Schizosaccharomyces pombe	36	U	36	C_loop	TRNAinf-euk.cm	False	UNANCHORED_fallback_structurally_absent=[2]
mtdbD00339292|Ile|GAU|Schizosaccharomyces pombe	37	A	37	C_loop	TRNAinf-euk.cm	False	UNANCHORED_fallback_structurally_absent=[2]
mtdbD00339292|Ile|GAU|Schizosaccharomyces pombe	38	A	38	C_loop	TRNAinf-euk.cm	False	UNANCHORED_fallback_structurally_absent=[2]
mtdbD00339292|Ile|GAU|Schizosaccharomyces pombe	39	G	39	C_stem_3	TRNAinf-euk.cm	False	UNANCHORED_fallback_structurally_absent=[2]
mtdbD00339292|Ile|GAU|Schizosaccharomyces pombe	40	U	40	C_stem_3	TRNAinf-euk.cm	False	UNANCHORED_fallback_structurally_absent=[2]
mtdbD00339292|Ile|GAU|Schizosaccharomyces pombe	41	C	41	C_stem_3	TRNAinf-euk.cm	False	UNANCHORED_fallback_structurally_absent=[2]
mtdbD00339292|Ile|GAU|Schizosaccharomyces pombe	42	U	42	C_stem_3	TRNAinf-euk.cm	False	UNANCHORED_fallback_structurally_absent=[2]
mtdbD00339292|Ile|GAU|Schizosaccharomyces pombe	43	G	43	C_stem_3	TRNAinf-euk.cm	False	UNANCHORED_fallback_structurally_absent=[2]
mtdbD00339292|Ile|GAU|Schizosaccharomyces pombe	44	U	44	V_loop	TRNAinf-euk.cm	False	UNANCHORED_fallback_structurally_absent=[2]
mtdbD00339292|Ile|GAU|Schizosaccharomyces pombe	45	G	45	V_loop	TRNAinf-euk.cm	False	UNANCHORED_fallback_structurally_absent=[2]
mtdbD00339292|Ile|GAU|Schizosaccharomyces pombe	46	G	46	V_loop	TRNAinf-euk.cm	False	UNANCHORED_fallback_structurally_absent=[2]
mtdbD00339292|Ile|GAU|Schizosaccharomyces pombe	47	U	47	V_loop	TRNAinf-euk.cm	False	UNANCHORED_fallback_structurally_absent=[2]
mtdbD00339292|Ile|GAU|Schizosaccharomyces pombe	48	A	49	T_stem_5	TRNAinf-euk.cm	False	UNANCHORED_fallback_structurally_absent=[2]
mtdbD00339292|Ile|GAU|Schizosaccharomyces pombe	49	U	50	T_stem_5	TRNAinf-euk.cm	False	UNANCHORED_fallback_structurally_absent=[2]
mtdbD00339292|Ile|GAU|Schizosaccharomyces pombe	50	U	51	T_stem_5	TRNAinf-euk.cm	False	UNANCHORED_fallback_structurally_absent=[2]
mtdbD00339292|Ile|GAU|Schizosaccharomyces pombe	51	G	52	T_stem_5	TRNAinf-euk.cm	False	UNANCHORED_fallback_structurally_absent=[2]
mtdbD00339292|Ile|GAU|Schizosaccharomyces pombe	52	G	53	T_stem_5	TRNAinf-euk.cm	False	UNANCHORED_fallback_structurally_absent=[2]
mtdbD00339292|Ile|GAU|Schizosaccharomyces pombe	53	U	54	T_loop	TRNAinf-euk.cm	False	UNANCHORED_fallback_structurally_absent=[2]
mtdbD00339292|Ile|GAU|Schizosaccharomyces pombe	54	U	55	T_loop	TRNAinf-euk.cm	False	UNANCHORED_fallback_structurally_absent=[2]
mtdbD00339292|Ile|GAU|Schizosaccharomyces pombe	55	C	56	T_loop	TRNAinf-euk.cm	False	UNANCHORED_fallback_structurally_absent=[2]
mtdbD00339292|Ile|GAU|Schizosaccharomyces pombe	56	G	57	T_loop	TRNAinf-euk.cm	False	UNANCHORED_fallback_structurally_absent=[2]
mtdbD00339292|Ile|GAU|Schizosaccharomyces pombe	57	A	58	T_loop	TRNAinf-euk.cm	False	UNANCHORED_fallback_structurally_absent=[2]
mtdbD00339292|Ile|GAU|Schizosaccharomyces pombe	58	U	59	T_loop	TRNAinf-euk.cm	False	UNANCHORED_fallback_structurally_absent=[2]
mtdbD00339292|Ile|GAU|Schizosaccharomyces pombe	59	U	60	T_loop	TRNAinf-euk.cm	False	UNANCHORED_fallback_structurally_absent=[2]
mtdbD00339292|Ile|GAU|Schizosaccharomyces pombe	60	C	61	T_stem_3	TRNAinf-euk.cm	False	UNANCHORED_fallback_structurally_absent=[2]
mtdbD00339292|Ile|GAU|Schizosaccharomyces pombe	61	C	62	T_stem_3	TRNAinf-euk.cm	False	UNANCHORED_fallback_structurally_absent=[2]
mtdbD00339292|Ile|GAU|Schizosaccharomyces pombe	62	A	63	T_stem_3	TRNAinf-euk.cm	False	UNANCHORED_fallback_structurally_absent=[2]
mtdbD00339292|Ile|GAU|Schizosaccharomyces pombe	63	A	64	T_stem_3	TRNAinf-euk.cm	False	UNANCHORED_fallback_structurally_absent=[2]
mtdbD00339292|Ile|GAU|Schizosaccharomyces pombe	64	U	65	T_stem_3	TRNAinf-euk.cm	False	UNANCHORED_fallback_structurally_absent=[2]
mtdbD00339292|Ile|GAU|Schizosaccharomyces pombe	65	A	66	acceptor_3	TRNAinf-euk.cm	False	UNANCHORED_fallback_structurally_absent=[2]
mtdbD00339292|Ile|GAU|Schizosaccharomyces pombe	66	A	67	acceptor_3	TRNAinf-euk.cm	False	UNANCHORED_fallback_structurally_absent=[2]
mtdbD00339292|Ile|GAU|Schizosaccharomyces pombe	67	G	68	acceptor_3	TRNAinf-euk.cm	False	UNANCHORED_fallback_structurally_absent=[2]
mtdbD00339292|Ile|GAU|Schizosaccharomyces pombe	68	A	69	acceptor_3	TRNAinf-euk.cm	False	UNANCHORED_fallback_structurally_absent=[2]
mtdbD00339292|Ile|GAU|Schizosaccharomyces pombe	69	A	70	acceptor_3	TRNAinf-euk.cm	False	UNANCHORED_fallback_structurally_absent=[2]
mtdbD00339292|Ile|GAU|Schizosaccharomyces pombe	70	C	71	acceptor_3	TRNAinf-euk.cm	False	UNANCHORED_fallback_structurally_absent=[2]
mtdbD00339292|Ile|GAU|Schizosaccharomyces pombe	71	U	72	acceptor_3	TRNAinf-euk.cm	False	UNANCHORED_fallback_structurally_absent=[2]
mtdbD00339292|Ile|GAU|Schizosaccharomyces pombe	72	A	73	discriminator_CCA	TRNAinf-euk.cm	False	UNANCHORED_fallback_structurally_absent=[2]
mtdbD00339293|Val|UAC|Schizosaccharomyces pombe	0	A	1	acceptor_5	TRNAinf-euk.cm	False	T_OR_VAR_ARM_MISSING_slots=[2]
mtdbD00339293|Val|UAC|Schizosaccharomyces pombe	1	G	2	acceptor_5	TRNAinf-euk.cm	False	T_OR_VAR_ARM_MISSING_slots=[2]
mtdbD00339293|Val|UAC|Schizosaccharomyces pombe	2	G	3	acceptor_5	TRNAinf-euk.cm	False	T_OR_VAR_ARM_MISSING_slots=[2]
mtdbD00339293|Val|UAC|Schizosaccharomyces pombe	3	A	4	acceptor_5	TRNAinf-euk.cm	False	T_OR_VAR_ARM_MISSING_slots=[2]
mtdbD00339293|Val|UAC|Schizosaccharomyces pombe	4	G	5	acceptor_5	TRNAinf-euk.cm	False	T_OR_VAR_ARM_MISSING_slots=[2]
mtdbD00339293|Val|UAC|Schizosaccharomyces pombe	5	A	6	acceptor_5	TRNAinf-euk.cm	False	T_OR_VAR_ARM_MISSING_slots=[2]
mtdbD00339293|Val|UAC|Schizosaccharomyces pombe	6	A	7	acceptor_5	TRNAinf-euk.cm	False	T_OR_VAR_ARM_MISSING_slots=[2]
mtdbD00339293|Val|UAC|Schizosaccharomyces pombe	7	U	8	connector_AD	TRNAinf-euk.cm	False	T_OR_VAR_ARM_MISSING_slots=[2]
mtdbD00339293|Val|UAC|Schizosaccharomyces pombe	8	A	9	connector_AD	TRNAinf-euk.cm	False	T_OR_VAR_ARM_MISSING_slots=[2]
mtdbD00339293|Val|UAC|Schizosaccharomyces pombe	9	G	10	D_stem_5	TRNAinf-euk.cm	False	T_OR_VAR_ARM_MISSING_slots=[2]
mtdbD00339293|Val|UAC|Schizosaccharomyces pombe	10	C	11	D_stem_5	TRNAinf-euk.cm	False	T_OR_VAR_ARM_MISSING_slots=[2]
mtdbD00339293|Val|UAC|Schizosaccharomyces pombe	11	U	12	D_stem_5	TRNAinf-euk.cm	False	T_OR_VAR_ARM_MISSING_slots=[2]
mtdbD00339293|Val|UAC|Schizosaccharomyces pombe	12	U	13	D_stem_5	TRNAinf-euk.cm	False	T_OR_VAR_ARM_MISSING_slots=[2]
mtdbD00339293|Val|UAC|Schizosaccharomyces pombe	13	A	14	D_loop	TRNAinf-euk.cm	False	T_OR_VAR_ARM_MISSING_slots=[2]
mtdbD00339293|Val|UAC|Schizosaccharomyces pombe	14	A	15	D_loop	TRNAinf-euk.cm	False	T_OR_VAR_ARM_MISSING_slots=[2]
mtdbD00339293|Val|UAC|Schizosaccharomyces pombe	15	U	16	D_loop	TRNAinf-euk.cm	False	T_OR_VAR_ARM_MISSING_slots=[2]
mtdbD00339293|Val|UAC|Schizosaccharomyces pombe	16	U	17	D_loop	TRNAinf-euk.cm	False	T_OR_VAR_ARM_MISSING_slots=[2]
mtdbD00339293|Val|UAC|Schizosaccharomyces pombe	17	G	17a	D_loop	TRNAinf-euk.cm	False	T_OR_VAR_ARM_MISSING_slots=[2]
mtdbD00339293|Val|UAC|Schizosaccharomyces pombe	18	G	18	D_loop	TRNAinf-euk.cm	False	T_OR_VAR_ARM_MISSING_slots=[2]
mtdbD00339293|Val|UAC|Schizosaccharomyces pombe	19	U	19	D_loop	TRNAinf-euk.cm	False	T_OR_VAR_ARM_MISSING_slots=[2]
mtdbD00339293|Val|UAC|Schizosaccharomyces pombe	20	A	20	D_loop	TRNAinf-euk.cm	False	T_OR_VAR_ARM_MISSING_slots=[2]
mtdbD00339293|Val|UAC|Schizosaccharomyces pombe	21	G	22	D_stem_3	TRNAinf-euk.cm	False	T_OR_VAR_ARM_MISSING_slots=[2]
mtdbD00339293|Val|UAC|Schizosaccharomyces pombe	22	A	23	D_stem_3	TRNAinf-euk.cm	False	T_OR_VAR_ARM_MISSING_slots=[2]
mtdbD00339293|Val|UAC|Schizosaccharomyces pombe	23	G	24	D_stem_3	TRNAinf-euk.cm	False	T_OR_VAR_ARM_MISSING_slots=[2]
mtdbD00339293|Val|UAC|Schizosaccharomyces pombe	24	C	25	D_stem_3	TRNAinf-euk.cm	False	T_OR_VAR_ARM_MISSING_slots=[2]
mtdbD00339293|Val|UAC|Schizosaccharomyces pombe	25	A	26	connector_DC	TRNAinf-euk.cm	False	T_OR_VAR_ARM_MISSING_slots=[2]
mtdbD00339293|Val|UAC|Schizosaccharomyces pombe	26	C	27	C_stem_5	TRNAinf-euk.cm	False	T_OR_VAR_ARM_MISSING_slots=[2]
mtdbD00339293|Val|UAC|Schizosaccharomyces pombe	27	U	28	C_stem_5	TRNAinf-euk.cm	False	T_OR_VAR_ARM_MISSING_slots=[2]
mtdbD00339293|Val|UAC|Schizosaccharomyces pombe	28	U	29	C_stem_5	TRNAinf-euk.cm	False	T_OR_VAR_ARM_MISSING_slots=[2]
mtdbD00339293|Val|UAC|Schizosaccharomyces pombe	29	A	30	C_stem_5	TRNAinf-euk.cm	False	T_OR_VAR_ARM_MISSING_slots=[2]
mtdbD00339293|Val|UAC|Schizosaccharomyces pombe	30	C	31	C_stem_5	TRNAinf-euk.cm	False	T_OR_VAR_ARM_MISSING_slots=[2]
mtdbD00339293|Val|UAC|Schizosaccharomyces pombe	31	C	32	C_loop	TRNAinf-euk.cm	False	T_OR_VAR_ARM_MISSING_slots=[2]
mtdbD00339293|Val|UAC|Schizosaccharomyces pombe	32	U	33	C_loop	TRNAinf-euk.cm	False	T_OR_VAR_ARM_MISSING_slots=[2]
mtdbD00339293|Val|UAC|Schizosaccharomyces pombe	33	U	34	C_loop	TRNAinf-euk.cm	False	T_OR_VAR_ARM_MISSING_slots=[2]
mtdbD00339293|Val|UAC|Schizosaccharomyces pombe	34	A	35	C_loop	TRNAinf-euk.cm	False	T_OR_VAR_ARM_MISSING_slots=[2]
mtdbD00339293|Val|UAC|Schizosaccharomyces pombe	35	C	36	C_loop	TRNAinf-euk.cm	False	T_OR_VAR_ARM_MISSING_slots=[2]
mtdbD00339293|Val|UAC|Schizosaccharomyces pombe	36	A	37	C_loop	TRNAinf-euk.cm	False	T_OR_VAR_ARM_MISSING_slots=[2]
mtdbD00339293|Val|UAC|Schizosaccharomyces pombe	37	A	38	C_loop	TRNAinf-euk.cm	False	T_OR_VAR_ARM_MISSING_slots=[2]
mtdbD00339293|Val|UAC|Schizosaccharomyces pombe	38	G	39	C_stem_3	TRNAinf-euk.cm	False	T_OR_VAR_ARM_MISSING_slots=[2]
mtdbD00339293|Val|UAC|Schizosaccharomyces pombe	39	U	40	C_stem_3	TRNAinf-euk.cm	False	T_OR_VAR_ARM_MISSING_slots=[2]
mtdbD00339293|Val|UAC|Schizosaccharomyces pombe	40	A	41	C_stem_3	TRNAinf-euk.cm	False	T_OR_VAR_ARM_MISSING_slots=[2]
mtdbD00339293|Val|UAC|Schizosaccharomyces pombe	41	A	42	C_stem_3	TRNAinf-euk.cm	False	T_OR_VAR_ARM_MISSING_slots=[2]
mtdbD00339293|Val|UAC|Schizosaccharomyces pombe	42	G	43	C_stem_3	TRNAinf-euk.cm	False	T_OR_VAR_ARM_MISSING_slots=[2]
mtdbD00339293|Val|UAC|Schizosaccharomyces pombe	43	A	44	V_loop	TRNAinf-euk.cm	False	T_OR_VAR_ARM_MISSING_slots=[2]
mtdbD00339293|Val|UAC|Schizosaccharomyces pombe	44	U	45	V_loop	TRNAinf-euk.cm	False	T_OR_VAR_ARM_MISSING_slots=[2]
mtdbD00339293|Val|UAC|Schizosaccharomyces pombe	45	U	46	V_loop	TRNAinf-euk.cm	False	T_OR_VAR_ARM_MISSING_slots=[2]
mtdbD00339293|Val|UAC|Schizosaccharomyces pombe	46	A	47	V_loop	TRNAinf-euk.cm	False	T_OR_VAR_ARM_MISSING_slots=[2]
mtdbD00339293|Val|UAC|Schizosaccharomyces pombe	47	U	48	V_loop	TRNAinf-euk.cm	False	T_OR_VAR_ARM_MISSING_slots=[2]
mtdbD00339293|Val|UAC|Schizosaccharomyces pombe	48	A	49	T_stem_5	TRNAinf-euk.cm	False	T_OR_VAR_ARM_MISSING_slots=[2]
mtdbD00339293|Val|UAC|Schizosaccharomyces pombe	49	A	50	T_stem_5	TRNAinf-euk.cm	False	T_OR_VAR_ARM_MISSING_slots=[2]
mtdbD00339293|Val|UAC|Schizosaccharomyces pombe	50	G	51	T_stem_5	TRNAinf-euk.cm	False	T_OR_VAR_ARM_MISSING_slots=[2]
mtdbD00339293|Val|UAC|Schizosaccharomyces pombe	51	G	52	T_stem_5	TRNAinf-euk.cm	False	T_OR_VAR_ARM_MISSING_slots=[2]
mtdbD00339293|Val|UAC|Schizosaccharomyces pombe	52	G	53	T_stem_5	TRNAinf-euk.cm	False	T_OR_VAR_ARM_MISSING_slots=[2]
mtdbD00339293|Val|UAC|Schizosaccharomyces pombe	53	U	54	T_loop	TRNAinf-euk.cm	False	T_OR_VAR_ARM_MISSING_slots=[2]
mtdbD00339293|Val|UAC|Schizosaccharomyces pombe	54	U	55	T_loop	TRNAinf-euk.cm	False	T_OR_VAR_ARM_MISSING_slots=[2]
mtdbD00339293|Val|UAC|Schizosaccharomyces pombe	55	C	56	T_loop	TRNAinf-euk.cm	False	T_OR_VAR_ARM_MISSING_slots=[2]
mtdbD00339293|Val|UAC|Schizosaccharomyces pombe	56	A	57	T_loop	TRNAinf-euk.cm	False	T_OR_VAR_ARM_MISSING_slots=[2]
mtdbD00339293|Val|UAC|Schizosaccharomyces pombe	57	A	58	T_loop	TRNAinf-euk.cm	False	T_OR_VAR_ARM_MISSING_slots=[2]
mtdbD00339293|Val|UAC|Schizosaccharomyces pombe	58	A	59	T_loop	TRNAinf-euk.cm	False	T_OR_VAR_ARM_MISSING_slots=[2]
mtdbD00339293|Val|UAC|Schizosaccharomyces pombe	59	U	60	T_loop	TRNAinf-euk.cm	False	T_OR_VAR_ARM_MISSING_slots=[2]
mtdbD00339293|Val|UAC|Schizosaccharomyces pombe	60	C	61	T_stem_3	TRNAinf-euk.cm	False	T_OR_VAR_ARM_MISSING_slots=[2]
mtdbD00339293|Val|UAC|Schizosaccharomyces pombe	61	C	62	T_stem_3	TRNAinf-euk.cm	False	T_OR_VAR_ARM_MISSING_slots=[2]
mtdbD00339293|Val|UAC|Schizosaccharomyces pombe	62	C	63	T_stem_3	TRNAinf-euk.cm	False	T_OR_VAR_ARM_MISSING_slots=[2]
mtdbD00339293|Val|UAC|Schizosaccharomyces pombe	63	U	64	T_stem_3	TRNAinf-euk.cm	False	T_OR_VAR_ARM_MISSING_slots=[2]
mtdbD00339293|Val|UAC|Schizosaccharomyces pombe	64	U	65	T_stem_3	TRNAinf-euk.cm	False	T_OR_VAR_ARM_MISSING_slots=[2]
mtdbD00339293|Val|UAC|Schizosaccharomyces pombe	65	U	66	acceptor_3	TRNAinf-euk.cm	False	T_OR_VAR_ARM_MISSING_slots=[2]
mtdbD00339293|Val|UAC|Schizosaccharomyces pombe	66	U	67	acceptor_3	TRNAinf-euk.cm	False	T_OR_VAR_ARM_MISSING_slots=[2]
mtdbD00339293|Val|UAC|Schizosaccharomyces pombe	67	C	68	acceptor_3	TRNAinf-euk.cm	False	T_OR_VAR_ARM_MISSING_slots=[2]
mtdbD00339293|Val|UAC|Schizosaccharomyces pombe	68	U	69	acceptor_3	TRNAinf-euk.cm	False	T_OR_VAR_ARM_MISSING_slots=[2]
mtdbD00339293|Val|UAC|Schizosaccharomyces pombe	69	C	70	acceptor_3	TRNAinf-euk.cm	False	T_OR_VAR_ARM_MISSING_slots=[2]
mtdbD00339293|Val|UAC|Schizosaccharomyces pombe	70	C	71	acceptor_3	TRNAinf-euk.cm	False	T_OR_VAR_ARM_MISSING_slots=[2]
mtdbD00339293|Val|UAC|Schizosaccharomyces pombe	71	U	72	acceptor_3	TRNAinf-euk.cm	False	T_OR_VAR_ARM_MISSING_slots=[2]
mtdbD00339293|Val|UAC|Schizosaccharomyces pombe	72	A	73	discriminator_CCA	TRNAinf-euk.cm	False	T_OR_VAR_ARM_MISSING_slots=[2]
mtdbD00339294|Ala|UGC|Schizosaccharomyces pombe	0	G	1	acceptor_5	TRNAinf-euk.cm	False	T_OR_VAR_ARM_MISSING_slots=[2]
mtdbD00339294|Ala|UGC|Schizosaccharomyces pombe	1	G	2	acceptor_5	TRNAinf-euk.cm	False	T_OR_VAR_ARM_MISSING_slots=[2]
mtdbD00339294|Ala|UGC|Schizosaccharomyces pombe	2	G	3	acceptor_5	TRNAinf-euk.cm	False	T_OR_VAR_ARM_MISSING_slots=[2]
mtdbD00339294|Ala|UGC|Schizosaccharomyces pombe	3	G	4	acceptor_5	TRNAinf-euk.cm	False	T_OR_VAR_ARM_MISSING_slots=[2]
mtdbD00339294|Ala|UGC|Schizosaccharomyces pombe	4	A	5	acceptor_5	TRNAinf-euk.cm	False	T_OR_VAR_ARM_MISSING_slots=[2]
mtdbD00339294|Ala|UGC|Schizosaccharomyces pombe	5	U	6	acceptor_5	TRNAinf-euk.cm	False	T_OR_VAR_ARM_MISSING_slots=[2]
mtdbD00339294|Ala|UGC|Schizosaccharomyces pombe	6	U	7	acceptor_5	TRNAinf-euk.cm	False	T_OR_VAR_ARM_MISSING_slots=[2]
mtdbD00339294|Ala|UGC|Schizosaccharomyces pombe	7	U	8	connector_AD	TRNAinf-euk.cm	False	T_OR_VAR_ARM_MISSING_slots=[2]
mtdbD00339294|Ala|UGC|Schizosaccharomyces pombe	8	A	9	connector_AD	TRNAinf-euk.cm	False	T_OR_VAR_ARM_MISSING_slots=[2]
mtdbD00339294|Ala|UGC|Schizosaccharomyces pombe	9	A	10	D_stem_5	TRNAinf-euk.cm	False	T_OR_VAR_ARM_MISSING_slots=[2]
mtdbD00339294|Ala|UGC|Schizosaccharomyces pombe	10	U	11	D_stem_5	TRNAinf-euk.cm	False	T_OR_VAR_ARM_MISSING_slots=[2]
mtdbD00339294|Ala|UGC|Schizosaccharomyces pombe	11	U	12	D_stem_5	TRNAinf-euk.cm	False	T_OR_VAR_ARM_MISSING_slots=[2]
mtdbD00339294|Ala|UGC|Schizosaccharomyces pombe	12	U	13	D_stem_5	TRNAinf-euk.cm	False	T_OR_VAR_ARM_MISSING_slots=[2]
mtdbD00339294|Ala|UGC|Schizosaccharomyces pombe	13	A	14	D_loop	TRNAinf-euk.cm	False	T_OR_VAR_ARM_MISSING_slots=[2]
mtdbD00339294|Ala|UGC|Schizosaccharomyces pombe	14	A	15	D_loop	TRNAinf-euk.cm	False	T_OR_VAR_ARM_MISSING_slots=[2]
mtdbD00339294|Ala|UGC|Schizosaccharomyces pombe	15	U	16	D_loop	TRNAinf-euk.cm	False	T_OR_VAR_ARM_MISSING_slots=[2]
mtdbD00339294|Ala|UGC|Schizosaccharomyces pombe	16	U	17	D_loop	TRNAinf-euk.cm	False	T_OR_VAR_ARM_MISSING_slots=[2]
mtdbD00339294|Ala|UGC|Schizosaccharomyces pombe	17	G	17a	D_loop	TRNAinf-euk.cm	False	T_OR_VAR_ARM_MISSING_slots=[2]
mtdbD00339294|Ala|UGC|Schizosaccharomyces pombe	18	G	18	D_loop	TRNAinf-euk.cm	False	T_OR_VAR_ARM_MISSING_slots=[2]
mtdbD00339294|Ala|UGC|Schizosaccharomyces pombe	19	U	19	D_loop	TRNAinf-euk.cm	False	T_OR_VAR_ARM_MISSING_slots=[2]
mtdbD00339294|Ala|UGC|Schizosaccharomyces pombe	20	U	20	D_loop	TRNAinf-euk.cm	False	T_OR_VAR_ARM_MISSING_slots=[2]
mtdbD00339294|Ala|UGC|Schizosaccharomyces pombe	21	A	20a	D_loop	TRNAinf-euk.cm	False	T_OR_VAR_ARM_MISSING_slots=[2]
mtdbD00339294|Ala|UGC|Schizosaccharomyces pombe	22	G	22	D_stem_3	TRNAinf-euk.cm	False	T_OR_VAR_ARM_MISSING_slots=[2]
mtdbD00339294|Ala|UGC|Schizosaccharomyces pombe	23	A	23	D_stem_3	TRNAinf-euk.cm	False	T_OR_VAR_ARM_MISSING_slots=[2]
mtdbD00339294|Ala|UGC|Schizosaccharomyces pombe	24	A	24	D_stem_3	TRNAinf-euk.cm	False	T_OR_VAR_ARM_MISSING_slots=[2]
mtdbD00339294|Ala|UGC|Schizosaccharomyces pombe	25	U	25	D_stem_3	TRNAinf-euk.cm	False	T_OR_VAR_ARM_MISSING_slots=[2]
mtdbD00339294|Ala|UGC|Schizosaccharomyces pombe	26	A	26	connector_DC	TRNAinf-euk.cm	False	T_OR_VAR_ARM_MISSING_slots=[2]
mtdbD00339294|Ala|UGC|Schizosaccharomyces pombe	27	U	27	C_stem_5	TRNAinf-euk.cm	False	T_OR_VAR_ARM_MISSING_slots=[2]
mtdbD00339294|Ala|UGC|Schizosaccharomyces pombe	28	U	28	C_stem_5	TRNAinf-euk.cm	False	T_OR_VAR_ARM_MISSING_slots=[2]
mtdbD00339294|Ala|UGC|Schizosaccharomyces pombe	29	G	29	C_stem_5	TRNAinf-euk.cm	False	T_OR_VAR_ARM_MISSING_slots=[2]
mtdbD00339294|Ala|UGC|Schizosaccharomyces pombe	30	U	30	C_stem_5	TRNAinf-euk.cm	False	T_OR_VAR_ARM_MISSING_slots=[2]
mtdbD00339294|Ala|UGC|Schizosaccharomyces pombe	31	G	31	C_stem_5	TRNAinf-euk.cm	False	T_OR_VAR_ARM_MISSING_slots=[2]
mtdbD00339294|Ala|UGC|Schizosaccharomyces pombe	32	U	32	C_loop	TRNAinf-euk.cm	False	T_OR_VAR_ARM_MISSING_slots=[2]
mtdbD00339294|Ala|UGC|Schizosaccharomyces pombe	33	U	33	C_loop	TRNAinf-euk.cm	False	T_OR_VAR_ARM_MISSING_slots=[2]
mtdbD00339294|Ala|UGC|Schizosaccharomyces pombe	34	U	34	C_loop	TRNAinf-euk.cm	False	T_OR_VAR_ARM_MISSING_slots=[2]
mtdbD00339294|Ala|UGC|Schizosaccharomyces pombe	35	G	35	C_loop	TRNAinf-euk.cm	False	T_OR_VAR_ARM_MISSING_slots=[2]
mtdbD00339294|Ala|UGC|Schizosaccharomyces pombe	36	C	36	C_loop	TRNAinf-euk.cm	False	T_OR_VAR_ARM_MISSING_slots=[2]
mtdbD00339294|Ala|UGC|Schizosaccharomyces pombe	37	A	37	C_loop	TRNAinf-euk.cm	False	T_OR_VAR_ARM_MISSING_slots=[2]
mtdbD00339294|Ala|UGC|Schizosaccharomyces pombe	38	C	38	C_loop	TRNAinf-euk.cm	False	T_OR_VAR_ARM_MISSING_slots=[2]
mtdbD00339294|Ala|UGC|Schizosaccharomyces pombe	39	C	39	C_stem_3	TRNAinf-euk.cm	False	T_OR_VAR_ARM_MISSING_slots=[2]
mtdbD00339294|Ala|UGC|Schizosaccharomyces pombe	40	A	40	C_stem_3	TRNAinf-euk.cm	False	T_OR_VAR_ARM_MISSING_slots=[2]
mtdbD00339294|Ala|UGC|Schizosaccharomyces pombe	41	C	41	C_stem_3	TRNAinf-euk.cm	False	T_OR_VAR_ARM_MISSING_slots=[2]
mtdbD00339294|Ala|UGC|Schizosaccharomyces pombe	42	A	42	C_stem_3	TRNAinf-euk.cm	False	T_OR_VAR_ARM_MISSING_slots=[2]
mtdbD00339294|Ala|UGC|Schizosaccharomyces pombe	43	A	43	C_stem_3	TRNAinf-euk.cm	False	T_OR_VAR_ARM_MISSING_slots=[2]
mtdbD00339294|Ala|UGC|Schizosaccharomyces pombe	44	A	44	V_loop	TRNAinf-euk.cm	False	T_OR_VAR_ARM_MISSING_slots=[2]
mtdbD00339294|Ala|UGC|Schizosaccharomyces pombe	45	A	45	V_loop	TRNAinf-euk.cm	False	T_OR_VAR_ARM_MISSING_slots=[2]
mtdbD00339294|Ala|UGC|Schizosaccharomyces pombe	46	A	46	V_loop	TRNAinf-euk.cm	False	T_OR_VAR_ARM_MISSING_slots=[2]
mtdbD00339294|Ala|UGC|Schizosaccharomyces pombe	47	U	47	V_loop	TRNAinf-euk.cm	False	T_OR_VAR_ARM_MISSING_slots=[2]
mtdbD00339294|Ala|UGC|Schizosaccharomyces pombe	48	C	49	T_stem_5	TRNAinf-euk.cm	False	T_OR_VAR_ARM_MISSING_slots=[2]
mtdbD00339294|Ala|UGC|Schizosaccharomyces pombe	49	U	50	T_stem_5	TRNAinf-euk.cm	False	T_OR_VAR_ARM_MISSING_slots=[2]
mtdbD00339294|Ala|UGC|Schizosaccharomyces pombe	50	G	51	T_stem_5	TRNAinf-euk.cm	False	T_OR_VAR_ARM_MISSING_slots=[2]
mtdbD00339294|Ala|UGC|Schizosaccharomyces pombe	51	G	52	T_stem_5	TRNAinf-euk.cm	False	T_OR_VAR_ARM_MISSING_slots=[2]
mtdbD00339294|Ala|UGC|Schizosaccharomyces pombe	52	U	53	T_stem_5	TRNAinf-euk.cm	False	T_OR_VAR_ARM_MISSING_slots=[2]
mtdbD00339294|Ala|UGC|Schizosaccharomyces pombe	53	U	54	T_loop	TRNAinf-euk.cm	False	T_OR_VAR_ARM_MISSING_slots=[2]
mtdbD00339294|Ala|UGC|Schizosaccharomyces pombe	54	U	55	T_loop	TRNAinf-euk.cm	False	T_OR_VAR_ARM_MISSING_slots=[2]
mtdbD00339294|Ala|UGC|Schizosaccharomyces pombe	55	C	56	T_loop	TRNAinf-euk.cm	False	T_OR_VAR_ARM_MISSING_slots=[2]
mtdbD00339294|Ala|UGC|Schizosaccharomyces pombe	56	G	57	T_loop	TRNAinf-euk.cm	False	T_OR_VAR_ARM_MISSING_slots=[2]
mtdbD00339294|Ala|UGC|Schizosaccharomyces pombe	57	A	58	T_loop	TRNAinf-euk.cm	False	T_OR_VAR_ARM_MISSING_slots=[2]
mtdbD00339294|Ala|UGC|Schizosaccharomyces pombe	58	G	59	T_loop	TRNAinf-euk.cm	False	T_OR_VAR_ARM_MISSING_slots=[2]
mtdbD00339294|Ala|UGC|Schizosaccharomyces pombe	59	U	60	T_loop	TRNAinf-euk.cm	False	T_OR_VAR_ARM_MISSING_slots=[2]
mtdbD00339294|Ala|UGC|Schizosaccharomyces pombe	60	A	61	T_stem_3	TRNAinf-euk.cm	False	T_OR_VAR_ARM_MISSING_slots=[2]
mtdbD00339294|Ala|UGC|Schizosaccharomyces pombe	61	C	62	T_stem_3	TRNAinf-euk.cm	False	T_OR_VAR_ARM_MISSING_slots=[2]
mtdbD00339294|Ala|UGC|Schizosaccharomyces pombe	62	C	63	T_stem_3	TRNAinf-euk.cm	False	T_OR_VAR_ARM_MISSING_slots=[2]
mtdbD00339294|Ala|UGC|Schizosaccharomyces pombe	63	A	64	T_stem_3	TRNAinf-euk.cm	False	T_OR_VAR_ARM_MISSING_slots=[2]
mtdbD00339294|Ala|UGC|Schizosaccharomyces pombe	64	G	65	T_stem_3	TRNAinf-euk.cm	False	T_OR_VAR_ARM_MISSING_slots=[2]
mtdbD00339294|Ala|UGC|Schizosaccharomyces pombe	65	A	66	acceptor_3	TRNAinf-euk.cm	False	T_OR_VAR_ARM_MISSING_slots=[2]
mtdbD00339294|Ala|UGC|Schizosaccharomyces pombe	66	A	67	acceptor_3	TRNAinf-euk.cm	False	T_OR_VAR_ARM_MISSING_slots=[2]
mtdbD00339294|Ala|UGC|Schizosaccharomyces pombe	67	U	68	acceptor_3	TRNAinf-euk.cm	False	T_OR_VAR_ARM_MISSING_slots=[2]
mtdbD00339294|Ala|UGC|Schizosaccharomyces pombe	68	C	69	acceptor_3	TRNAinf-euk.cm	False	T_OR_VAR_ARM_MISSING_slots=[2]
mtdbD00339294|Ala|UGC|Schizosaccharomyces pombe	69	U	70	acceptor_3	TRNAinf-euk.cm	False	T_OR_VAR_ARM_MISSING_slots=[2]
mtdbD00339294|Ala|UGC|Schizosaccharomyces pombe	70	C	71	acceptor_3	TRNAinf-euk.cm	False	T_OR_VAR_ARM_MISSING_slots=[2]
mtdbD00339294|Ala|UGC|Schizosaccharomyces pombe	71	C	72	acceptor_3	TRNAinf-euk.cm	False	T_OR_VAR_ARM_MISSING_slots=[2]
mtdbD00339294|Ala|UGC|Schizosaccharomyces pombe	72	A	73	discriminator_CCA	TRNAinf-euk.cm	False	T_OR_VAR_ARM_MISSING_slots=[2]
