seq_id	seq_index	nucleotide	sprinzl_position	region	cm_used	rerouted	arm_loss_call
mtdbD00031151|Pro|UGG|Ascaris suum	0	C	1	acceptor_5	armless_trnP_wo_t.cm	True	T_OR_VAR_ARM_MISSING_slots=[2, 3]
mtdbD00031151|Pro|UGG|Ascaris suum	1	A	2	acceptor_5	armless_trnP_wo_t.cm	True	T_OR_VAR_ARM_MISSING_slots=[2, 3]
mtdbD00031151|Pro|UGG|Ascaris suum	2	G	3	acceptor_5	armless_trnP_wo_t.cm	True	T_OR_VAR_ARM_MISSING_slots=[2, 3]
mtdbD00031151|Pro|UGG|Ascaris suum	3	U	4	acceptor_5	armless_trnP_wo_t.cm	True	T_OR_VAR_ARM_MISSING_slots=[2, 3]
mtdbD00031151|Pro|UGG|Ascaris suum	4	A	5	acceptor_5	armless_trnP_wo_t.cm	True	T_OR_VAR_ARM_MISSING_slots=[2, 3]
mtdbD00031151|Pro|UGG|Ascaris suum	5	G	6	acceptor_5	armless_trnP_wo_t.cm	True	T_OR_VAR_ARM_MISSING_slots=[2, 3]
mtdbD00031151|Pro|UGG|Ascaris suum	6	G	7	acceptor_5	armless_trnP_wo_t.cm	True	T_OR_VAR_ARM_MISSING_slots=[2, 3]
mtdbD00031151|Pro|UGG|Ascaris suum	7	U	8	connector_AD	armless_trnP_wo_t.cm	True	T_OR_VAR_ARM_MISSING_slots=[2, 3]
mtdbD00031151|Pro|UGG|Ascaris suum	8	A	9	connector_AD	armless_trnP_wo_t.cm	True	T_OR_VAR_ARM_MISSING_slots=[2, 3]
mtdbD00031151|Pro|UGG|Ascaris suum	9	G	10	D_stem_5	armless_trnP_wo_t.cm	True	T_OR_VAR_ARM_MISSING_slots=[2, 3]
mtdbD00031151|Pro|UGG|Ascaris suum	10	U	11	D_stem_5	armless_trnP_wo_t.cm	True	T_OR_VAR_ARM_MISSING_slots=[2, 3]
mtdbD00031151|Pro|UGG|Ascaris suum	11	U	12	D_stem_5	armless_trnP_wo_t.cm	True	T_OR_VAR_ARM_MISSING_slots=[2, 3]
mtdbD00031151|Pro|UGG|Ascaris suum	12	U	13	D_stem_5	armless_trnP_wo_t.cm	True	T_OR_VAR_ARM_MISSING_slots=[2, 3]
mtdbD00031151|Pro|UGG|Ascaris suum	13	A	14	D_loop	armless_trnP_wo_t.cm	True	T_OR_VAR_ARM_MISSING_slots=[2, 3]
mtdbD00031151|Pro|UGG|Ascaris suum	14	U	15	D_loop	armless_trnP_wo_t.cm	True	T_OR_VAR_ARM_MISSING_slots=[2, 3]
mtdbD00031151|Pro|UGG|Ascaris suum	15	U	16	D_loop	armless_trnP_wo_t.cm	True	T_OR_VAR_ARM_MISSING_slots=[2, 3]
mtdbD00031151|Pro|UGG|Ascaris suum	16	U	17	D_loop	armless_trnP_wo_t.cm	True	T_OR_VAR_ARM_MISSING_slots=[2, 3]
mtdbD00031151|Pro|UGG|Ascaris suum	17	U	17a	D_loop	armless_trnP_wo_t.cm	True	T_OR_VAR_ARM_MISSING_slots=[2, 3]
mtdbD00031151|Pro|UGG|Ascaris suum	18	U	18	D_loop	armless_trnP_wo_t.cm	True	T_OR_VAR_ARM_MISSING_slots=[2, 3]
mtdbD00031151|Pro|UGG|Ascaris suum	19	A	19	D_loop	armless_trnP_wo_t.cm	True	T_OR_VAR_ARM_MISSING_slots=[2, 3]
mtdbD00031151|Pro|UGG|Ascaris suum	20	A	22	D_stem_3	armless_trnP_wo_t.cm	True	T_OR_VAR_ARM_MISSING_slots=[2, 3]
mtdbD00031151|Pro|UGG|Ascaris suum	21	A	23	D_stem_3	armless_trnP_wo_t.cm	True	T_OR_VAR_ARM_MISSING_slots=[2, 3]
mtdbD00031151|Pro|UGG|Ascaris suum	22	A	24	D_stem_3	armless_trnP_wo_t.cm	True	T_OR_VAR_ARM_MISSING_slots=[2, 3]
mtdbD00031151|Pro|UGG|Ascaris suum	23	U	25	D_stem_3	armless_trnP_wo_t.cm	True	T_OR_VAR_ARM_MISSING_slots=[2, 3]
mtdbD00031151|Pro|UGG|Ascaris suum	24	G	26	connector_DC	armless_trnP_wo_t.cm	True	T_OR_VAR_ARM_MISSING_slots=[2, 3]
mtdbD00031151|Pro|UGG|Ascaris suum	25	U	27	C_stem_5	armless_trnP_wo_t.cm	True	T_OR_VAR_ARM_MISSING_slots=[2, 3]
mtdbD00031151|Pro|UGG|Ascaris suum	26	A	28	C_stem_5	armless_trnP_wo_t.cm	True	T_OR_VAR_ARM_MISSING_slots=[2, 3]
mtdbD00031151|Pro|UGG|Ascaris suum	27	G	29	C_stem_5	armless_trnP_wo_t.cm	True	T_OR_VAR_ARM_MISSING_slots=[2, 3]
mtdbD00031151|Pro|UGG|Ascaris suum	28	U	30	C_stem_5	armless_trnP_wo_t.cm	True	T_OR_VAR_ARM_MISSING_slots=[2, 3]
mtdbD00031151|Pro|UGG|Ascaris suum	29	A	31	C_stem_5	armless_trnP_wo_t.cm	True	T_OR_VAR_ARM_MISSING_slots=[2, 3]
mtdbD00031151|Pro|UGG|Ascaris suum	30	U	32	C_loop	armless_trnP_wo_t.cm	True	T_OR_VAR_ARM_MISSING_slots=[2, 3]
mtdbD00031151|Pro|UGG|Ascaris suum	31	U	33	C_loop	armless_trnP_wo_t.cm	True	T_OR_VAR_ARM_MISSING_slots=[2, 3]
mtdbD00031151|Pro|UGG|Ascaris suum	32	U	34	C_loop	armless_trnP_wo_t.cm	True	T_OR_VAR_ARM_MISSING_slots=[2, 3]
mtdbD00031151|Pro|UGG|Ascaris suum	33	G	35	C_loop	armless_trnP_wo_t.cm	True	T_OR_VAR_ARM_MISSING_slots=[2, 3]
mtdbD00031151|Pro|UGG|Ascaris suum	34	G	36	C_loop	armless_trnP_wo_t.cm	True	T_OR_VAR_ARM_MISSING_slots=[2, 3]
mtdbD00031151|Pro|UGG|Ascaris suum	35	G	37	C_loop	armless_trnP_wo_t.cm	True	T_OR_VAR_ARM_MISSING_slots=[2, 3]
mtdbD00031151|Pro|UGG|Ascaris suum	36	U	38	C_loop	armless_trnP_wo_t.cm	True	T_OR_VAR_ARM_MISSING_slots=[2, 3]
mtdbD00031151|Pro|UGG|Ascaris suum	37	U	39	C_stem_3	armless_trnP_wo_t.cm	True	T_OR_VAR_ARM_MISSING_slots=[2, 3]
mtdbD00031151|Pro|UGG|Ascaris suum	38	A	44	V_loop	armless_trnP_wo_t.cm	True	T_OR_VAR_ARM_MISSING_slots=[2, 3]
mtdbD00031151|Pro|UGG|Ascaris suum	39	C	45	V_loop	armless_trnP_wo_t.cm	True	T_OR_VAR_ARM_MISSING_slots=[2, 3]
mtdbD00031151|Pro|UGG|Ascaris suum	40	U	46	V_loop	armless_trnP_wo_t.cm	True	T_OR_VAR_ARM_MISSING_slots=[2, 3]
mtdbD00031151|Pro|UGG|Ascaris suum	41	G	47	V_loop	armless_trnP_wo_t.cm	True	T_OR_VAR_ARM_MISSING_slots=[2, 3]
mtdbD00031151|Pro|UGG|Ascaris suum	42	U	48	V_loop	armless_trnP_wo_t.cm	True	T_OR_VAR_ARM_MISSING_slots=[2, 3]
mtdbD00031151|Pro|UGG|Ascaris suum	43	G	48A	V_loop	armless_trnP_wo_t.cm	True	T_OR_VAR_ARM_MISSING_slots=[2, 3]
mtdbD00031151|Pro|UGG|Ascaris suum	44	A	48B	V_loop	armless_trnP_wo_t.cm	True	T_OR_VAR_ARM_MISSING_slots=[2, 3]
mtdbD00031151|Pro|UGG|Ascaris suum	45	A	48C	V_loop	armless_trnP_wo_t.cm	True	T_OR_VAR_ARM_MISSING_slots=[2, 3]
mtdbD00031151|Pro|UGG|Ascaris suum	46	U	48D	V_loop	armless_trnP_wo_t.cm	True	T_OR_VAR_ARM_MISSING_slots=[2, 3]
mtdbD00031151|Pro|UGG|Ascaris suum	47	U	48E	V_loop	armless_trnP_wo_t.cm	True	T_OR_VAR_ARM_MISSING_slots=[2, 3]
mtdbD00031151|Pro|UGG|Ascaris suum	48	U	66	acceptor_3	armless_trnP_wo_t.cm	True	T_OR_VAR_ARM_MISSING_slots=[2, 3]
mtdbD00031151|Pro|UGG|Ascaris suum	49	U	67	acceptor_3	armless_trnP_wo_t.cm	True	T_OR_VAR_ARM_MISSING_slots=[2, 3]
mtdbD00031151|Pro|UGG|Ascaris suum	50	U	68	acceptor_3	armless_trnP_wo_t.cm	True	T_OR_VAR_ARM_MISSING_slots=[2, 3]
mtdbD00031151|Pro|UGG|Ascaris suum	51	A	69	acceptor_3	armless_trnP_wo_t.cm	True	T_OR_VAR_ARM_MISSING_slots=[2, 3]
mtdbD00031151|Pro|UGG|Ascaris suum	52	C	70	acceptor_3	armless_trnP_wo_t.cm	True	T_OR_VAR_ARM_MISSING_slots=[2, 3]
mtdbD00031151|Pro|UGG|Ascaris suum	53	U	71	acceptor_3	armless_trnP_wo_t.cm	True	T_OR_VAR_ARM_MISSING_slots=[2, 3]
mtdbD00031151|Pro|UGG|Ascaris suum	54	G	72	acceptor_3	armless_trnP_wo_t.cm	True	T_OR_VAR_ARM_MISSING_slots=[2, 3]
mtdbD00031151|Pro|UGG|Ascaris suum	55	A	73	discriminator_CCA	armless_trnP_wo_t.cm	True	T_OR_VAR_ARM_MISSING_slots=[2, 3]
mtdbD00031152|Val|UAC|Ascaris suum	0	A	1	acceptor_5	armless_trnV_wo_t.cm	True	T_OR_VAR_ARM_MISSING_slots=[2, 3]
mtdbD00031152|Val|UAC|Ascaris suum	1	A	2	acceptor_5	armless_trnV_wo_t.cm	True	T_OR_VAR_ARM_MISSING_slots=[2, 3]
mtdbD00031152|Val|UAC|Ascaris suum	2	A	3	acceptor_5	armless_trnV_wo_t.cm	True	T_OR_VAR_ARM_MISSING_slots=[2, 3]
mtdbD00031152|Val|UAC|Ascaris suum	3	C	4	acceptor_5	armless_trnV_wo_t.cm	True	T_OR_VAR_ARM_MISSING_slots=[2, 3]
mtdbD00031152|Val|UAC|Ascaris suum	4	U	5	acceptor_5	armless_trnV_wo_t.cm	True	T_OR_VAR_ARM_MISSING_slots=[2, 3]
mtdbD00031152|Val|UAC|Ascaris suum	5	U	6	acceptor_5	armless_trnV_wo_t.cm	True	T_OR_VAR_ARM_MISSING_slots=[2, 3]
mtdbD00031152|Val|UAC|Ascaris suum	6	U	7	acceptor_5	armless_trnV_wo_t.cm	True	T_OR_VAR_ARM_MISSING_slots=[2, 3]
mtdbD00031152|Val|UAC|Ascaris suum	7	U	8	connector_AD	armless_trnV_wo_t.cm	True	T_OR_VAR_ARM_MISSING_slots=[2, 3]
mtdbD00031152|Val|UAC|Ascaris suum	8	A	9	connector_AD	armless_trnV_wo_t.cm	True	T_OR_VAR_ARM_MISSING_slots=[2, 3]
mtdbD00031152|Val|UAC|Ascaris suum	9	G	10	D_stem_5	armless_trnV_wo_t.cm	True	T_OR_VAR_ARM_MISSING_slots=[2, 3]
mtdbD00031152|Val|UAC|Ascaris suum	10	U	11	D_stem_5	armless_trnV_wo_t.cm	True	T_OR_VAR_ARM_MISSING_slots=[2, 3]
mtdbD00031152|Val|UAC|Ascaris suum	11	U	12	D_stem_5	armless_trnV_wo_t.cm	True	T_OR_VAR_ARM_MISSING_slots=[2, 3]
mtdbD00031152|Val|UAC|Ascaris suum	12	U	13	D_stem_5	armless_trnV_wo_t.cm	True	T_OR_VAR_ARM_MISSING_slots=[2, 3]
mtdbD00031152|Val|UAC|Ascaris suum	13	A	14	D_loop	armless_trnV_wo_t.cm	True	T_OR_VAR_ARM_MISSING_slots=[2, 3]
mtdbD00031152|Val|UAC|Ascaris suum	14	A	15	D_loop	armless_trnV_wo_t.cm	True	T_OR_VAR_ARM_MISSING_slots=[2, 3]
mtdbD00031152|Val|UAC|Ascaris suum	15	U	16	D_loop	armless_trnV_wo_t.cm	True	T_OR_VAR_ARM_MISSING_slots=[2, 3]
mtdbD00031152|Val|UAC|Ascaris suum	16	U	17	D_loop	armless_trnV_wo_t.cm	True	T_OR_VAR_ARM_MISSING_slots=[2, 3]
mtdbD00031152|Val|UAC|Ascaris suum	17	U	17a	D_loop	armless_trnV_wo_t.cm	True	T_OR_VAR_ARM_MISSING_slots=[2, 3]
mtdbD00031152|Val|UAC|Ascaris suum	18	A	18	D_loop	armless_trnV_wo_t.cm	True	T_OR_VAR_ARM_MISSING_slots=[2, 3]
mtdbD00031152|Val|UAC|Ascaris suum	19	G	22	D_stem_3	armless_trnV_wo_t.cm	True	T_OR_VAR_ARM_MISSING_slots=[2, 3]
mtdbD00031152|Val|UAC|Ascaris suum	20	A	23	D_stem_3	armless_trnV_wo_t.cm	True	T_OR_VAR_ARM_MISSING_slots=[2, 3]
mtdbD00031152|Val|UAC|Ascaris suum	21	A	24	D_stem_3	armless_trnV_wo_t.cm	True	T_OR_VAR_ARM_MISSING_slots=[2, 3]
mtdbD00031152|Val|UAC|Ascaris suum	22	U	25	D_stem_3	armless_trnV_wo_t.cm	True	T_OR_VAR_ARM_MISSING_slots=[2, 3]
mtdbD00031152|Val|UAC|Ascaris suum	23	U	26	connector_DC	armless_trnV_wo_t.cm	True	T_OR_VAR_ARM_MISSING_slots=[2, 3]
mtdbD00031152|Val|UAC|Ascaris suum	24	U	27	C_stem_5	armless_trnV_wo_t.cm	True	T_OR_VAR_ARM_MISSING_slots=[2, 3]
mtdbD00031152|Val|UAC|Ascaris suum	25	C	28	C_stem_5	armless_trnV_wo_t.cm	True	T_OR_VAR_ARM_MISSING_slots=[2, 3]
mtdbD00031152|Val|UAC|Ascaris suum	26	U	29	C_stem_5	armless_trnV_wo_t.cm	True	T_OR_VAR_ARM_MISSING_slots=[2, 3]
mtdbD00031152|Val|UAC|Ascaris suum	27	C	30	C_stem_5	armless_trnV_wo_t.cm	True	T_OR_VAR_ARM_MISSING_slots=[2, 3]
mtdbD00031152|Val|UAC|Ascaris suum	28	G	31	C_stem_5	armless_trnV_wo_t.cm	True	T_OR_VAR_ARM_MISSING_slots=[2, 3]
mtdbD00031152|Val|UAC|Ascaris suum	29	C	32	C_loop	armless_trnV_wo_t.cm	True	T_OR_VAR_ARM_MISSING_slots=[2, 3]
mtdbD00031152|Val|UAC|Ascaris suum	30	U	33	C_loop	armless_trnV_wo_t.cm	True	T_OR_VAR_ARM_MISSING_slots=[2, 3]
mtdbD00031152|Val|UAC|Ascaris suum	31	U	34	C_loop	armless_trnV_wo_t.cm	True	T_OR_VAR_ARM_MISSING_slots=[2, 3]
mtdbD00031152|Val|UAC|Ascaris suum	32	A	35	C_loop	armless_trnV_wo_t.cm	True	T_OR_VAR_ARM_MISSING_slots=[2, 3]
mtdbD00031152|Val|UAC|Ascaris suum	33	C	36	C_loop	armless_trnV_wo_t.cm	True	T_OR_VAR_ARM_MISSING_slots=[2, 3]
mtdbD00031152|Val|UAC|Ascaris suum	34	A	37	C_loop	armless_trnV_wo_t.cm	True	T_OR_VAR_ARM_MISSING_slots=[2, 3]
mtdbD00031152|Val|UAC|Ascaris suum	35	A	38	C_loop	armless_trnV_wo_t.cm	True	T_OR_VAR_ARM_MISSING_slots=[2, 3]
mtdbD00031152|Val|UAC|Ascaris suum	36	U	39	C_stem_3	armless_trnV_wo_t.cm	True	T_OR_VAR_ARM_MISSING_slots=[2, 3]
mtdbD00031152|Val|UAC|Ascaris suum	37	G	44	V_loop	armless_trnV_wo_t.cm	True	T_OR_VAR_ARM_MISSING_slots=[2, 3]
mtdbD00031152|Val|UAC|Ascaris suum	38	A	45	V_loop	armless_trnV_wo_t.cm	True	T_OR_VAR_ARM_MISSING_slots=[2, 3]
mtdbD00031152|Val|UAC|Ascaris suum	39	G	46	V_loop	armless_trnV_wo_t.cm	True	T_OR_VAR_ARM_MISSING_slots=[2, 3]
mtdbD00031152|Val|UAC|Ascaris suum	40	A	47	V_loop	armless_trnV_wo_t.cm	True	T_OR_VAR_ARM_MISSING_slots=[2, 3]
mtdbD00031152|Val|UAC|Ascaris suum	41	G	48	V_loop	armless_trnV_wo_t.cm	True	T_OR_VAR_ARM_MISSING_slots=[2, 3]
mtdbD00031152|Val|UAC|Ascaris suum	42	G	48A	V_loop	armless_trnV_wo_t.cm	True	T_OR_VAR_ARM_MISSING_slots=[2, 3]
mtdbD00031152|Val|UAC|Ascaris suum	43	G	48B	V_loop	armless_trnV_wo_t.cm	True	T_OR_VAR_ARM_MISSING_slots=[2, 3]
mtdbD00031152|Val|UAC|Ascaris suum	44	U	48C	V_loop	armless_trnV_wo_t.cm	True	T_OR_VAR_ARM_MISSING_slots=[2, 3]
mtdbD00031152|Val|UAC|Ascaris suum	45	U	48D	V_loop	armless_trnV_wo_t.cm	True	T_OR_VAR_ARM_MISSING_slots=[2, 3]
mtdbD00031152|Val|UAC|Ascaris suum	46	U	48E	V_loop	armless_trnV_wo_t.cm	True	T_OR_VAR_ARM_MISSING_slots=[2, 3]
mtdbD00031152|Val|UAC|Ascaris suum	47	A	48F	V_loop	armless_trnV_wo_t.cm	True	T_OR_VAR_ARM_MISSING_slots=[2, 3]
mtdbD00031152|Val|UAC|Ascaris suum	48	U	48G	V_loop	armless_trnV_wo_t.cm	True	T_OR_VAR_ARM_MISSING_slots=[2, 3]
mtdbD00031152|Val|UAC|Ascaris suum	49	U	66	acceptor_3	armless_trnV_wo_t.cm	True	T_OR_VAR_ARM_MISSING_slots=[2, 3]
mtdbD00031152|Val|UAC|Ascaris suum	50	A	67	acceptor_3	armless_trnV_wo_t.cm	True	T_OR_VAR_ARM_MISSING_slots=[2, 3]
mtdbD00031152|Val|UAC|Ascaris suum	51	A	68	acceptor_3	armless_trnV_wo_t.cm	True	T_OR_VAR_ARM_MISSING_slots=[2, 3]
mtdbD00031152|Val|UAC|Ascaris suum	52	G	69	acceptor_3	armless_trnV_wo_t.cm	True	T_OR_VAR_ARM_MISSING_slots=[2, 3]
mtdbD00031152|Val|UAC|Ascaris suum	53	U	70	acceptor_3	armless_trnV_wo_t.cm	True	T_OR_VAR_ARM_MISSING_slots=[2, 3]
mtdbD00031152|Val|UAC|Ascaris suum	54	U	71	acceptor_3	armless_trnV_wo_t.cm	True	T_OR_VAR_ARM_MISSING_slots=[2, 3]
mtdbD00031152|Val|UAC|Ascaris suum	55	U	72	acceptor_3	armless_trnV_wo_t.cm	True	T_OR_VAR_ARM_MISSING_slots=[2, 3]
mtdbD00031152|Val|UAC|Ascaris suum	56	U	73	discriminator_CCA	armless_trnV_wo_t.cm	True	T_OR_VAR_ARM_MISSING_slots=[2, 3]
mtdbD00031153|Trp|UCA|Ascaris suum	0	A	1	acceptor_5	armless_trnW_wo_t.cm	True	T_OR_VAR_ARM_MISSING_slots=[2, 3]
mtdbD00031153|Trp|UCA|Ascaris suum	1	C	2	acceptor_5	armless_trnW_wo_t.cm	True	T_OR_VAR_ARM_MISSING_slots=[2, 3]
mtdbD00031153|Trp|UCA|Ascaris suum	2	A	3	acceptor_5	armless_trnW_wo_t.cm	True	T_OR_VAR_ARM_MISSING_slots=[2, 3]
mtdbD00031153|Trp|UCA|Ascaris suum	3	G	4	acceptor_5	armless_trnW_wo_t.cm	True	T_OR_VAR_ARM_MISSING_slots=[2, 3]
mtdbD00031153|Trp|UCA|Ascaris suum	4	A	5	acceptor_5	armless_trnW_wo_t.cm	True	T_OR_VAR_ARM_MISSING_slots=[2, 3]
mtdbD00031153|Trp|UCA|Ascaris suum	5	U	6	acceptor_5	armless_trnW_wo_t.cm	True	T_OR_VAR_ARM_MISSING_slots=[2, 3]
mtdbD00031153|Trp|UCA|Ascaris suum	6	U	7	acceptor_5	armless_trnW_wo_t.cm	True	T_OR_VAR_ARM_MISSING_slots=[2, 3]
mtdbD00031153|Trp|UCA|Ascaris suum	7	U	8	connector_AD	armless_trnW_wo_t.cm	True	T_OR_VAR_ARM_MISSING_slots=[2, 3]
mtdbD00031153|Trp|UCA|Ascaris suum	8	A	9	connector_AD	armless_trnW_wo_t.cm	True	T_OR_VAR_ARM_MISSING_slots=[2, 3]
mtdbD00031153|Trp|UCA|Ascaris suum	9	A	10	D_stem_5	armless_trnW_wo_t.cm	True	T_OR_VAR_ARM_MISSING_slots=[2, 3]
mtdbD00031153|Trp|UCA|Ascaris suum	10	G	11	D_stem_5	armless_trnW_wo_t.cm	True	T_OR_VAR_ARM_MISSING_slots=[2, 3]
mtdbD00031153|Trp|UCA|Ascaris suum	11	U	12	D_stem_5	armless_trnW_wo_t.cm	True	T_OR_VAR_ARM_MISSING_slots=[2, 3]
mtdbD00031153|Trp|UCA|Ascaris suum	12	U	13	D_stem_5	armless_trnW_wo_t.cm	True	T_OR_VAR_ARM_MISSING_slots=[2, 3]
mtdbD00031153|Trp|UCA|Ascaris suum	13	A	14	D_loop	armless_trnW_wo_t.cm	True	T_OR_VAR_ARM_MISSING_slots=[2, 3]
mtdbD00031153|Trp|UCA|Ascaris suum	14	A	15	D_loop	armless_trnW_wo_t.cm	True	T_OR_VAR_ARM_MISSING_slots=[2, 3]
mtdbD00031153|Trp|UCA|Ascaris suum	15	G	16	D_loop	armless_trnW_wo_t.cm	True	T_OR_VAR_ARM_MISSING_slots=[2, 3]
mtdbD00031153|Trp|UCA|Ascaris suum	16	U	17	D_loop	armless_trnW_wo_t.cm	True	T_OR_VAR_ARM_MISSING_slots=[2, 3]
mtdbD00031153|Trp|UCA|Ascaris suum	17	U	17a	D_loop	armless_trnW_wo_t.cm	True	T_OR_VAR_ARM_MISSING_slots=[2, 3]
mtdbD00031153|Trp|UCA|Ascaris suum	18	U	18	D_loop	armless_trnW_wo_t.cm	True	T_OR_VAR_ARM_MISSING_slots=[2, 3]
mtdbD00031153|Trp|UCA|Ascaris suum	19	A	19	D_loop	armless_trnW_wo_t.cm	True	T_OR_VAR_ARM_MISSING_slots=[2, 3]
mtdbD00031153|Trp|UCA|Ascaris suum	20	A	22	D_stem_3	armless_trnW_wo_t.cm	True	T_OR_VAR_ARM_MISSING_slots=[2, 3]
mtdbD00031153|Trp|UCA|Ascaris suum	21	A	23	D_stem_3	armless_trnW_wo_t.cm	True	T_OR_VAR_ARM_MISSING_slots=[2, 3]
mtdbD00031153|Trp|UCA|Ascaris suum	22	C	24	D_stem_3	armless_trnW_wo_t.cm	True	T_OR_VAR_ARM_MISSING_slots=[2, 3]
mtdbD00031153|Trp|UCA|Ascaris suum	23	U	25	D_stem_3	armless_trnW_wo_t.cm	True	T_OR_VAR_ARM_MISSING_slots=[2, 3]
mtdbD00031153|Trp|UCA|Ascaris suum	24	C	26	connector_DC	armless_trnW_wo_t.cm	True	T_OR_VAR_ARM_MISSING_slots=[2, 3]
mtdbD00031153|Trp|UCA|Ascaris suum	25	U	27	C_stem_5	armless_trnW_wo_t.cm	True	T_OR_VAR_ARM_MISSING_slots=[2, 3]
mtdbD00031153|Trp|UCA|Ascaris suum	26	U	28	C_stem_5	armless_trnW_wo_t.cm	True	T_OR_VAR_ARM_MISSING_slots=[2, 3]
mtdbD00031153|Trp|UCA|Ascaris suum	27	G	29	C_stem_5	armless_trnW_wo_t.cm	True	T_OR_VAR_ARM_MISSING_slots=[2, 3]
mtdbD00031153|Trp|UCA|Ascaris suum	28	G	30	C_stem_5	armless_trnW_wo_t.cm	True	T_OR_VAR_ARM_MISSING_slots=[2, 3]
mtdbD00031153|Trp|UCA|Ascaris suum	29	U	31	C_stem_5	armless_trnW_wo_t.cm	True	T_OR_VAR_ARM_MISSING_slots=[2, 3]
mtdbD00031153|Trp|UCA|Ascaris suum	30	U	32	C_loop	armless_trnW_wo_t.cm	True	T_OR_VAR_ARM_MISSING_slots=[2, 3]
mtdbD00031153|Trp|UCA|Ascaris suum	31	U	33	C_loop	armless_trnW_wo_t.cm	True	T_OR_VAR_ARM_MISSING_slots=[2, 3]
mtdbD00031153|Trp|UCA|Ascaris suum	32	U	34	C_loop	armless_trnW_wo_t.cm	True	T_OR_VAR_ARM_MISSING_slots=[2, 3]
mtdbD00031153|Trp|UCA|Ascaris suum	33	C	35	C_loop	armless_trnW_wo_t.cm	True	T_OR_VAR_ARM_MISSING_slots=[2, 3]
mtdbD00031153|Trp|UCA|Ascaris suum	34	A	36	C_loop	armless_trnW_wo_t.cm	True	T_OR_VAR_ARM_MISSING_slots=[2, 3]
mtdbD00031153|Trp|UCA|Ascaris suum	35	A	37	C_loop	armless_trnW_wo_t.cm	True	T_OR_VAR_ARM_MISSING_slots=[2, 3]
mtdbD00031153|Trp|UCA|Ascaris suum	36	A	38	C_loop	armless_trnW_wo_t.cm	True	T_OR_VAR_ARM_MISSING_slots=[2, 3]
mtdbD00031153|Trp|UCA|Ascaris suum	37	A	39	C_stem_3	armless_trnW_wo_t.cm	True	T_OR_VAR_ARM_MISSING_slots=[2, 3]
mtdbD00031153|Trp|UCA|Ascaris suum	38	C	44	V_loop	armless_trnW_wo_t.cm	True	T_OR_VAR_ARM_MISSING_slots=[2, 3]
mtdbD00031153|Trp|UCA|Ascaris suum	39	C	45	V_loop	armless_trnW_wo_t.cm	True	T_OR_VAR_ARM_MISSING_slots=[2, 3]
mtdbD00031153|Trp|UCA|Ascaris suum	40	A	46	V_loop	armless_trnW_wo_t.cm	True	T_OR_VAR_ARM_MISSING_slots=[2, 3]
mtdbD00031153|Trp|UCA|Ascaris suum	41	A	47	V_loop	armless_trnW_wo_t.cm	True	T_OR_VAR_ARM_MISSING_slots=[2, 3]
mtdbD00031153|Trp|UCA|Ascaris suum	42	A	48	V_loop	armless_trnW_wo_t.cm	True	T_OR_VAR_ARM_MISSING_slots=[2, 3]
mtdbD00031153|Trp|UCA|Ascaris suum	43	A	48A	V_loop	armless_trnW_wo_t.cm	True	T_OR_VAR_ARM_MISSING_slots=[2, 3]
mtdbD00031153|Trp|UCA|Ascaris suum	44	A	48B	V_loop	armless_trnW_wo_t.cm	True	T_OR_VAR_ARM_MISSING_slots=[2, 3]
mtdbD00031153|Trp|UCA|Ascaris suum	45	U	48C	V_loop	armless_trnW_wo_t.cm	True	T_OR_VAR_ARM_MISSING_slots=[2, 3]
mtdbD00031153|Trp|UCA|Ascaris suum	46	U	48D	V_loop	armless_trnW_wo_t.cm	True	T_OR_VAR_ARM_MISSING_slots=[2, 3]
mtdbD00031153|Trp|UCA|Ascaris suum	47	U	48E	V_loop	armless_trnW_wo_t.cm	True	T_OR_VAR_ARM_MISSING_slots=[2, 3]
mtdbD00031153|Trp|UCA|Ascaris suum	48	U	48F	V_loop	armless_trnW_wo_t.cm	True	T_OR_VAR_ARM_MISSING_slots=[2, 3]
mtdbD00031153|Trp|UCA|Ascaris suum	49	A	66	acceptor_3	armless_trnW_wo_t.cm	True	T_OR_VAR_ARM_MISSING_slots=[2, 3]
mtdbD00031153|Trp|UCA|Ascaris suum	50	C	67	acceptor_3	armless_trnW_wo_t.cm	True	T_OR_VAR_ARM_MISSING_slots=[2, 3]
mtdbD00031153|Trp|UCA|Ascaris suum	51	U	68	acceptor_3	armless_trnW_wo_t.cm	True	T_OR_VAR_ARM_MISSING_slots=[2, 3]
mtdbD00031153|Trp|UCA|Ascaris suum	52	C	69	acceptor_3	armless_trnW_wo_t.cm	True	T_OR_VAR_ARM_MISSING_slots=[2, 3]
mtdbD00031153|Trp|UCA|Ascaris suum	53	U	70	acceptor_3	armless_trnW_wo_t.cm	True	T_OR_VAR_ARM_MISSING_slots=[2, 3]
mtdbD00031153|Trp|UCA|Ascaris suum	54	G	71	acceptor_3	armless_trnW_wo_t.cm	True	T_OR_VAR_ARM_MISSING_slots=[2, 3]
mtdbD00031153|Trp|UCA|Ascaris suum	55	U	72	acceptor_3	armless_trnW_wo_t.cm	True	T_OR_VAR_ARM_MISSING_slots=[2, 3]
mtdbD00031153|Trp|UCA|Ascaris suum	56	A	73	discriminator_CCA	armless_trnW_wo_t.cm	True	T_OR_VAR_ARM_MISSING_slots=[2, 3]
mtdbD00031155|Asn|GUU|Ascaris suum	0	U	1	acceptor_5	armless_trnN_wo_t.cm	True	T_OR_VAR_ARM_MISSING_slots=[2, 3]
mtdbD00031155|Asn|GUU|Ascaris suum	1	A	2	acceptor_5	armless_trnN_wo_t.cm	True	T_OR_VAR_ARM_MISSING_slots=[2, 3]
mtdbD00031155|Asn|GUU|Ascaris suum	2	A	3	acceptor_5	armless_trnN_wo_t.cm	True	T_OR_VAR_ARM_MISSING_slots=[2, 3]
mtdbD00031155|Asn|GUU|Ascaris suum	3	G	4	acceptor_5	armless_trnN_wo_t.cm	True	T_OR_VAR_ARM_MISSING_slots=[2, 3]
mtdbD00031155|Asn|GUU|Ascaris suum	4	A	5	acceptor_5	armless_trnN_wo_t.cm	True	T_OR_VAR_ARM_MISSING_slots=[2, 3]
mtdbD00031155|Asn|GUU|Ascaris suum	5	G	6	acceptor_5	armless_trnN_wo_t.cm	True	T_OR_VAR_ARM_MISSING_slots=[2, 3]
mtdbD00031155|Asn|GUU|Ascaris suum	6	U	7	acceptor_5	armless_trnN_wo_t.cm	True	T_OR_VAR_ARM_MISSING_slots=[2, 3]
mtdbD00031155|Asn|GUU|Ascaris suum	7	U	8	connector_AD	armless_trnN_wo_t.cm	True	T_OR_VAR_ARM_MISSING_slots=[2, 3]
mtdbD00031155|Asn|GUU|Ascaris suum	8	A	9	connector_AD	armless_trnN_wo_t.cm	True	T_OR_VAR_ARM_MISSING_slots=[2, 3]
mtdbD00031155|Asn|GUU|Ascaris suum	9	G	10	D_stem_5	armless_trnN_wo_t.cm	True	T_OR_VAR_ARM_MISSING_slots=[2, 3]
mtdbD00031155|Asn|GUU|Ascaris suum	10	U	11	D_stem_5	armless_trnN_wo_t.cm	True	T_OR_VAR_ARM_MISSING_slots=[2, 3]
mtdbD00031155|Asn|GUU|Ascaris suum	11	U	12	D_stem_5	armless_trnN_wo_t.cm	True	T_OR_VAR_ARM_MISSING_slots=[2, 3]
mtdbD00031155|Asn|GUU|Ascaris suum	12	U	13	D_stem_5	armless_trnN_wo_t.cm	True	T_OR_VAR_ARM_MISSING_slots=[2, 3]
mtdbD00031155|Asn|GUU|Ascaris suum	13	A	14	D_loop	armless_trnN_wo_t.cm	True	T_OR_VAR_ARM_MISSING_slots=[2, 3]
mtdbD00031155|Asn|GUU|Ascaris suum	14	A	15	D_loop	armless_trnN_wo_t.cm	True	T_OR_VAR_ARM_MISSING_slots=[2, 3]
mtdbD00031155|Asn|GUU|Ascaris suum	15	U	16	D_loop	armless_trnN_wo_t.cm	True	T_OR_VAR_ARM_MISSING_slots=[2, 3]
mtdbD00031155|Asn|GUU|Ascaris suum	16	A	17	D_loop	armless_trnN_wo_t.cm	True	T_OR_VAR_ARM_MISSING_slots=[2, 3]
mtdbD00031155|Asn|GUU|Ascaris suum	17	U	17a	D_loop	armless_trnN_wo_t.cm	True	T_OR_VAR_ARM_MISSING_slots=[2, 3]
mtdbD00031155|Asn|GUU|Ascaris suum	18	U	18	D_loop	armless_trnN_wo_t.cm	True	T_OR_VAR_ARM_MISSING_slots=[2, 3]
mtdbD00031155|Asn|GUU|Ascaris suum	19	A	19	D_loop	armless_trnN_wo_t.cm	True	T_OR_VAR_ARM_MISSING_slots=[2, 3]
mtdbD00031155|Asn|GUU|Ascaris suum	20	G	22	D_stem_3	armless_trnN_wo_t.cm	True	T_OR_VAR_ARM_MISSING_slots=[2, 3]
mtdbD00031155|Asn|GUU|Ascaris suum	21	A	23	D_stem_3	armless_trnN_wo_t.cm	True	T_OR_VAR_ARM_MISSING_slots=[2, 3]
mtdbD00031155|Asn|GUU|Ascaris suum	22	A	24	D_stem_3	armless_trnN_wo_t.cm	True	T_OR_VAR_ARM_MISSING_slots=[2, 3]
mtdbD00031155|Asn|GUU|Ascaris suum	23	U	25	D_stem_3	armless_trnN_wo_t.cm	True	T_OR_VAR_ARM_MISSING_slots=[2, 3]
mtdbD00031155|Asn|GUU|Ascaris suum	24	U	26	connector_DC	armless_trnN_wo_t.cm	True	T_OR_VAR_ARM_MISSING_slots=[2, 3]
mtdbD00031155|Asn|GUU|Ascaris suum	25	G	27	C_stem_5	armless_trnN_wo_t.cm	True	T_OR_VAR_ARM_MISSING_slots=[2, 3]
mtdbD00031155|Asn|GUU|Ascaris suum	26	U	28	C_stem_5	armless_trnN_wo_t.cm	True	T_OR_VAR_ARM_MISSING_slots=[2, 3]
mtdbD00031155|Asn|GUU|Ascaris suum	27	U	29	C_stem_5	armless_trnN_wo_t.cm	True	T_OR_VAR_ARM_MISSING_slots=[2, 3]
mtdbD00031155|Asn|GUU|Ascaris suum	28	G	30	C_stem_5	armless_trnN_wo_t.cm	True	T_OR_VAR_ARM_MISSING_slots=[2, 3]
mtdbD00031155|Asn|GUU|Ascaris suum	29	A	31	C_stem_5	armless_trnN_wo_t.cm	True	T_OR_VAR_ARM_MISSING_slots=[2, 3]
mtdbD00031155|Asn|GUU|Ascaris suum	30	C	32	C_loop	armless_trnN_wo_t.cm	True	T_OR_VAR_ARM_MISSING_slots=[2, 3]
mtdbD00031155|Asn|GUU|Ascaris suum	31	U	33	C_loop	armless_trnN_wo_t.cm	True	T_OR_VAR_ARM_MISSING_slots=[2, 3]
mtdbD00031155|Asn|GUU|Ascaris suum	32	G	34	C_loop	armless_trnN_wo_t.cm	True	T_OR_VAR_ARM_MISSING_slots=[2, 3]
mtdbD00031155|Asn|GUU|Ascaris suum	33	U	35	C_loop	armless_trnN_wo_t.cm	True	T_OR_VAR_ARM_MISSING_slots=[2, 3]
mtdbD00031155|Asn|GUU|Ascaris suum	34	U	36	C_loop	armless_trnN_wo_t.cm	True	T_OR_VAR_ARM_MISSING_slots=[2, 3]
mtdbD00031155|Asn|GUU|Ascaris suum	35	G	37	C_loop	armless_trnN_wo_t.cm	True	T_OR_VAR_ARM_MISSING_slots=[2, 3]
mtdbD00031155|Asn|GUU|Ascaris suum	36	A	38	C_loop	armless_trnN_wo_t.cm	True	T_OR_VAR_ARM_MISSING_slots=[2, 3]
mtdbD00031155|Asn|GUU|Ascaris suum	37	U	39	C_stem_3	armless_trnN_wo_t.cm	True	T_OR_VAR_ARM_MISSING_slots=[2, 3]
mtdbD00031155|Asn|GUU|Ascaris suum	38	C	44	V_loop	armless_trnN_wo_t.cm	True	T_OR_VAR_ARM_MISSING_slots=[2, 3]
mtdbD00031155|Asn|GUU|Ascaris suum	39	A	45	V_loop	armless_trnN_wo_t.cm	True	T_OR_VAR_ARM_MISSING_slots=[2, 3]
mtdbD00031155|Asn|GUU|Ascaris suum	40	A	46	V_loop	armless_trnN_wo_t.cm	True	T_OR_VAR_ARM_MISSING_slots=[2, 3]
mtdbD00031155|Asn|GUU|Ascaris suum	41	U	47	V_loop	armless_trnN_wo_t.cm	True	T_OR_VAR_ARM_MISSING_slots=[2, 3]
mtdbD00031155|Asn|GUU|Ascaris suum	42	G	48	V_loop	armless_trnN_wo_t.cm	True	T_OR_VAR_ARM_MISSING_slots=[2, 3]
mtdbD00031155|Asn|GUU|Ascaris suum	43	G	48A	V_loop	armless_trnN_wo_t.cm	True	T_OR_VAR_ARM_MISSING_slots=[2, 3]
mtdbD00031155|Asn|GUU|Ascaris suum	44	G	48B	V_loop	armless_trnN_wo_t.cm	True	T_OR_VAR_ARM_MISSING_slots=[2, 3]
mtdbD00031155|Asn|GUU|Ascaris suum	45	U	48C	V_loop	armless_trnN_wo_t.cm	True	T_OR_VAR_ARM_MISSING_slots=[2, 3]
mtdbD00031155|Asn|GUU|Ascaris suum	46	G	48D	V_loop	armless_trnN_wo_t.cm	True	T_OR_VAR_ARM_MISSING_slots=[2, 3]
mtdbD00031155|Asn|GUU|Ascaris suum	47	A	48E	V_loop	armless_trnN_wo_t.cm	True	T_OR_VAR_ARM_MISSING_slots=[2, 3]
mtdbD00031155|Asn|GUU|Ascaris suum	48	U	48F	V_loop	armless_trnN_wo_t.cm	True	T_OR_VAR_ARM_MISSING_slots=[2, 3]
mtdbD00031155|Asn|GUU|Ascaris suum	49	U	66	acceptor_3	armless_trnN_wo_t.cm	True	T_OR_VAR_ARM_MISSING_slots=[2, 3]
mtdbD00031155|Asn|GUU|Ascaris suum	50	C	67	acceptor_3	armless_trnN_wo_t.cm	True	T_OR_VAR_ARM_MISSING_slots=[2, 3]
mtdbD00031155|Asn|GUU|Ascaris suum	51	U	68	acceptor_3	armless_trnN_wo_t.cm	True	T_OR_VAR_ARM_MISSING_slots=[2, 3]
mtdbD00031155|Asn|GUU|Ascaris suum	52	C	69	acceptor_3	armless_trnN_wo_t.cm	True	T_OR_VAR_ARM_MISSING_slots=[2, 3]
mtdbD00031155|Asn|GUU|Ascaris suum	53	U	70	acceptor_3	armless_trnN_wo_t.cm	True	T_OR_VAR_ARM_MISSING_slots=[2, 3]
mtdbD00031155|Asn|GUU|Ascaris suum	54	U	71	acceptor_3	armless_trnN_wo_t.cm	True	T_OR_VAR_ARM_MISSING_slots=[2, 3]
mtdbD00031155|Asn|GUU|Ascaris suum	55	A	72	acceptor_3	armless_trnN_wo_t.cm	True	T_OR_VAR_ARM_MISSING_slots=[2, 3]
mtdbD00031155|Asn|GUU|Ascaris suum	56	G	73	discriminator_CCA	armless_trnN_wo_t.cm	True	T_OR_VAR_ARM_MISSING_slots=[2, 3]
mtdbD00031156|Tyr|GUA|Ascaris suum	0	A	1	acceptor_5	armless_trnY_wo_t.cm	True	T_OR_VAR_ARM_MISSING_slots=[2, 3]
mtdbD00031156|Tyr|GUA|Ascaris suum	1	A	2	acceptor_5	armless_trnY_wo_t.cm	True	T_OR_VAR_ARM_MISSING_slots=[2, 3]
mtdbD00031156|Tyr|GUA|Ascaris suum	2	A	3	acceptor_5	armless_trnY_wo_t.cm	True	T_OR_VAR_ARM_MISSING_slots=[2, 3]
mtdbD00031156|Tyr|GUA|Ascaris suum	3	A	4	acceptor_5	armless_trnY_wo_t.cm	True	T_OR_VAR_ARM_MISSING_slots=[2, 3]
mtdbD00031156|Tyr|GUA|Ascaris suum	4	G	5	acceptor_5	armless_trnY_wo_t.cm	True	T_OR_VAR_ARM_MISSING_slots=[2, 3]
mtdbD00031156|Tyr|GUA|Ascaris suum	5	A	6	acceptor_5	armless_trnY_wo_t.cm	True	T_OR_VAR_ARM_MISSING_slots=[2, 3]
mtdbD00031156|Tyr|GUA|Ascaris suum	6	U	7	acceptor_5	armless_trnY_wo_t.cm	True	T_OR_VAR_ARM_MISSING_slots=[2, 3]
mtdbD00031156|Tyr|GUA|Ascaris suum	7	U	8	connector_AD	armless_trnY_wo_t.cm	True	T_OR_VAR_ARM_MISSING_slots=[2, 3]
mtdbD00031156|Tyr|GUA|Ascaris suum	8	A	9	connector_AD	armless_trnY_wo_t.cm	True	T_OR_VAR_ARM_MISSING_slots=[2, 3]
mtdbD00031156|Tyr|GUA|Ascaris suum	9	G	10	D_stem_5	armless_trnY_wo_t.cm	True	T_OR_VAR_ARM_MISSING_slots=[2, 3]
mtdbD00031156|Tyr|GUA|Ascaris suum	10	U	11	D_stem_5	armless_trnY_wo_t.cm	True	T_OR_VAR_ARM_MISSING_slots=[2, 3]
mtdbD00031156|Tyr|GUA|Ascaris suum	11	U	12	D_stem_5	armless_trnY_wo_t.cm	True	T_OR_VAR_ARM_MISSING_slots=[2, 3]
mtdbD00031156|Tyr|GUA|Ascaris suum	12	U	13	D_stem_5	armless_trnY_wo_t.cm	True	T_OR_VAR_ARM_MISSING_slots=[2, 3]
mtdbD00031156|Tyr|GUA|Ascaris suum	13	A	14	D_loop	armless_trnY_wo_t.cm	True	T_OR_VAR_ARM_MISSING_slots=[2, 3]
mtdbD00031156|Tyr|GUA|Ascaris suum	14	U	15	D_loop	armless_trnY_wo_t.cm	True	T_OR_VAR_ARM_MISSING_slots=[2, 3]
mtdbD00031156|Tyr|GUA|Ascaris suum	15	U	16	D_loop	armless_trnY_wo_t.cm	True	T_OR_VAR_ARM_MISSING_slots=[2, 3]
mtdbD00031156|Tyr|GUA|Ascaris suum	16	A	17	D_loop	armless_trnY_wo_t.cm	True	T_OR_VAR_ARM_MISSING_slots=[2, 3]
mtdbD00031156|Tyr|GUA|Ascaris suum	17	U	17a	D_loop	armless_trnY_wo_t.cm	True	T_OR_VAR_ARM_MISSING_slots=[2, 3]
mtdbD00031156|Tyr|GUA|Ascaris suum	18	U	18	D_loop	armless_trnY_wo_t.cm	True	T_OR_VAR_ARM_MISSING_slots=[2, 3]
mtdbD00031156|Tyr|GUA|Ascaris suum	19	A	19	D_loop	armless_trnY_wo_t.cm	True	T_OR_VAR_ARM_MISSING_slots=[2, 3]
mtdbD00031156|Tyr|GUA|Ascaris suum	20	A	22	D_stem_3	armless_trnY_wo_t.cm	True	T_OR_VAR_ARM_MISSING_slots=[2, 3]
mtdbD00031156|Tyr|GUA|Ascaris suum	21	A	23	D_stem_3	armless_trnY_wo_t.cm	True	T_OR_VAR_ARM_MISSING_slots=[2, 3]
mtdbD00031156|Tyr|GUA|Ascaris suum	22	A	24	D_stem_3	armless_trnY_wo_t.cm	True	T_OR_VAR_ARM_MISSING_slots=[2, 3]
mtdbD00031156|Tyr|GUA|Ascaris suum	23	U	25	D_stem_3	armless_trnY_wo_t.cm	True	T_OR_VAR_ARM_MISSING_slots=[2, 3]
mtdbD00031156|Tyr|GUA|Ascaris suum	24	G	26	connector_DC	armless_trnY_wo_t.cm	True	T_OR_VAR_ARM_MISSING_slots=[2, 3]
mtdbD00031156|Tyr|GUA|Ascaris suum	25	U	27	C_stem_5	armless_trnY_wo_t.cm	True	T_OR_VAR_ARM_MISSING_slots=[2, 3]
mtdbD00031156|Tyr|GUA|Ascaris suum	26	U	28	C_stem_5	armless_trnY_wo_t.cm	True	T_OR_VAR_ARM_MISSING_slots=[2, 3]
mtdbD00031156|Tyr|GUA|Ascaris suum	27	A	29	C_stem_5	armless_trnY_wo_t.cm	True	T_OR_VAR_ARM_MISSING_slots=[2, 3]
mtdbD00031156|Tyr|GUA|Ascaris suum	28	G	30	C_stem_5	armless_trnY_wo_t.cm	True	T_OR_VAR_ARM_MISSING_slots=[2, 3]
mtdbD00031156|Tyr|GUA|Ascaris suum	29	A	31	C_stem_5	armless_trnY_wo_t.cm	True	T_OR_VAR_ARM_MISSING_slots=[2, 3]
mtdbD00031156|Tyr|GUA|Ascaris suum	30	U	32	C_loop	armless_trnY_wo_t.cm	True	T_OR_VAR_ARM_MISSING_slots=[2, 3]
mtdbD00031156|Tyr|GUA|Ascaris suum	31	U	33	C_loop	armless_trnY_wo_t.cm	True	T_OR_VAR_ARM_MISSING_slots=[2, 3]
mtdbD00031156|Tyr|GUA|Ascaris suum	32	G	34	C_loop	armless_trnY_wo_t.cm	True	T_OR_VAR_ARM_MISSING_slots=[2, 3]
mtdbD00031156|Tyr|GUA|Ascaris suum	33	U	35	C_loop	armless_trnY_wo_t.cm	True	T_OR_VAR_ARM_MISSING_slots=[2, 3]
mtdbD00031156|Tyr|GUA|Ascaris suum	34	A	36	C_loop	armless_trnY_wo_t.cm	True	T_OR_VAR_ARM_MISSING_slots=[2, 3]
mtdbD00031156|Tyr|GUA|Ascaris suum	35	A	37	C_loop	armless_trnY_wo_t.cm	True	T_OR_VAR_ARM_MISSING_slots=[2, 3]
mtdbD00031156|Tyr|GUA|Ascaris suum	36	A	38	C_loop	armless_trnY_wo_t.cm	True	T_OR_VAR_ARM_MISSING_slots=[2, 3]
mtdbD00031156|Tyr|GUA|Ascaris suum	37	U	39	C_stem_3	armless_trnY_wo_t.cm	True	T_OR_VAR_ARM_MISSING_slots=[2, 3]
mtdbD00031156|Tyr|GUA|Ascaris suum	38	C	44	V_loop	armless_trnY_wo_t.cm	True	T_OR_VAR_ARM_MISSING_slots=[2, 3]
mtdbD00031156|Tyr|GUA|Ascaris suum	39	U	45	V_loop	armless_trnY_wo_t.cm	True	T_OR_VAR_ARM_MISSING_slots=[2, 3]
mtdbD00031156|Tyr|GUA|Ascaris suum	40	A	46	V_loop	armless_trnY_wo_t.cm	True	T_OR_VAR_ARM_MISSING_slots=[2, 3]
mtdbD00031156|Tyr|GUA|Ascaris suum	41	A	47	V_loop	armless_trnY_wo_t.cm	True	T_OR_VAR_ARM_MISSING_slots=[2, 3]
mtdbD00031156|Tyr|GUA|Ascaris suum	42	A	48	V_loop	armless_trnY_wo_t.cm	True	T_OR_VAR_ARM_MISSING_slots=[2, 3]
mtdbD00031156|Tyr|GUA|Ascaris suum	43	G	48A	V_loop	armless_trnY_wo_t.cm	True	T_OR_VAR_ARM_MISSING_slots=[2, 3]
mtdbD00031156|Tyr|GUA|Ascaris suum	44	A	48B	V_loop	armless_trnY_wo_t.cm	True	T_OR_VAR_ARM_MISSING_slots=[2, 3]
mtdbD00031156|Tyr|GUA|Ascaris suum	45	A	48C	V_loop	armless_trnY_wo_t.cm	True	T_OR_VAR_ARM_MISSING_slots=[2, 3]
mtdbD00031156|Tyr|GUA|Ascaris suum	46	U	48D	V_loop	armless_trnY_wo_t.cm	True	T_OR_VAR_ARM_MISSING_slots=[2, 3]
mtdbD00031156|Tyr|GUA|Ascaris suum	47	U	48E	V_loop	armless_trnY_wo_t.cm	True	T_OR_VAR_ARM_MISSING_slots=[2, 3]
mtdbD00031156|Tyr|GUA|Ascaris suum	48	U	48F	V_loop	armless_trnY_wo_t.cm	True	T_OR_VAR_ARM_MISSING_slots=[2, 3]
mtdbD00031156|Tyr|GUA|Ascaris suum	49	U	48G	V_loop	armless_trnY_wo_t.cm	True	T_OR_VAR_ARM_MISSING_slots=[2, 3]
mtdbD00031156|Tyr|GUA|Ascaris suum	50	U	66	acceptor_3	armless_trnY_wo_t.cm	True	T_OR_VAR_ARM_MISSING_slots=[2, 3]
mtdbD00031156|Tyr|GUA|Ascaris suum	51	U	67	acceptor_3	armless_trnY_wo_t.cm	True	T_OR_VAR_ARM_MISSING_slots=[2, 3]
mtdbD00031156|Tyr|GUA|Ascaris suum	52	C	68	acceptor_3	armless_trnY_wo_t.cm	True	T_OR_VAR_ARM_MISSING_slots=[2, 3]
mtdbD00031156|Tyr|GUA|Ascaris suum	53	U	69	acceptor_3	armless_trnY_wo_t.cm	True	T_OR_VAR_ARM_MISSING_slots=[2, 3]
mtdbD00031156|Tyr|GUA|Ascaris suum	54	U	70	acceptor_3	armless_trnY_wo_t.cm	True	T_OR_VAR_ARM_MISSING_slots=[2, 3]
mtdbD00031156|Tyr|GUA|Ascaris suum	55	U	71	acceptor_3	armless_trnY_wo_t.cm	True	T_OR_VAR_ARM_MISSING_slots=[2, 3]
mtdbD00031156|Tyr|GUA|Ascaris suum	56	U	72	acceptor_3	armless_trnY_wo_t.cm	True	T_OR_VAR_ARM_MISSING_slots=[2, 3]
mtdbD00031156|Tyr|GUA|Ascaris suum	57	G	73	discriminator_CCA	armless_trnY_wo_t.cm	True	T_OR_VAR_ARM_MISSING_slots=[2, 3]
mtdbD00031157|Leu2|UAA|Ascaris suum	0	G	1	acceptor_5	armless_trnL1_wo_t.cm	True	T_OR_VAR_ARM_MISSING_slots=[2, 3]
mtdbD00031157|Leu2|UAA|Ascaris suum	1	U	2	acceptor_5	armless_trnL1_wo_t.cm	True	T_OR_VAR_ARM_MISSING_slots=[2, 3]
mtdbD00031157|Leu2|UAA|Ascaris suum	2	U	3	acceptor_5	armless_trnL1_wo_t.cm	True	T_OR_VAR_ARM_MISSING_slots=[2, 3]
mtdbD00031157|Leu2|UAA|Ascaris suum	3	G	4	acceptor_5	armless_trnL1_wo_t.cm	True	T_OR_VAR_ARM_MISSING_slots=[2, 3]
mtdbD00031157|Leu2|UAA|Ascaris suum	4	U	5	acceptor_5	armless_trnL1_wo_t.cm	True	T_OR_VAR_ARM_MISSING_slots=[2, 3]
mtdbD00031157|Leu2|UAA|Ascaris suum	5	U	6	acceptor_5	armless_trnL1_wo_t.cm	True	T_OR_VAR_ARM_MISSING_slots=[2, 3]
mtdbD00031157|Leu2|UAA|Ascaris suum	6	A	7	acceptor_5	armless_trnL1_wo_t.cm	True	T_OR_VAR_ARM_MISSING_slots=[2, 3]
mtdbD00031157|Leu2|UAA|Ascaris suum	7	U	8	connector_AD	armless_trnL1_wo_t.cm	True	T_OR_VAR_ARM_MISSING_slots=[2, 3]
mtdbD00031157|Leu2|UAA|Ascaris suum	8	A	9	connector_AD	armless_trnL1_wo_t.cm	True	T_OR_VAR_ARM_MISSING_slots=[2, 3]
mtdbD00031157|Leu2|UAA|Ascaris suum	9	G	10	D_stem_5	armless_trnL1_wo_t.cm	True	T_OR_VAR_ARM_MISSING_slots=[2, 3]
mtdbD00031157|Leu2|UAA|Ascaris suum	10	C	11	D_stem_5	armless_trnL1_wo_t.cm	True	T_OR_VAR_ARM_MISSING_slots=[2, 3]
mtdbD00031157|Leu2|UAA|Ascaris suum	11	A	12	D_stem_5	armless_trnL1_wo_t.cm	True	T_OR_VAR_ARM_MISSING_slots=[2, 3]
mtdbD00031157|Leu2|UAA|Ascaris suum	12	U	13	D_stem_5	armless_trnL1_wo_t.cm	True	T_OR_VAR_ARM_MISSING_slots=[2, 3]
mtdbD00031157|Leu2|UAA|Ascaris suum	13	A	14	D_loop	armless_trnL1_wo_t.cm	True	T_OR_VAR_ARM_MISSING_slots=[2, 3]
mtdbD00031157|Leu2|UAA|Ascaris suum	14	A	15	D_loop	armless_trnL1_wo_t.cm	True	T_OR_VAR_ARM_MISSING_slots=[2, 3]
mtdbD00031157|Leu2|UAA|Ascaris suum	15	G	16	D_loop	armless_trnL1_wo_t.cm	True	T_OR_VAR_ARM_MISSING_slots=[2, 3]
mtdbD00031157|Leu2|UAA|Ascaris suum	16	A	17	D_loop	armless_trnL1_wo_t.cm	True	T_OR_VAR_ARM_MISSING_slots=[2, 3]
mtdbD00031157|Leu2|UAA|Ascaris suum	17	A	17a	D_loop	armless_trnL1_wo_t.cm	True	T_OR_VAR_ARM_MISSING_slots=[2, 3]
mtdbD00031157|Leu2|UAA|Ascaris suum	18	G	22	D_stem_3	armless_trnL1_wo_t.cm	True	T_OR_VAR_ARM_MISSING_slots=[2, 3]
mtdbD00031157|Leu2|UAA|Ascaris suum	19	U	23	D_stem_3	armless_trnL1_wo_t.cm	True	T_OR_VAR_ARM_MISSING_slots=[2, 3]
mtdbD00031157|Leu2|UAA|Ascaris suum	20	G	24	D_stem_3	armless_trnL1_wo_t.cm	True	T_OR_VAR_ARM_MISSING_slots=[2, 3]
mtdbD00031157|Leu2|UAA|Ascaris suum	21	C	25	D_stem_3	armless_trnL1_wo_t.cm	True	T_OR_VAR_ARM_MISSING_slots=[2, 3]
mtdbD00031157|Leu2|UAA|Ascaris suum	22	A	26	connector_DC	armless_trnL1_wo_t.cm	True	T_OR_VAR_ARM_MISSING_slots=[2, 3]
mtdbD00031157|Leu2|UAA|Ascaris suum	23	U	27	C_stem_5	armless_trnL1_wo_t.cm	True	T_OR_VAR_ARM_MISSING_slots=[2, 3]
mtdbD00031157|Leu2|UAA|Ascaris suum	24	U	28	C_stem_5	armless_trnL1_wo_t.cm	True	T_OR_VAR_ARM_MISSING_slots=[2, 3]
mtdbD00031157|Leu2|UAA|Ascaris suum	25	U	29	C_stem_5	armless_trnL1_wo_t.cm	True	T_OR_VAR_ARM_MISSING_slots=[2, 3]
mtdbD00031157|Leu2|UAA|Ascaris suum	26	G	30	C_stem_5	armless_trnL1_wo_t.cm	True	T_OR_VAR_ARM_MISSING_slots=[2, 3]
mtdbD00031157|Leu2|UAA|Ascaris suum	27	U	31	C_stem_5	armless_trnL1_wo_t.cm	True	T_OR_VAR_ARM_MISSING_slots=[2, 3]
mtdbD00031157|Leu2|UAA|Ascaris suum	28	U	32	C_loop	armless_trnL1_wo_t.cm	True	T_OR_VAR_ARM_MISSING_slots=[2, 3]
mtdbD00031157|Leu2|UAA|Ascaris suum	29	U	33	C_loop	armless_trnL1_wo_t.cm	True	T_OR_VAR_ARM_MISSING_slots=[2, 3]
mtdbD00031157|Leu2|UAA|Ascaris suum	30	U	34	C_loop	armless_trnL1_wo_t.cm	True	T_OR_VAR_ARM_MISSING_slots=[2, 3]
mtdbD00031157|Leu2|UAA|Ascaris suum	31	A	35	C_loop	armless_trnL1_wo_t.cm	True	T_OR_VAR_ARM_MISSING_slots=[2, 3]
mtdbD00031157|Leu2|UAA|Ascaris suum	32	A	36	C_loop	armless_trnL1_wo_t.cm	True	T_OR_VAR_ARM_MISSING_slots=[2, 3]
mtdbD00031157|Leu2|UAA|Ascaris suum	33	G	37	C_loop	armless_trnL1_wo_t.cm	True	T_OR_VAR_ARM_MISSING_slots=[2, 3]
mtdbD00031157|Leu2|UAA|Ascaris suum	34	C	38	C_loop	armless_trnL1_wo_t.cm	True	T_OR_VAR_ARM_MISSING_slots=[2, 3]
mtdbD00031157|Leu2|UAA|Ascaris suum	35	G	39	C_stem_3	armless_trnL1_wo_t.cm	True	T_OR_VAR_ARM_MISSING_slots=[2, 3]
mtdbD00031157|Leu2|UAA|Ascaris suum	36	U	44	V_loop	armless_trnL1_wo_t.cm	True	T_OR_VAR_ARM_MISSING_slots=[2, 3]
mtdbD00031157|Leu2|UAA|Ascaris suum	37	A	45	V_loop	armless_trnL1_wo_t.cm	True	T_OR_VAR_ARM_MISSING_slots=[2, 3]
mtdbD00031157|Leu2|UAA|Ascaris suum	38	A	46	V_loop	armless_trnL1_wo_t.cm	True	T_OR_VAR_ARM_MISSING_slots=[2, 3]
mtdbD00031157|Leu2|UAA|Ascaris suum	39	A	47	V_loop	armless_trnL1_wo_t.cm	True	T_OR_VAR_ARM_MISSING_slots=[2, 3]
mtdbD00031157|Leu2|UAA|Ascaris suum	40	A	48	V_loop	armless_trnL1_wo_t.cm	True	T_OR_VAR_ARM_MISSING_slots=[2, 3]
mtdbD00031157|Leu2|UAA|Ascaris suum	41	G	48A	V_loop	armless_trnL1_wo_t.cm	True	T_OR_VAR_ARM_MISSING_slots=[2, 3]
mtdbD00031157|Leu2|UAA|Ascaris suum	42	A	48B	V_loop	armless_trnL1_wo_t.cm	True	T_OR_VAR_ARM_MISSING_slots=[2, 3]
mtdbD00031157|Leu2|UAA|Ascaris suum	43	U	48C	V_loop	armless_trnL1_wo_t.cm	True	T_OR_VAR_ARM_MISSING_slots=[2, 3]
mtdbD00031157|Leu2|UAA|Ascaris suum	44	A	48D	V_loop	armless_trnL1_wo_t.cm	True	T_OR_VAR_ARM_MISSING_slots=[2, 3]
mtdbD00031157|Leu2|UAA|Ascaris suum	45	U	48E	V_loop	armless_trnL1_wo_t.cm	True	T_OR_VAR_ARM_MISSING_slots=[2, 3]
mtdbD00031157|Leu2|UAA|Ascaris suum	46	G	48F	V_loop	armless_trnL1_wo_t.cm	True	T_OR_VAR_ARM_MISSING_slots=[2, 3]
mtdbD00031157|Leu2|UAA|Ascaris suum	47	G	66	acceptor_3	armless_trnL1_wo_t.cm	True	T_OR_VAR_ARM_MISSING_slots=[2, 3]
mtdbD00031157|Leu2|UAA|Ascaris suum	48	G	67	acceptor_3	armless_trnL1_wo_t.cm	True	T_OR_VAR_ARM_MISSING_slots=[2, 3]
mtdbD00031157|Leu2|UAA|Ascaris suum	49	A	68	acceptor_3	armless_trnL1_wo_t.cm	True	T_OR_VAR_ARM_MISSING_slots=[2, 3]
mtdbD00031157|Leu2|UAA|Ascaris suum	50	C	69	acceptor_3	armless_trnL1_wo_t.cm	True	T_OR_VAR_ARM_MISSING_slots=[2, 3]
mtdbD00031157|Leu2|UAA|Ascaris suum	51	A	70	acceptor_3	armless_trnL1_wo_t.cm	True	T_OR_VAR_ARM_MISSING_slots=[2, 3]
mtdbD00031157|Leu2|UAA|Ascaris suum	52	A	71	acceptor_3	armless_trnL1_wo_t.cm	True	T_OR_VAR_ARM_MISSING_slots=[2, 3]
mtdbD00031157|Leu2|UAA|Ascaris suum	53	C	72	acceptor_3	armless_trnL1_wo_t.cm	True	T_OR_VAR_ARM_MISSING_slots=[2, 3]
mtdbD00031157|Leu2|UAA|Ascaris suum	54	U	73	discriminator_CCA	armless_trnL1_wo_t.cm	True	T_OR_VAR_ARM_MISSING_slots=[2, 3]
mtdbD00031158|Ile|GAU|Ascaris suum	0	A	1	acceptor_5	armless_trnI_wo_t.cm	True	T_OR_VAR_ARM_MISSING_slots=[2, 3]
mtdbD00031158|Ile|GAU|Ascaris suum	1	U	2	acceptor_5	armless_trnI_wo_t.cm	True	T_OR_VAR_ARM_MISSING_slots=[2, 3]
mtdbD00031158|Ile|GAU|Ascaris suum	2	U	3	acceptor_5	armless_trnI_wo_t.cm	True	T_OR_VAR_ARM_MISSING_slots=[2, 3]
mtdbD00031158|Ile|GAU|Ascaris suum	3	A	4	acceptor_5	armless_trnI_wo_t.cm	True	T_OR_VAR_ARM_MISSING_slots=[2, 3]
mtdbD00031158|Ile|GAU|Ascaris suum	4	U	5	acceptor_5	armless_trnI_wo_t.cm	True	T_OR_VAR_ARM_MISSING_slots=[2, 3]
mtdbD00031158|Ile|GAU|Ascaris suum	5	U	6	acceptor_5	armless_trnI_wo_t.cm	True	T_OR_VAR_ARM_MISSING_slots=[2, 3]
mtdbD00031158|Ile|GAU|Ascaris suum	6	U	7	acceptor_5	armless_trnI_wo_t.cm	True	T_OR_VAR_ARM_MISSING_slots=[2, 3]
mtdbD00031158|Ile|GAU|Ascaris suum	7	U	8	connector_AD	armless_trnI_wo_t.cm	True	T_OR_VAR_ARM_MISSING_slots=[2, 3]
mtdbD00031158|Ile|GAU|Ascaris suum	8	A	9	connector_AD	armless_trnI_wo_t.cm	True	T_OR_VAR_ARM_MISSING_slots=[2, 3]
mtdbD00031158|Ile|GAU|Ascaris suum	9	G	10	D_stem_5	armless_trnI_wo_t.cm	True	T_OR_VAR_ARM_MISSING_slots=[2, 3]
mtdbD00031158|Ile|GAU|Ascaris suum	10	U	11	D_stem_5	armless_trnI_wo_t.cm	True	T_OR_VAR_ARM_MISSING_slots=[2, 3]
mtdbD00031158|Ile|GAU|Ascaris suum	11	A	12	D_stem_5	armless_trnI_wo_t.cm	True	T_OR_VAR_ARM_MISSING_slots=[2, 3]
mtdbD00031158|Ile|GAU|Ascaris suum	12	A	13	D_stem_5	armless_trnI_wo_t.cm	True	T_OR_VAR_ARM_MISSING_slots=[2, 3]
mtdbD00031158|Ile|GAU|Ascaris suum	13	A	14	D_loop	armless_trnI_wo_t.cm	True	T_OR_VAR_ARM_MISSING_slots=[2, 3]
mtdbD00031158|Ile|GAU|Ascaris suum	14	A	15	D_loop	armless_trnI_wo_t.cm	True	T_OR_VAR_ARM_MISSING_slots=[2, 3]
mtdbD00031158|Ile|GAU|Ascaris suum	15	U	16	D_loop	armless_trnI_wo_t.cm	True	T_OR_VAR_ARM_MISSING_slots=[2, 3]
mtdbD00031158|Ile|GAU|Ascaris suum	16	U	17	D_loop	armless_trnI_wo_t.cm	True	T_OR_VAR_ARM_MISSING_slots=[2, 3]
mtdbD00031158|Ile|GAU|Ascaris suum	17	U	17a	D_loop	armless_trnI_wo_t.cm	True	T_OR_VAR_ARM_MISSING_slots=[2, 3]
mtdbD00031158|Ile|GAU|Ascaris suum	18	U	18	D_loop	armless_trnI_wo_t.cm	True	T_OR_VAR_ARM_MISSING_slots=[2, 3]
mtdbD00031158|Ile|GAU|Ascaris suum	19	A	19	D_loop	armless_trnI_wo_t.cm	True	T_OR_VAR_ARM_MISSING_slots=[2, 3]
mtdbD00031158|Ile|GAU|Ascaris suum	20	U	22	D_stem_3	armless_trnI_wo_t.cm	True	T_OR_VAR_ARM_MISSING_slots=[2, 3]
mtdbD00031158|Ile|GAU|Ascaris suum	21	U	23	D_stem_3	armless_trnI_wo_t.cm	True	T_OR_VAR_ARM_MISSING_slots=[2, 3]
mtdbD00031158|Ile|GAU|Ascaris suum	22	A	24	D_stem_3	armless_trnI_wo_t.cm	True	T_OR_VAR_ARM_MISSING_slots=[2, 3]
mtdbD00031158|Ile|GAU|Ascaris suum	23	U	25	D_stem_3	armless_trnI_wo_t.cm	True	T_OR_VAR_ARM_MISSING_slots=[2, 3]
mtdbD00031158|Ile|GAU|Ascaris suum	24	G	26	connector_DC	armless_trnI_wo_t.cm	True	T_OR_VAR_ARM_MISSING_slots=[2, 3]
mtdbD00031158|Ile|GAU|Ascaris suum	25	U	27	C_stem_5	armless_trnI_wo_t.cm	True	T_OR_VAR_ARM_MISSING_slots=[2, 3]
mtdbD00031158|Ile|GAU|Ascaris suum	26	C	28	C_stem_5	armless_trnI_wo_t.cm	True	T_OR_VAR_ARM_MISSING_slots=[2, 3]
mtdbD00031158|Ile|GAU|Ascaris suum	27	G	29	C_stem_5	armless_trnI_wo_t.cm	True	T_OR_VAR_ARM_MISSING_slots=[2, 3]
mtdbD00031158|Ile|GAU|Ascaris suum	28	U	30	C_stem_5	armless_trnI_wo_t.cm	True	T_OR_VAR_ARM_MISSING_slots=[2, 3]
mtdbD00031158|Ile|GAU|Ascaris suum	29	C	31	C_stem_5	armless_trnI_wo_t.cm	True	T_OR_VAR_ARM_MISSING_slots=[2, 3]
mtdbD00031158|Ile|GAU|Ascaris suum	30	U	32	C_loop	armless_trnI_wo_t.cm	True	T_OR_VAR_ARM_MISSING_slots=[2, 3]
mtdbD00031158|Ile|GAU|Ascaris suum	31	U	33	C_loop	armless_trnI_wo_t.cm	True	T_OR_VAR_ARM_MISSING_slots=[2, 3]
mtdbD00031158|Ile|GAU|Ascaris suum	32	G	34	C_loop	armless_trnI_wo_t.cm	True	T_OR_VAR_ARM_MISSING_slots=[2, 3]
mtdbD00031158|Ile|GAU|Ascaris suum	33	A	35	C_loop	armless_trnI_wo_t.cm	True	T_OR_VAR_ARM_MISSING_slots=[2, 3]
mtdbD00031158|Ile|GAU|Ascaris suum	34	U	36	C_loop	armless_trnI_wo_t.cm	True	T_OR_VAR_ARM_MISSING_slots=[2, 3]
mtdbD00031158|Ile|GAU|Ascaris suum	35	A	37	C_loop	armless_trnI_wo_t.cm	True	T_OR_VAR_ARM_MISSING_slots=[2, 3]
mtdbD00031158|Ile|GAU|Ascaris suum	36	A	38	C_loop	armless_trnI_wo_t.cm	True	T_OR_VAR_ARM_MISSING_slots=[2, 3]
mtdbD00031158|Ile|GAU|Ascaris suum	37	G	39	C_stem_3	armless_trnI_wo_t.cm	True	T_OR_VAR_ARM_MISSING_slots=[2, 3]
mtdbD00031158|Ile|GAU|Ascaris suum	38	G	44	V_loop	armless_trnI_wo_t.cm	True	T_OR_VAR_ARM_MISSING_slots=[2, 3]
mtdbD00031158|Ile|GAU|Ascaris suum	39	C	45	V_loop	armless_trnI_wo_t.cm	True	T_OR_VAR_ARM_MISSING_slots=[2, 3]
mtdbD00031158|Ile|GAU|Ascaris suum	40	G	46	V_loop	armless_trnI_wo_t.cm	True	T_OR_VAR_ARM_MISSING_slots=[2, 3]
mtdbD00031158|Ile|GAU|Ascaris suum	41	G	47	V_loop	armless_trnI_wo_t.cm	True	T_OR_VAR_ARM_MISSING_slots=[2, 3]
mtdbD00031158|Ile|GAU|Ascaris suum	42	A	48	V_loop	armless_trnI_wo_t.cm	True	T_OR_VAR_ARM_MISSING_slots=[2, 3]
mtdbD00031158|Ile|GAU|Ascaris suum	43	G	48A	V_loop	armless_trnI_wo_t.cm	True	T_OR_VAR_ARM_MISSING_slots=[2, 3]
mtdbD00031158|Ile|GAU|Ascaris suum	44	U	48B	V_loop	armless_trnI_wo_t.cm	True	T_OR_VAR_ARM_MISSING_slots=[2, 3]
mtdbD00031158|Ile|GAU|Ascaris suum	45	U	48C	V_loop	armless_trnI_wo_t.cm	True	T_OR_VAR_ARM_MISSING_slots=[2, 3]
mtdbD00031158|Ile|GAU|Ascaris suum	46	C	48D	V_loop	armless_trnI_wo_t.cm	True	T_OR_VAR_ARM_MISSING_slots=[2, 3]
mtdbD00031158|Ile|GAU|Ascaris suum	47	U	48E	V_loop	armless_trnI_wo_t.cm	True	T_OR_VAR_ARM_MISSING_slots=[2, 3]
mtdbD00031158|Ile|GAU|Ascaris suum	48	U	48F	V_loop	armless_trnI_wo_t.cm	True	T_OR_VAR_ARM_MISSING_slots=[2, 3]
mtdbD00031158|Ile|GAU|Ascaris suum	49	U	48G	V_loop	armless_trnI_wo_t.cm	True	T_OR_VAR_ARM_MISSING_slots=[2, 3]
mtdbD00031158|Ile|GAU|Ascaris suum	50	U	48H	V_loop	armless_trnI_wo_t.cm	True	T_OR_VAR_ARM_MISSING_slots=[2, 3]
mtdbD00031158|Ile|GAU|Ascaris suum	51	U	48I	V_loop	armless_trnI_wo_t.cm	True	T_OR_VAR_ARM_MISSING_slots=[2, 3]
mtdbD00031158|Ile|GAU|Ascaris suum	52	G	48J	V_loop	armless_trnI_wo_t.cm	True	T_OR_VAR_ARM_MISSING_slots=[2, 3]
mtdbD00031158|Ile|GAU|Ascaris suum	53	A	66	acceptor_3	armless_trnI_wo_t.cm	True	T_OR_VAR_ARM_MISSING_slots=[2, 3]
mtdbD00031158|Ile|GAU|Ascaris suum	54	A	67	acceptor_3	armless_trnI_wo_t.cm	True	T_OR_VAR_ARM_MISSING_slots=[2, 3]
mtdbD00031158|Ile|GAU|Ascaris suum	55	A	68	acceptor_3	armless_trnI_wo_t.cm	True	T_OR_VAR_ARM_MISSING_slots=[2, 3]
mtdbD00031158|Ile|GAU|Ascaris suum	56	U	69	acceptor_3	armless_trnI_wo_t.cm	True	T_OR_VAR_ARM_MISSING_slots=[2, 3]
mtdbD00031158|Ile|GAU|Ascaris suum	57	A	70	acceptor_3	armless_trnI_wo_t.cm	True	T_OR_VAR_ARM_MISSING_slots=[2, 3]
mtdbD00031158|Ile|GAU|Ascaris suum	58	A	71	acceptor_3	armless_trnI_wo_t.cm	True	T_OR_VAR_ARM_MISSING_slots=[2, 3]
mtdbD00031158|Ile|GAU|Ascaris suum	59	U	72	acceptor_3	armless_trnI_wo_t.cm	True	T_OR_VAR_ARM_MISSING_slots=[2, 3]
mtdbD00031158|Ile|GAU|Ascaris suum	60	A	73	discriminator_CCA	armless_trnI_wo_t.cm	True	T_OR_VAR_ARM_MISSING_slots=[2, 3]
mtdbD00031159|Phe|GAA|Ascaris suum	0	A	1	acceptor_5	armless_trnF_wo_t.cm	True	T_OR_VAR_ARM_MISSING_slots=[2, 3]
mtdbD00031159|Phe|GAA|Ascaris suum	1	C	2	acceptor_5	armless_trnF_wo_t.cm	True	T_OR_VAR_ARM_MISSING_slots=[2, 3]
mtdbD00031159|Phe|GAA|Ascaris suum	2	U	3	acceptor_5	armless_trnF_wo_t.cm	True	T_OR_VAR_ARM_MISSING_slots=[2, 3]
mtdbD00031159|Phe|GAA|Ascaris suum	3	C	4	acceptor_5	armless_trnF_wo_t.cm	True	T_OR_VAR_ARM_MISSING_slots=[2, 3]
mtdbD00031159|Phe|GAA|Ascaris suum	4	U	5	acceptor_5	armless_trnF_wo_t.cm	True	T_OR_VAR_ARM_MISSING_slots=[2, 3]
mtdbD00031159|Phe|GAA|Ascaris suum	5	G	6	acceptor_5	armless_trnF_wo_t.cm	True	T_OR_VAR_ARM_MISSING_slots=[2, 3]
mtdbD00031159|Phe|GAA|Ascaris suum	6	U	7	acceptor_5	armless_trnF_wo_t.cm	True	T_OR_VAR_ARM_MISSING_slots=[2, 3]
mtdbD00031159|Phe|GAA|Ascaris suum	7	U	8	connector_AD	armless_trnF_wo_t.cm	True	T_OR_VAR_ARM_MISSING_slots=[2, 3]
mtdbD00031159|Phe|GAA|Ascaris suum	8	A	9	connector_AD	armless_trnF_wo_t.cm	True	T_OR_VAR_ARM_MISSING_slots=[2, 3]
mtdbD00031159|Phe|GAA|Ascaris suum	9	G	10	D_stem_5	armless_trnF_wo_t.cm	True	T_OR_VAR_ARM_MISSING_slots=[2, 3]
mtdbD00031159|Phe|GAA|Ascaris suum	10	U	11	D_stem_5	armless_trnF_wo_t.cm	True	T_OR_VAR_ARM_MISSING_slots=[2, 3]
mtdbD00031159|Phe|GAA|Ascaris suum	11	U	12	D_stem_5	armless_trnF_wo_t.cm	True	T_OR_VAR_ARM_MISSING_slots=[2, 3]
mtdbD00031159|Phe|GAA|Ascaris suum	12	U	13	D_stem_5	armless_trnF_wo_t.cm	True	T_OR_VAR_ARM_MISSING_slots=[2, 3]
mtdbD00031159|Phe|GAA|Ascaris suum	13	A	14	D_loop	armless_trnF_wo_t.cm	True	T_OR_VAR_ARM_MISSING_slots=[2, 3]
mtdbD00031159|Phe|GAA|Ascaris suum	14	U	15	D_loop	armless_trnF_wo_t.cm	True	T_OR_VAR_ARM_MISSING_slots=[2, 3]
mtdbD00031159|Phe|GAA|Ascaris suum	15	G	16	D_loop	armless_trnF_wo_t.cm	True	T_OR_VAR_ARM_MISSING_slots=[2, 3]
mtdbD00031159|Phe|GAA|Ascaris suum	16	U	17	D_loop	armless_trnF_wo_t.cm	True	T_OR_VAR_ARM_MISSING_slots=[2, 3]
mtdbD00031159|Phe|GAA|Ascaris suum	17	U	17a	D_loop	armless_trnF_wo_t.cm	True	T_OR_VAR_ARM_MISSING_slots=[2, 3]
mtdbD00031159|Phe|GAA|Ascaris suum	18	U	18	D_loop	armless_trnF_wo_t.cm	True	T_OR_VAR_ARM_MISSING_slots=[2, 3]
mtdbD00031159|Phe|GAA|Ascaris suum	19	U	19	D_loop	armless_trnF_wo_t.cm	True	T_OR_VAR_ARM_MISSING_slots=[2, 3]
mtdbD00031159|Phe|GAA|Ascaris suum	20	A	20	D_loop	armless_trnF_wo_t.cm	True	T_OR_VAR_ARM_MISSING_slots=[2, 3]
mtdbD00031159|Phe|GAA|Ascaris suum	21	A	22	D_stem_3	armless_trnF_wo_t.cm	True	T_OR_VAR_ARM_MISSING_slots=[2, 3]
mtdbD00031159|Phe|GAA|Ascaris suum	22	A	23	D_stem_3	armless_trnF_wo_t.cm	True	T_OR_VAR_ARM_MISSING_slots=[2, 3]
mtdbD00031159|Phe|GAA|Ascaris suum	23	A	24	D_stem_3	armless_trnF_wo_t.cm	True	T_OR_VAR_ARM_MISSING_slots=[2, 3]
mtdbD00031159|Phe|GAA|Ascaris suum	24	U	25	D_stem_3	armless_trnF_wo_t.cm	True	T_OR_VAR_ARM_MISSING_slots=[2, 3]
mtdbD00031159|Phe|GAA|Ascaris suum	25	A	26	connector_DC	armless_trnF_wo_t.cm	True	T_OR_VAR_ARM_MISSING_slots=[2, 3]
mtdbD00031159|Phe|GAA|Ascaris suum	26	U	27	C_stem_5	armless_trnF_wo_t.cm	True	T_OR_VAR_ARM_MISSING_slots=[2, 3]
mtdbD00031159|Phe|GAA|Ascaris suum	27	G	28	C_stem_5	armless_trnF_wo_t.cm	True	T_OR_VAR_ARM_MISSING_slots=[2, 3]
mtdbD00031159|Phe|GAA|Ascaris suum	28	A	29	C_stem_5	armless_trnF_wo_t.cm	True	T_OR_VAR_ARM_MISSING_slots=[2, 3]
mtdbD00031159|Phe|GAA|Ascaris suum	29	C	30	C_stem_5	armless_trnF_wo_t.cm	True	T_OR_VAR_ARM_MISSING_slots=[2, 3]
mtdbD00031159|Phe|GAA|Ascaris suum	30	U	31	C_stem_5	armless_trnF_wo_t.cm	True	T_OR_VAR_ARM_MISSING_slots=[2, 3]
mtdbD00031159|Phe|GAA|Ascaris suum	31	U	32	C_loop	armless_trnF_wo_t.cm	True	T_OR_VAR_ARM_MISSING_slots=[2, 3]
mtdbD00031159|Phe|GAA|Ascaris suum	32	U	33	C_loop	armless_trnF_wo_t.cm	True	T_OR_VAR_ARM_MISSING_slots=[2, 3]
mtdbD00031159|Phe|GAA|Ascaris suum	33	G	34	C_loop	armless_trnF_wo_t.cm	True	T_OR_VAR_ARM_MISSING_slots=[2, 3]
mtdbD00031159|Phe|GAA|Ascaris suum	34	A	35	C_loop	armless_trnF_wo_t.cm	True	T_OR_VAR_ARM_MISSING_slots=[2, 3]
mtdbD00031159|Phe|GAA|Ascaris suum	35	A	36	C_loop	armless_trnF_wo_t.cm	True	T_OR_VAR_ARM_MISSING_slots=[2, 3]
mtdbD00031159|Phe|GAA|Ascaris suum	36	G	37	C_loop	armless_trnF_wo_t.cm	True	T_OR_VAR_ARM_MISSING_slots=[2, 3]
mtdbD00031159|Phe|GAA|Ascaris suum	37	A	38	C_loop	armless_trnF_wo_t.cm	True	T_OR_VAR_ARM_MISSING_slots=[2, 3]
mtdbD00031159|Phe|GAA|Ascaris suum	38	A	39	C_stem_3	armless_trnF_wo_t.cm	True	T_OR_VAR_ARM_MISSING_slots=[2, 3]
mtdbD00031159|Phe|GAA|Ascaris suum	39	G	44	V_loop	armless_trnF_wo_t.cm	True	T_OR_VAR_ARM_MISSING_slots=[2, 3]
mtdbD00031159|Phe|GAA|Ascaris suum	40	U	45	V_loop	armless_trnF_wo_t.cm	True	T_OR_VAR_ARM_MISSING_slots=[2, 3]
mtdbD00031159|Phe|GAA|Ascaris suum	41	U	46	V_loop	armless_trnF_wo_t.cm	True	T_OR_VAR_ARM_MISSING_slots=[2, 3]
mtdbD00031159|Phe|GAA|Ascaris suum	42	G	47	V_loop	armless_trnF_wo_t.cm	True	T_OR_VAR_ARM_MISSING_slots=[2, 3]
mtdbD00031159|Phe|GAA|Ascaris suum	43	G	48	V_loop	armless_trnF_wo_t.cm	True	T_OR_VAR_ARM_MISSING_slots=[2, 3]
mtdbD00031159|Phe|GAA|Ascaris suum	44	G	48A	V_loop	armless_trnF_wo_t.cm	True	T_OR_VAR_ARM_MISSING_slots=[2, 3]
mtdbD00031159|Phe|GAA|Ascaris suum	45	A	48B	V_loop	armless_trnF_wo_t.cm	True	T_OR_VAR_ARM_MISSING_slots=[2, 3]
mtdbD00031159|Phe|GAA|Ascaris suum	46	A	48C	V_loop	armless_trnF_wo_t.cm	True	T_OR_VAR_ARM_MISSING_slots=[2, 3]
mtdbD00031159|Phe|GAA|Ascaris suum	47	A	48D	V_loop	armless_trnF_wo_t.cm	True	T_OR_VAR_ARM_MISSING_slots=[2, 3]
mtdbD00031159|Phe|GAA|Ascaris suum	48	U	48E	V_loop	armless_trnF_wo_t.cm	True	T_OR_VAR_ARM_MISSING_slots=[2, 3]
mtdbD00031159|Phe|GAA|Ascaris suum	49	G	48F	V_loop	armless_trnF_wo_t.cm	True	T_OR_VAR_ARM_MISSING_slots=[2, 3]
mtdbD00031159|Phe|GAA|Ascaris suum	50	U	48G	V_loop	armless_trnF_wo_t.cm	True	T_OR_VAR_ARM_MISSING_slots=[2, 3]
mtdbD00031159|Phe|GAA|Ascaris suum	51	U	66	acceptor_3	armless_trnF_wo_t.cm	True	T_OR_VAR_ARM_MISSING_slots=[2, 3]
mtdbD00031159|Phe|GAA|Ascaris suum	52	A	67	acceptor_3	armless_trnF_wo_t.cm	True	T_OR_VAR_ARM_MISSING_slots=[2, 3]
mtdbD00031159|Phe|GAA|Ascaris suum	53	G	68	acceptor_3	armless_trnF_wo_t.cm	True	T_OR_VAR_ARM_MISSING_slots=[2, 3]
mtdbD00031159|Phe|GAA|Ascaris suum	54	G	69	acceptor_3	armless_trnF_wo_t.cm	True	T_OR_VAR_ARM_MISSING_slots=[2, 3]
mtdbD00031159|Phe|GAA|Ascaris suum	55	A	70	acceptor_3	armless_trnF_wo_t.cm	True	T_OR_VAR_ARM_MISSING_slots=[2, 3]
mtdbD00031159|Phe|GAA|Ascaris suum	56	G	71	acceptor_3	armless_trnF_wo_t.cm	True	T_OR_VAR_ARM_MISSING_slots=[2, 3]
mtdbD00031159|Phe|GAA|Ascaris suum	57	U	72	acceptor_3	armless_trnF_wo_t.cm	True	T_OR_VAR_ARM_MISSING_slots=[2, 3]
mtdbD00031159|Phe|GAA|Ascaris suum	58	G	73	discriminator_CCA	armless_trnF_wo_t.cm	True	T_OR_VAR_ARM_MISSING_slots=[2, 3]
mtdbD00031160|Cys|GCA|Ascaris suum	0	G	1	acceptor_5	armless_trnC_wo_t.cm	True	T_OR_VAR_ARM_MISSING_slots=[2, 3]
mtdbD00031160|Cys|GCA|Ascaris suum	1	A	2	acceptor_5	armless_trnC_wo_t.cm	True	T_OR_VAR_ARM_MISSING_slots=[2, 3]
mtdbD00031160|Cys|GCA|Ascaris suum	2	G	3	acceptor_5	armless_trnC_wo_t.cm	True	T_OR_VAR_ARM_MISSING_slots=[2, 3]
mtdbD00031160|Cys|GCA|Ascaris suum	3	U	4	acceptor_5	armless_trnC_wo_t.cm	True	T_OR_VAR_ARM_MISSING_slots=[2, 3]
mtdbD00031160|Cys|GCA|Ascaris suum	4	C	5	acceptor_5	armless_trnC_wo_t.cm	True	T_OR_VAR_ARM_MISSING_slots=[2, 3]
mtdbD00031160|Cys|GCA|Ascaris suum	5	U	6	acceptor_5	armless_trnC_wo_t.cm	True	T_OR_VAR_ARM_MISSING_slots=[2, 3]
mtdbD00031160|Cys|GCA|Ascaris suum	6	U	7	acceptor_5	armless_trnC_wo_t.cm	True	T_OR_VAR_ARM_MISSING_slots=[2, 3]
mtdbD00031160|Cys|GCA|Ascaris suum	7	U	8	connector_AD	armless_trnC_wo_t.cm	True	T_OR_VAR_ARM_MISSING_slots=[2, 3]
mtdbD00031160|Cys|GCA|Ascaris suum	8	A	9	connector_AD	armless_trnC_wo_t.cm	True	T_OR_VAR_ARM_MISSING_slots=[2, 3]
mtdbD00031160|Cys|GCA|Ascaris suum	9	G	10	D_stem_5	armless_trnC_wo_t.cm	True	T_OR_VAR_ARM_MISSING_slots=[2, 3]
mtdbD00031160|Cys|GCA|Ascaris suum	10	U	11	D_stem_5	armless_trnC_wo_t.cm	True	T_OR_VAR_ARM_MISSING_slots=[2, 3]
mtdbD00031160|Cys|GCA|Ascaris suum	11	A	12	D_stem_5	armless_trnC_wo_t.cm	True	T_OR_VAR_ARM_MISSING_slots=[2, 3]
mtdbD00031160|Cys|GCA|Ascaris suum	12	U	13	D_stem_5	armless_trnC_wo_t.cm	True	T_OR_VAR_ARM_MISSING_slots=[2, 3]
mtdbD00031160|Cys|GCA|Ascaris suum	13	A	14	D_loop	armless_trnC_wo_t.cm	True	T_OR_VAR_ARM_MISSING_slots=[2, 3]
mtdbD00031160|Cys|GCA|Ascaris suum	14	U	15	D_loop	armless_trnC_wo_t.cm	True	T_OR_VAR_ARM_MISSING_slots=[2, 3]
mtdbD00031160|Cys|GCA|Ascaris suum	15	U	16	D_loop	armless_trnC_wo_t.cm	True	T_OR_VAR_ARM_MISSING_slots=[2, 3]
mtdbD00031160|Cys|GCA|Ascaris suum	16	U	17	D_loop	armless_trnC_wo_t.cm	True	T_OR_VAR_ARM_MISSING_slots=[2, 3]
mtdbD00031160|Cys|GCA|Ascaris suum	17	U	17a	D_loop	armless_trnC_wo_t.cm	True	T_OR_VAR_ARM_MISSING_slots=[2, 3]
mtdbD00031160|Cys|GCA|Ascaris suum	18	U	18	D_loop	armless_trnC_wo_t.cm	True	T_OR_VAR_ARM_MISSING_slots=[2, 3]
mtdbD00031160|Cys|GCA|Ascaris suum	19	A	19	D_loop	armless_trnC_wo_t.cm	True	T_OR_VAR_ARM_MISSING_slots=[2, 3]
mtdbD00031160|Cys|GCA|Ascaris suum	20	G	22	D_stem_3	armless_trnC_wo_t.cm	True	T_OR_VAR_ARM_MISSING_slots=[2, 3]
mtdbD00031160|Cys|GCA|Ascaris suum	21	U	23	D_stem_3	armless_trnC_wo_t.cm	True	T_OR_VAR_ARM_MISSING_slots=[2, 3]
mtdbD00031160|Cys|GCA|Ascaris suum	22	A	24	D_stem_3	armless_trnC_wo_t.cm	True	T_OR_VAR_ARM_MISSING_slots=[2, 3]
mtdbD00031160|Cys|GCA|Ascaris suum	23	U	25	D_stem_3	armless_trnC_wo_t.cm	True	T_OR_VAR_ARM_MISSING_slots=[2, 3]
mtdbD00031160|Cys|GCA|Ascaris suum	24	G	26	connector_DC	armless_trnC_wo_t.cm	True	T_OR_VAR_ARM_MISSING_slots=[2, 3]
mtdbD00031160|Cys|GCA|Ascaris suum	25	C	27	C_stem_5	armless_trnC_wo_t.cm	True	T_OR_VAR_ARM_MISSING_slots=[2, 3]
mtdbD00031160|Cys|GCA|Ascaris suum	26	U	28	C_stem_5	armless_trnC_wo_t.cm	True	T_OR_VAR_ARM_MISSING_slots=[2, 3]
mtdbD00031160|Cys|GCA|Ascaris suum	27	U	29	C_stem_5	armless_trnC_wo_t.cm	True	T_OR_VAR_ARM_MISSING_slots=[2, 3]
mtdbD00031160|Cys|GCA|Ascaris suum	28	A	30	C_stem_5	armless_trnC_wo_t.cm	True	T_OR_VAR_ARM_MISSING_slots=[2, 3]
mtdbD00031160|Cys|GCA|Ascaris suum	29	A	31	C_stem_5	armless_trnC_wo_t.cm	True	T_OR_VAR_ARM_MISSING_slots=[2, 3]
mtdbD00031160|Cys|GCA|Ascaris suum	30	U	32	C_loop	armless_trnC_wo_t.cm	True	T_OR_VAR_ARM_MISSING_slots=[2, 3]
mtdbD00031160|Cys|GCA|Ascaris suum	31	U	33	C_loop	armless_trnC_wo_t.cm	True	T_OR_VAR_ARM_MISSING_slots=[2, 3]
mtdbD00031160|Cys|GCA|Ascaris suum	32	G	34	C_loop	armless_trnC_wo_t.cm	True	T_OR_VAR_ARM_MISSING_slots=[2, 3]
mtdbD00031160|Cys|GCA|Ascaris suum	33	C	35	C_loop	armless_trnC_wo_t.cm	True	T_OR_VAR_ARM_MISSING_slots=[2, 3]
mtdbD00031160|Cys|GCA|Ascaris suum	34	A	36	C_loop	armless_trnC_wo_t.cm	True	T_OR_VAR_ARM_MISSING_slots=[2, 3]
mtdbD00031160|Cys|GCA|Ascaris suum	35	G	37	C_loop	armless_trnC_wo_t.cm	True	T_OR_VAR_ARM_MISSING_slots=[2, 3]
mtdbD00031160|Cys|GCA|Ascaris suum	36	A	38	C_loop	armless_trnC_wo_t.cm	True	T_OR_VAR_ARM_MISSING_slots=[2, 3]
mtdbD00031160|Cys|GCA|Ascaris suum	37	U	39	C_stem_3	armless_trnC_wo_t.cm	True	T_OR_VAR_ARM_MISSING_slots=[2, 3]
mtdbD00031160|Cys|GCA|Ascaris suum	38	U	44	V_loop	armless_trnC_wo_t.cm	True	T_OR_VAR_ARM_MISSING_slots=[2, 3]
mtdbD00031160|Cys|GCA|Ascaris suum	39	A	45	V_loop	armless_trnC_wo_t.cm	True	T_OR_VAR_ARM_MISSING_slots=[2, 3]
mtdbD00031160|Cys|GCA|Ascaris suum	40	G	46	V_loop	armless_trnC_wo_t.cm	True	T_OR_VAR_ARM_MISSING_slots=[2, 3]
mtdbD00031160|Cys|GCA|Ascaris suum	41	G	47	V_loop	armless_trnC_wo_t.cm	True	T_OR_VAR_ARM_MISSING_slots=[2, 3]
mtdbD00031160|Cys|GCA|Ascaris suum	42	U	48	V_loop	armless_trnC_wo_t.cm	True	T_OR_VAR_ARM_MISSING_slots=[2, 3]
mtdbD00031160|Cys|GCA|Ascaris suum	43	G	48A	V_loop	armless_trnC_wo_t.cm	True	T_OR_VAR_ARM_MISSING_slots=[2, 3]
mtdbD00031160|Cys|GCA|Ascaris suum	44	G	48B	V_loop	armless_trnC_wo_t.cm	True	T_OR_VAR_ARM_MISSING_slots=[2, 3]
mtdbD00031160|Cys|GCA|Ascaris suum	45	A	48C	V_loop	armless_trnC_wo_t.cm	True	T_OR_VAR_ARM_MISSING_slots=[2, 3]
mtdbD00031160|Cys|GCA|Ascaris suum	46	U	48D	V_loop	armless_trnC_wo_t.cm	True	T_OR_VAR_ARM_MISSING_slots=[2, 3]
mtdbD00031160|Cys|GCA|Ascaris suum	47	U	48E	V_loop	armless_trnC_wo_t.cm	True	T_OR_VAR_ARM_MISSING_slots=[2, 3]
mtdbD00031160|Cys|GCA|Ascaris suum	48	U	48F	V_loop	armless_trnC_wo_t.cm	True	T_OR_VAR_ARM_MISSING_slots=[2, 3]
mtdbD00031160|Cys|GCA|Ascaris suum	49	G	48G	V_loop	armless_trnC_wo_t.cm	True	T_OR_VAR_ARM_MISSING_slots=[2, 3]
mtdbD00031160|Cys|GCA|Ascaris suum	50	U	66	acceptor_3	armless_trnC_wo_t.cm	True	T_OR_VAR_ARM_MISSING_slots=[2, 3]
mtdbD00031160|Cys|GCA|Ascaris suum	51	G	67	acceptor_3	armless_trnC_wo_t.cm	True	T_OR_VAR_ARM_MISSING_slots=[2, 3]
mtdbD00031160|Cys|GCA|Ascaris suum	52	G	68	acceptor_3	armless_trnC_wo_t.cm	True	T_OR_VAR_ARM_MISSING_slots=[2, 3]
mtdbD00031160|Cys|GCA|Ascaris suum	53	G	69	acceptor_3	armless_trnC_wo_t.cm	True	T_OR_VAR_ARM_MISSING_slots=[2, 3]
mtdbD00031160|Cys|GCA|Ascaris suum	54	C	70	acceptor_3	armless_trnC_wo_t.cm	True	T_OR_VAR_ARM_MISSING_slots=[2, 3]
mtdbD00031160|Cys|GCA|Ascaris suum	55	U	71	acceptor_3	armless_trnC_wo_t.cm	True	T_OR_VAR_ARM_MISSING_slots=[2, 3]
mtdbD00031160|Cys|GCA|Ascaris suum	56	U	72	acceptor_3	armless_trnC_wo_t.cm	True	T_OR_VAR_ARM_MISSING_slots=[2, 3]
mtdbD00031160|Cys|GCA|Ascaris suum	57	U	73	discriminator_CCA	armless_trnC_wo_t.cm	True	T_OR_VAR_ARM_MISSING_slots=[2, 3]
mtdbD00031162|Asp|GUC|Ascaris suum	0	A	1	acceptor_5	armless_trnD_wo_t.cm	True	T_OR_VAR_ARM_MISSING_slots=[2, 3]
mtdbD00031162|Asp|GUC|Ascaris suum	1	A	2	acceptor_5	armless_trnD_wo_t.cm	True	T_OR_VAR_ARM_MISSING_slots=[2, 3]
mtdbD00031162|Asp|GUC|Ascaris suum	2	A	3	acceptor_5	armless_trnD_wo_t.cm	True	T_OR_VAR_ARM_MISSING_slots=[2, 3]
mtdbD00031162|Asp|GUC|Ascaris suum	3	A	4	acceptor_5	armless_trnD_wo_t.cm	True	T_OR_VAR_ARM_MISSING_slots=[2, 3]
mtdbD00031162|Asp|GUC|Ascaris suum	4	C	5	acceptor_5	armless_trnD_wo_t.cm	True	T_OR_VAR_ARM_MISSING_slots=[2, 3]
mtdbD00031162|Asp|GUC|Ascaris suum	5	U	6	acceptor_5	armless_trnD_wo_t.cm	True	T_OR_VAR_ARM_MISSING_slots=[2, 3]
mtdbD00031162|Asp|GUC|Ascaris suum	6	A	7	acceptor_5	armless_trnD_wo_t.cm	True	T_OR_VAR_ARM_MISSING_slots=[2, 3]
mtdbD00031162|Asp|GUC|Ascaris suum	7	U	8	connector_AD	armless_trnD_wo_t.cm	True	T_OR_VAR_ARM_MISSING_slots=[2, 3]
mtdbD00031162|Asp|GUC|Ascaris suum	8	A	9	connector_AD	armless_trnD_wo_t.cm	True	T_OR_VAR_ARM_MISSING_slots=[2, 3]
mtdbD00031162|Asp|GUC|Ascaris suum	9	G	10	D_stem_5	armless_trnD_wo_t.cm	True	T_OR_VAR_ARM_MISSING_slots=[2, 3]
mtdbD00031162|Asp|GUC|Ascaris suum	10	U	11	D_stem_5	armless_trnD_wo_t.cm	True	T_OR_VAR_ARM_MISSING_slots=[2, 3]
mtdbD00031162|Asp|GUC|Ascaris suum	11	A	12	D_stem_5	armless_trnD_wo_t.cm	True	T_OR_VAR_ARM_MISSING_slots=[2, 3]
mtdbD00031162|Asp|GUC|Ascaris suum	12	U	13	D_stem_5	armless_trnD_wo_t.cm	True	T_OR_VAR_ARM_MISSING_slots=[2, 3]
mtdbD00031162|Asp|GUC|Ascaris suum	13	A	14	D_loop	armless_trnD_wo_t.cm	True	T_OR_VAR_ARM_MISSING_slots=[2, 3]
mtdbD00031162|Asp|GUC|Ascaris suum	14	A	15	D_loop	armless_trnD_wo_t.cm	True	T_OR_VAR_ARM_MISSING_slots=[2, 3]
mtdbD00031162|Asp|GUC|Ascaris suum	15	U	16	D_loop	armless_trnD_wo_t.cm	True	T_OR_VAR_ARM_MISSING_slots=[2, 3]
mtdbD00031162|Asp|GUC|Ascaris suum	16	U	17	D_loop	armless_trnD_wo_t.cm	True	T_OR_VAR_ARM_MISSING_slots=[2, 3]
mtdbD00031162|Asp|GUC|Ascaris suum	17	U	17a	D_loop	armless_trnD_wo_t.cm	True	T_OR_VAR_ARM_MISSING_slots=[2, 3]
mtdbD00031162|Asp|GUC|Ascaris suum	18	U	18	D_loop	armless_trnD_wo_t.cm	True	T_OR_VAR_ARM_MISSING_slots=[2, 3]
mtdbD00031162|Asp|GUC|Ascaris suum	19	U	19	D_loop	armless_trnD_wo_t.cm	True	T_OR_VAR_ARM_MISSING_slots=[2, 3]
mtdbD00031162|Asp|GUC|Ascaris suum	20	U	20	D_loop	armless_trnD_wo_t.cm	True	T_OR_VAR_ARM_MISSING_slots=[2, 3]
mtdbD00031162|Asp|GUC|Ascaris suum	21	A	20a	D_loop	armless_trnD_wo_t.cm	True	T_OR_VAR_ARM_MISSING_slots=[2, 3]
mtdbD00031162|Asp|GUC|Ascaris suum	22	U	22	D_stem_3	armless_trnD_wo_t.cm	True	T_OR_VAR_ARM_MISSING_slots=[2, 3]
mtdbD00031162|Asp|GUC|Ascaris suum	23	U	23	D_stem_3	armless_trnD_wo_t.cm	True	T_OR_VAR_ARM_MISSING_slots=[2, 3]
mtdbD00031162|Asp|GUC|Ascaris suum	24	A	24	D_stem_3	armless_trnD_wo_t.cm	True	T_OR_VAR_ARM_MISSING_slots=[2, 3]
mtdbD00031162|Asp|GUC|Ascaris suum	25	U	25	D_stem_3	armless_trnD_wo_t.cm	True	T_OR_VAR_ARM_MISSING_slots=[2, 3]
mtdbD00031162|Asp|GUC|Ascaris suum	26	A	26	connector_DC	armless_trnD_wo_t.cm	True	T_OR_VAR_ARM_MISSING_slots=[2, 3]
mtdbD00031162|Asp|GUC|Ascaris suum	27	C	27	C_stem_5	armless_trnD_wo_t.cm	True	T_OR_VAR_ARM_MISSING_slots=[2, 3]
mtdbD00031162|Asp|GUC|Ascaris suum	28	C	28	C_stem_5	armless_trnD_wo_t.cm	True	T_OR_VAR_ARM_MISSING_slots=[2, 3]
mtdbD00031162|Asp|GUC|Ascaris suum	29	U	29	C_stem_5	armless_trnD_wo_t.cm	True	T_OR_VAR_ARM_MISSING_slots=[2, 3]
mtdbD00031162|Asp|GUC|Ascaris suum	30	U	30	C_stem_5	armless_trnD_wo_t.cm	True	T_OR_VAR_ARM_MISSING_slots=[2, 3]
mtdbD00031162|Asp|GUC|Ascaris suum	31	A	31	C_stem_5	armless_trnD_wo_t.cm	True	T_OR_VAR_ARM_MISSING_slots=[2, 3]
mtdbD00031162|Asp|GUC|Ascaris suum	32	U	32	C_loop	armless_trnD_wo_t.cm	True	T_OR_VAR_ARM_MISSING_slots=[2, 3]
mtdbD00031162|Asp|GUC|Ascaris suum	33	U	33	C_loop	armless_trnD_wo_t.cm	True	T_OR_VAR_ARM_MISSING_slots=[2, 3]
mtdbD00031162|Asp|GUC|Ascaris suum	34	G	34	C_loop	armless_trnD_wo_t.cm	True	T_OR_VAR_ARM_MISSING_slots=[2, 3]
mtdbD00031162|Asp|GUC|Ascaris suum	35	U	35	C_loop	armless_trnD_wo_t.cm	True	T_OR_VAR_ARM_MISSING_slots=[2, 3]
mtdbD00031162|Asp|GUC|Ascaris suum	36	C	36	C_loop	armless_trnD_wo_t.cm	True	T_OR_VAR_ARM_MISSING_slots=[2, 3]
mtdbD00031162|Asp|GUC|Ascaris suum	37	G	37	C_loop	armless_trnD_wo_t.cm	True	T_OR_VAR_ARM_MISSING_slots=[2, 3]
mtdbD00031162|Asp|GUC|Ascaris suum	38	A	38	C_loop	armless_trnD_wo_t.cm	True	T_OR_VAR_ARM_MISSING_slots=[2, 3]
mtdbD00031162|Asp|GUC|Ascaris suum	39	U	39	C_stem_3	armless_trnD_wo_t.cm	True	T_OR_VAR_ARM_MISSING_slots=[2, 3]
mtdbD00031162|Asp|GUC|Ascaris suum	40	G	44	V_loop	armless_trnD_wo_t.cm	True	T_OR_VAR_ARM_MISSING_slots=[2, 3]
mtdbD00031162|Asp|GUC|Ascaris suum	41	G	45	V_loop	armless_trnD_wo_t.cm	True	T_OR_VAR_ARM_MISSING_slots=[2, 3]
mtdbD00031162|Asp|GUC|Ascaris suum	42	G	46	V_loop	armless_trnD_wo_t.cm	True	T_OR_VAR_ARM_MISSING_slots=[2, 3]
mtdbD00031162|Asp|GUC|Ascaris suum	43	G	47	V_loop	armless_trnD_wo_t.cm	True	T_OR_VAR_ARM_MISSING_slots=[2, 3]
mtdbD00031162|Asp|GUC|Ascaris suum	44	A	48	V_loop	armless_trnD_wo_t.cm	True	T_OR_VAR_ARM_MISSING_slots=[2, 3]
mtdbD00031162|Asp|GUC|Ascaris suum	45	G	48A	V_loop	armless_trnD_wo_t.cm	True	T_OR_VAR_ARM_MISSING_slots=[2, 3]
mtdbD00031162|Asp|GUC|Ascaris suum	46	A	48B	V_loop	armless_trnD_wo_t.cm	True	T_OR_VAR_ARM_MISSING_slots=[2, 3]
mtdbD00031162|Asp|GUC|Ascaris suum	47	A	48C	V_loop	armless_trnD_wo_t.cm	True	T_OR_VAR_ARM_MISSING_slots=[2, 3]
mtdbD00031162|Asp|GUC|Ascaris suum	48	U	48D	V_loop	armless_trnD_wo_t.cm	True	T_OR_VAR_ARM_MISSING_slots=[2, 3]
mtdbD00031162|Asp|GUC|Ascaris suum	49	U	48E	V_loop	armless_trnD_wo_t.cm	True	T_OR_VAR_ARM_MISSING_slots=[2, 3]
mtdbD00031162|Asp|GUC|Ascaris suum	50	U	48F	V_loop	armless_trnD_wo_t.cm	True	T_OR_VAR_ARM_MISSING_slots=[2, 3]
mtdbD00031162|Asp|GUC|Ascaris suum	51	U	48G	V_loop	armless_trnD_wo_t.cm	True	T_OR_VAR_ARM_MISSING_slots=[2, 3]
mtdbD00031162|Asp|GUC|Ascaris suum	52	U	66	acceptor_3	armless_trnD_wo_t.cm	True	T_OR_VAR_ARM_MISSING_slots=[2, 3]
mtdbD00031162|Asp|GUC|Ascaris suum	53	A	67	acceptor_3	armless_trnD_wo_t.cm	True	T_OR_VAR_ARM_MISSING_slots=[2, 3]
mtdbD00031162|Asp|GUC|Ascaris suum	54	G	68	acceptor_3	armless_trnD_wo_t.cm	True	T_OR_VAR_ARM_MISSING_slots=[2, 3]
mtdbD00031162|Asp|GUC|Ascaris suum	55	U	69	acceptor_3	armless_trnD_wo_t.cm	True	T_OR_VAR_ARM_MISSING_slots=[2, 3]
mtdbD00031162|Asp|GUC|Ascaris suum	56	U	70	acceptor_3	armless_trnD_wo_t.cm	True	T_OR_VAR_ARM_MISSING_slots=[2, 3]
mtdbD00031162|Asp|GUC|Ascaris suum	57	U	71	acceptor_3	armless_trnD_wo_t.cm	True	T_OR_VAR_ARM_MISSING_slots=[2, 3]
mtdbD00031162|Asp|GUC|Ascaris suum	58	U	72	acceptor_3	armless_trnD_wo_t.cm	True	T_OR_VAR_ARM_MISSING_slots=[2, 3]
mtdbD00031162|Asp|GUC|Ascaris suum	59	A	73	discriminator_CCA	armless_trnD_wo_t.cm	True	T_OR_VAR_ARM_MISSING_slots=[2, 3]
mtdbD00031163|Gly|UCC|Ascaris suum	0	G	1	acceptor_5	armless_trnG_wo_t.cm	True	T_OR_VAR_ARM_MISSING_slots=[2, 3]
mtdbD00031163|Gly|UCC|Ascaris suum	1	A	2	acceptor_5	armless_trnG_wo_t.cm	True	T_OR_VAR_ARM_MISSING_slots=[2, 3]
mtdbD00031163|Gly|UCC|Ascaris suum	2	U	3	acceptor_5	armless_trnG_wo_t.cm	True	T_OR_VAR_ARM_MISSING_slots=[2, 3]
mtdbD00031163|Gly|UCC|Ascaris suum	3	C	4	acceptor_5	armless_trnG_wo_t.cm	True	T_OR_VAR_ARM_MISSING_slots=[2, 3]
mtdbD00031163|Gly|UCC|Ascaris suum	4	U	5	acceptor_5	armless_trnG_wo_t.cm	True	T_OR_VAR_ARM_MISSING_slots=[2, 3]
mtdbD00031163|Gly|UCC|Ascaris suum	5	U	6	acceptor_5	armless_trnG_wo_t.cm	True	T_OR_VAR_ARM_MISSING_slots=[2, 3]
mtdbD00031163|Gly|UCC|Ascaris suum	6	U	7	acceptor_5	armless_trnG_wo_t.cm	True	T_OR_VAR_ARM_MISSING_slots=[2, 3]
mtdbD00031163|Gly|UCC|Ascaris suum	7	U	8	connector_AD	armless_trnG_wo_t.cm	True	T_OR_VAR_ARM_MISSING_slots=[2, 3]
mtdbD00031163|Gly|UCC|Ascaris suum	8	A	9	connector_AD	armless_trnG_wo_t.cm	True	T_OR_VAR_ARM_MISSING_slots=[2, 3]
mtdbD00031163|Gly|UCC|Ascaris suum	9	G	10	D_stem_5	armless_trnG_wo_t.cm	True	T_OR_VAR_ARM_MISSING_slots=[2, 3]
mtdbD00031163|Gly|UCC|Ascaris suum	10	U	11	D_stem_5	armless_trnG_wo_t.cm	True	T_OR_VAR_ARM_MISSING_slots=[2, 3]
mtdbD00031163|Gly|UCC|Ascaris suum	11	A	12	D_stem_5	armless_trnG_wo_t.cm	True	T_OR_VAR_ARM_MISSING_slots=[2, 3]
mtdbD00031163|Gly|UCC|Ascaris suum	12	U	13	D_stem_5	armless_trnG_wo_t.cm	True	T_OR_VAR_ARM_MISSING_slots=[2, 3]
mtdbD00031163|Gly|UCC|Ascaris suum	13	A	14	D_loop	armless_trnG_wo_t.cm	True	T_OR_VAR_ARM_MISSING_slots=[2, 3]
mtdbD00031163|Gly|UCC|Ascaris suum	14	U	15	D_loop	armless_trnG_wo_t.cm	True	T_OR_VAR_ARM_MISSING_slots=[2, 3]
mtdbD00031163|Gly|UCC|Ascaris suum	15	U	16	D_loop	armless_trnG_wo_t.cm	True	T_OR_VAR_ARM_MISSING_slots=[2, 3]
mtdbD00031163|Gly|UCC|Ascaris suum	16	U	17	D_loop	armless_trnG_wo_t.cm	True	T_OR_VAR_ARM_MISSING_slots=[2, 3]
mtdbD00031163|Gly|UCC|Ascaris suum	17	U	17a	D_loop	armless_trnG_wo_t.cm	True	T_OR_VAR_ARM_MISSING_slots=[2, 3]
mtdbD00031163|Gly|UCC|Ascaris suum	18	U	18	D_loop	armless_trnG_wo_t.cm	True	T_OR_VAR_ARM_MISSING_slots=[2, 3]
mtdbD00031163|Gly|UCC|Ascaris suum	19	G	22	D_stem_3	armless_trnG_wo_t.cm	True	T_OR_VAR_ARM_MISSING_slots=[2, 3]
mtdbD00031163|Gly|UCC|Ascaris suum	20	U	23	D_stem_3	armless_trnG_wo_t.cm	True	T_OR_VAR_ARM_MISSING_slots=[2, 3]
mtdbD00031163|Gly|UCC|Ascaris suum	21	A	24	D_stem_3	armless_trnG_wo_t.cm	True	T_OR_VAR_ARM_MISSING_slots=[2, 3]
mtdbD00031163|Gly|UCC|Ascaris suum	22	C	25	D_stem_3	armless_trnG_wo_t.cm	True	T_OR_VAR_ARM_MISSING_slots=[2, 3]
mtdbD00031163|Gly|UCC|Ascaris suum	23	A	26	connector_DC	armless_trnG_wo_t.cm	True	T_OR_VAR_ARM_MISSING_slots=[2, 3]
mtdbD00031163|Gly|UCC|Ascaris suum	24	U	27	C_stem_5	armless_trnG_wo_t.cm	True	T_OR_VAR_ARM_MISSING_slots=[2, 3]
mtdbD00031163|Gly|UCC|Ascaris suum	25	U	28	C_stem_5	armless_trnG_wo_t.cm	True	T_OR_VAR_ARM_MISSING_slots=[2, 3]
mtdbD00031163|Gly|UCC|Ascaris suum	26	U	29	C_stem_5	armless_trnG_wo_t.cm	True	T_OR_VAR_ARM_MISSING_slots=[2, 3]
mtdbD00031163|Gly|UCC|Ascaris suum	27	G	30	C_stem_5	armless_trnG_wo_t.cm	True	T_OR_VAR_ARM_MISSING_slots=[2, 3]
mtdbD00031163|Gly|UCC|Ascaris suum	28	A	31	C_stem_5	armless_trnG_wo_t.cm	True	T_OR_VAR_ARM_MISSING_slots=[2, 3]
mtdbD00031163|Gly|UCC|Ascaris suum	29	C	32	C_loop	armless_trnG_wo_t.cm	True	T_OR_VAR_ARM_MISSING_slots=[2, 3]
mtdbD00031163|Gly|UCC|Ascaris suum	30	U	33	C_loop	armless_trnG_wo_t.cm	True	T_OR_VAR_ARM_MISSING_slots=[2, 3]
mtdbD00031163|Gly|UCC|Ascaris suum	31	U	34	C_loop	armless_trnG_wo_t.cm	True	T_OR_VAR_ARM_MISSING_slots=[2, 3]
mtdbD00031163|Gly|UCC|Ascaris suum	32	C	35	C_loop	armless_trnG_wo_t.cm	True	T_OR_VAR_ARM_MISSING_slots=[2, 3]
mtdbD00031163|Gly|UCC|Ascaris suum	33	C	36	C_loop	armless_trnG_wo_t.cm	True	T_OR_VAR_ARM_MISSING_slots=[2, 3]
mtdbD00031163|Gly|UCC|Ascaris suum	34	A	37	C_loop	armless_trnG_wo_t.cm	True	T_OR_VAR_ARM_MISSING_slots=[2, 3]
mtdbD00031163|Gly|UCC|Ascaris suum	35	A	38	C_loop	armless_trnG_wo_t.cm	True	T_OR_VAR_ARM_MISSING_slots=[2, 3]
mtdbD00031163|Gly|UCC|Ascaris suum	36	U	39	C_stem_3	armless_trnG_wo_t.cm	True	T_OR_VAR_ARM_MISSING_slots=[2, 3]
mtdbD00031163|Gly|UCC|Ascaris suum	37	C	44	V_loop	armless_trnG_wo_t.cm	True	T_OR_VAR_ARM_MISSING_slots=[2, 3]
mtdbD00031163|Gly|UCC|Ascaris suum	38	A	45	V_loop	armless_trnG_wo_t.cm	True	T_OR_VAR_ARM_MISSING_slots=[2, 3]
mtdbD00031163|Gly|UCC|Ascaris suum	39	G	46	V_loop	armless_trnG_wo_t.cm	True	T_OR_VAR_ARM_MISSING_slots=[2, 3]
mtdbD00031163|Gly|UCC|Ascaris suum	40	A	47	V_loop	armless_trnG_wo_t.cm	True	T_OR_VAR_ARM_MISSING_slots=[2, 3]
mtdbD00031163|Gly|UCC|Ascaris suum	41	U	48	V_loop	armless_trnG_wo_t.cm	True	T_OR_VAR_ARM_MISSING_slots=[2, 3]
mtdbD00031163|Gly|UCC|Ascaris suum	42	A	48A	V_loop	armless_trnG_wo_t.cm	True	T_OR_VAR_ARM_MISSING_slots=[2, 3]
mtdbD00031163|Gly|UCC|Ascaris suum	43	G	48B	V_loop	armless_trnG_wo_t.cm	True	T_OR_VAR_ARM_MISSING_slots=[2, 3]
mtdbD00031163|Gly|UCC|Ascaris suum	44	U	48C	V_loop	armless_trnG_wo_t.cm	True	T_OR_VAR_ARM_MISSING_slots=[2, 3]
mtdbD00031163|Gly|UCC|Ascaris suum	45	U	48D	V_loop	armless_trnG_wo_t.cm	True	T_OR_VAR_ARM_MISSING_slots=[2, 3]
mtdbD00031163|Gly|UCC|Ascaris suum	46	U	48E	V_loop	armless_trnG_wo_t.cm	True	T_OR_VAR_ARM_MISSING_slots=[2, 3]
mtdbD00031163|Gly|UCC|Ascaris suum	47	U	48F	V_loop	armless_trnG_wo_t.cm	True	T_OR_VAR_ARM_MISSING_slots=[2, 3]
mtdbD00031163|Gly|UCC|Ascaris suum	48	A	66	acceptor_3	armless_trnG_wo_t.cm	True	T_OR_VAR_ARM_MISSING_slots=[2, 3]
mtdbD00031163|Gly|UCC|Ascaris suum	49	A	67	acceptor_3	armless_trnG_wo_t.cm	True	T_OR_VAR_ARM_MISSING_slots=[2, 3]
mtdbD00031163|Gly|UCC|Ascaris suum	50	A	68	acceptor_3	armless_trnG_wo_t.cm	True	T_OR_VAR_ARM_MISSING_slots=[2, 3]
mtdbD00031163|Gly|UCC|Ascaris suum	51	G	69	acceptor_3	armless_trnG_wo_t.cm	True	T_OR_VAR_ARM_MISSING_slots=[2, 3]
mtdbD00031163|Gly|UCC|Ascaris suum	52	G	70	acceptor_3	armless_trnG_wo_t.cm	True	T_OR_VAR_ARM_MISSING_slots=[2, 3]
mtdbD00031163|Gly|UCC|Ascaris suum	53	U	71	acceptor_3	armless_trnG_wo_t.cm	True	T_OR_VAR_ARM_MISSING_slots=[2, 3]
mtdbD00031163|Gly|UCC|Ascaris suum	54	U	72	acceptor_3	armless_trnG_wo_t.cm	True	T_OR_VAR_ARM_MISSING_slots=[2, 3]
mtdbD00031163|Gly|UCC|Ascaris suum	55	A	73	discriminator_CCA	armless_trnG_wo_t.cm	True	T_OR_VAR_ARM_MISSING_slots=[2, 3]
mtdbD00031164|His|GUG|Ascaris suum	0	A	1	acceptor_5	armless_trnH_wo_t.cm	True	T_OR_VAR_ARM_MISSING_slots=[2, 3]
mtdbD00031164|His|GUG|Ascaris suum	1	G	2	acceptor_5	armless_trnH_wo_t.cm	True	T_OR_VAR_ARM_MISSING_slots=[2, 3]
mtdbD00031164|His|GUG|Ascaris suum	2	C	3	acceptor_5	armless_trnH_wo_t.cm	True	T_OR_VAR_ARM_MISSING_slots=[2, 3]
mtdbD00031164|His|GUG|Ascaris suum	3	U	4	acceptor_5	armless_trnH_wo_t.cm	True	T_OR_VAR_ARM_MISSING_slots=[2, 3]
mtdbD00031164|His|GUG|Ascaris suum	4	U	5	acceptor_5	armless_trnH_wo_t.cm	True	T_OR_VAR_ARM_MISSING_slots=[2, 3]
mtdbD00031164|His|GUG|Ascaris suum	5	U	6	acceptor_5	armless_trnH_wo_t.cm	True	T_OR_VAR_ARM_MISSING_slots=[2, 3]
mtdbD00031164|His|GUG|Ascaris suum	6	G	7	acceptor_5	armless_trnH_wo_t.cm	True	T_OR_VAR_ARM_MISSING_slots=[2, 3]
mtdbD00031164|His|GUG|Ascaris suum	7	U	8	connector_AD	armless_trnH_wo_t.cm	True	T_OR_VAR_ARM_MISSING_slots=[2, 3]
mtdbD00031164|His|GUG|Ascaris suum	8	A	9	connector_AD	armless_trnH_wo_t.cm	True	T_OR_VAR_ARM_MISSING_slots=[2, 3]
mtdbD00031164|His|GUG|Ascaris suum	9	G	27	C_stem_5	armless_trnH_wo_t.cm	True	T_OR_VAR_ARM_MISSING_slots=[2, 3]
mtdbD00031164|His|GUG|Ascaris suum	10	U	28	C_stem_5	armless_trnH_wo_t.cm	True	T_OR_VAR_ARM_MISSING_slots=[2, 3]
mtdbD00031164|His|GUG|Ascaris suum	11	U	29	C_stem_5	armless_trnH_wo_t.cm	True	T_OR_VAR_ARM_MISSING_slots=[2, 3]
mtdbD00031164|His|GUG|Ascaris suum	12	U	30	C_stem_5	armless_trnH_wo_t.cm	True	T_OR_VAR_ARM_MISSING_slots=[2, 3]
mtdbD00031164|His|GUG|Ascaris suum	13	A	32	C_loop	armless_trnH_wo_t.cm	True	T_OR_VAR_ARM_MISSING_slots=[2, 3]
mtdbD00031164|His|GUG|Ascaris suum	14	U	33	C_loop	armless_trnH_wo_t.cm	True	T_OR_VAR_ARM_MISSING_slots=[2, 3]
mtdbD00031164|His|GUG|Ascaris suum	15	G	34	C_loop	armless_trnH_wo_t.cm	True	T_OR_VAR_ARM_MISSING_slots=[2, 3]
mtdbD00031164|His|GUG|Ascaris suum	16	U	35	C_loop	armless_trnH_wo_t.cm	True	T_OR_VAR_ARM_MISSING_slots=[2, 3]
mtdbD00031164|His|GUG|Ascaris suum	17	G	36	C_loop	armless_trnH_wo_t.cm	True	T_OR_VAR_ARM_MISSING_slots=[2, 3]
mtdbD00031164|His|GUG|Ascaris suum	18	A	37	C_loop	armless_trnH_wo_t.cm	True	T_OR_VAR_ARM_MISSING_slots=[2, 3]
mtdbD00031164|His|GUG|Ascaris suum	19	A	39	C_stem_3	armless_trnH_wo_t.cm	True	T_OR_VAR_ARM_MISSING_slots=[2, 3]
mtdbD00031164|His|GUG|Ascaris suum	20	A	44	V_loop	armless_trnH_wo_t.cm	True	T_OR_VAR_ARM_MISSING_slots=[2, 3]
mtdbD00031164|His|GUG|Ascaris suum	21	A	45	V_loop	armless_trnH_wo_t.cm	True	T_OR_VAR_ARM_MISSING_slots=[2, 3]
mtdbD00031164|His|GUG|Ascaris suum	22	U	46	V_loop	armless_trnH_wo_t.cm	True	T_OR_VAR_ARM_MISSING_slots=[2, 3]
mtdbD00031164|His|GUG|Ascaris suum	23	G	47	V_loop	armless_trnH_wo_t.cm	True	T_OR_VAR_ARM_MISSING_slots=[2, 3]
mtdbD00031164|His|GUG|Ascaris suum	24	C	49	T_stem_5	armless_trnH_wo_t.cm	True	T_OR_VAR_ARM_MISSING_slots=[2, 3]
mtdbD00031164|His|GUG|Ascaris suum	25	U	50	T_stem_5	armless_trnH_wo_t.cm	True	T_OR_VAR_ARM_MISSING_slots=[2, 3]
mtdbD00031164|His|GUG|Ascaris suum	26	U	51	T_stem_5	armless_trnH_wo_t.cm	True	T_OR_VAR_ARM_MISSING_slots=[2, 3]
mtdbD00031164|His|GUG|Ascaris suum	27	G	52	T_stem_5	armless_trnH_wo_t.cm	True	T_OR_VAR_ARM_MISSING_slots=[2, 3]
mtdbD00031164|His|GUG|Ascaris suum	28	U	53	T_stem_5	armless_trnH_wo_t.cm	True	T_OR_VAR_ARM_MISSING_slots=[2, 3]
mtdbD00031164|His|GUG|Ascaris suum	29	U	54	T_loop	armless_trnH_wo_t.cm	True	T_OR_VAR_ARM_MISSING_slots=[2, 3]
mtdbD00031164|His|GUG|Ascaris suum	30	U	55	T_loop	armless_trnH_wo_t.cm	True	T_OR_VAR_ARM_MISSING_slots=[2, 3]
mtdbD00031164|His|GUG|Ascaris suum	31	G	56	T_loop	armless_trnH_wo_t.cm	True	T_OR_VAR_ARM_MISSING_slots=[2, 3]
mtdbD00031164|His|GUG|Ascaris suum	32	U	57	T_loop	armless_trnH_wo_t.cm	True	T_OR_VAR_ARM_MISSING_slots=[2, 3]
mtdbD00031164|His|GUG|Ascaris suum	33	G	58	T_loop	armless_trnH_wo_t.cm	True	T_OR_VAR_ARM_MISSING_slots=[2, 3]
mtdbD00031164|His|GUG|Ascaris suum	34	A	59	T_loop	armless_trnH_wo_t.cm	True	T_OR_VAR_ARM_MISSING_slots=[2, 3]
mtdbD00031164|His|GUG|Ascaris suum	35	U	60	T_loop	armless_trnH_wo_t.cm	True	T_OR_VAR_ARM_MISSING_slots=[2, 3]
mtdbD00031164|His|GUG|Ascaris suum	36	A	61	T_stem_3	armless_trnH_wo_t.cm	True	T_OR_VAR_ARM_MISSING_slots=[2, 3]
mtdbD00031164|His|GUG|Ascaris suum	37	U	62	T_stem_3	armless_trnH_wo_t.cm	True	T_OR_VAR_ARM_MISSING_slots=[2, 3]
mtdbD00031164|His|GUG|Ascaris suum	38	G	63	T_stem_3	armless_trnH_wo_t.cm	True	T_OR_VAR_ARM_MISSING_slots=[2, 3]
mtdbD00031164|His|GUG|Ascaris suum	39	A	64	T_stem_3	armless_trnH_wo_t.cm	True	T_OR_VAR_ARM_MISSING_slots=[2, 3]
mtdbD00031164|His|GUG|Ascaris suum	40	G	65	T_stem_3	armless_trnH_wo_t.cm	True	T_OR_VAR_ARM_MISSING_slots=[2, 3]
mtdbD00031164|His|GUG|Ascaris suum	41	U			armless_trnH_wo_t.cm	True	T_OR_VAR_ARM_MISSING_slots=[2, 3]
mtdbD00031164|His|GUG|Ascaris suum	42	G			armless_trnH_wo_t.cm	True	T_OR_VAR_ARM_MISSING_slots=[2, 3]
mtdbD00031164|His|GUG|Ascaris suum	43	A			armless_trnH_wo_t.cm	True	T_OR_VAR_ARM_MISSING_slots=[2, 3]
mtdbD00031164|His|GUG|Ascaris suum	44	A			armless_trnH_wo_t.cm	True	T_OR_VAR_ARM_MISSING_slots=[2, 3]
mtdbD00031164|His|GUG|Ascaris suum	45	A			armless_trnH_wo_t.cm	True	T_OR_VAR_ARM_MISSING_slots=[2, 3]
mtdbD00031164|His|GUG|Ascaris suum	46	U			armless_trnH_wo_t.cm	True	T_OR_VAR_ARM_MISSING_slots=[2, 3]
mtdbD00031164|His|GUG|Ascaris suum	47	U	66	acceptor_3	armless_trnH_wo_t.cm	True	T_OR_VAR_ARM_MISSING_slots=[2, 3]
mtdbD00031164|His|GUG|Ascaris suum	48	G	67	acceptor_3	armless_trnH_wo_t.cm	True	T_OR_VAR_ARM_MISSING_slots=[2, 3]
mtdbD00031164|His|GUG|Ascaris suum	49	G	68	acceptor_3	armless_trnH_wo_t.cm	True	T_OR_VAR_ARM_MISSING_slots=[2, 3]
mtdbD00031164|His|GUG|Ascaris suum	50	A	69	acceptor_3	armless_trnH_wo_t.cm	True	T_OR_VAR_ARM_MISSING_slots=[2, 3]
mtdbD00031164|His|GUG|Ascaris suum	51	G	70	acceptor_3	armless_trnH_wo_t.cm	True	T_OR_VAR_ARM_MISSING_slots=[2, 3]
mtdbD00031164|His|GUG|Ascaris suum	52	C	71	acceptor_3	armless_trnH_wo_t.cm	True	T_OR_VAR_ARM_MISSING_slots=[2, 3]
mtdbD00031164|His|GUG|Ascaris suum	53	U	72	acceptor_3	armless_trnH_wo_t.cm	True	T_OR_VAR_ARM_MISSING_slots=[2, 3]
mtdbD00031164|His|GUG|Ascaris suum	54	U	73	discriminator_CCA	armless_trnH_wo_t.cm	True	T_OR_VAR_ARM_MISSING_slots=[2, 3]
mtdbD00031165|Ala|UGC|Ascaris suum	0	G	1	acceptor_5	armless_trnA_wo_t.cm	True	T_OR_VAR_ARM_MISSING_slots=[2, 3]
mtdbD00031165|Ala|UGC|Ascaris suum	1	G	2	acceptor_5	armless_trnA_wo_t.cm	True	T_OR_VAR_ARM_MISSING_slots=[2, 3]
mtdbD00031165|Ala|UGC|Ascaris suum	2	G	3	acceptor_5	armless_trnA_wo_t.cm	True	T_OR_VAR_ARM_MISSING_slots=[2, 3]
mtdbD00031165|Ala|UGC|Ascaris suum	3	G	4	acceptor_5	armless_trnA_wo_t.cm	True	T_OR_VAR_ARM_MISSING_slots=[2, 3]
mtdbD00031165|Ala|UGC|Ascaris suum	4	C	5	acceptor_5	armless_trnA_wo_t.cm	True	T_OR_VAR_ARM_MISSING_slots=[2, 3]
mtdbD00031165|Ala|UGC|Ascaris suum	5	U	6	acceptor_5	armless_trnA_wo_t.cm	True	T_OR_VAR_ARM_MISSING_slots=[2, 3]
mtdbD00031165|Ala|UGC|Ascaris suum	6	G	7	acceptor_5	armless_trnA_wo_t.cm	True	T_OR_VAR_ARM_MISSING_slots=[2, 3]
mtdbD00031165|Ala|UGC|Ascaris suum	7	U	8	connector_AD	armless_trnA_wo_t.cm	True	T_OR_VAR_ARM_MISSING_slots=[2, 3]
mtdbD00031165|Ala|UGC|Ascaris suum	8	A	9	connector_AD	armless_trnA_wo_t.cm	True	T_OR_VAR_ARM_MISSING_slots=[2, 3]
mtdbD00031165|Ala|UGC|Ascaris suum	9	U	10	D_stem_5	armless_trnA_wo_t.cm	True	T_OR_VAR_ARM_MISSING_slots=[2, 3]
mtdbD00031165|Ala|UGC|Ascaris suum	10	U	11	D_stem_5	armless_trnA_wo_t.cm	True	T_OR_VAR_ARM_MISSING_slots=[2, 3]
mtdbD00031165|Ala|UGC|Ascaris suum	11	U	12	D_stem_5	armless_trnA_wo_t.cm	True	T_OR_VAR_ARM_MISSING_slots=[2, 3]
mtdbD00031165|Ala|UGC|Ascaris suum	12	U	13	D_stem_5	armless_trnA_wo_t.cm	True	T_OR_VAR_ARM_MISSING_slots=[2, 3]
mtdbD00031165|Ala|UGC|Ascaris suum	13	A	14	D_loop	armless_trnA_wo_t.cm	True	T_OR_VAR_ARM_MISSING_slots=[2, 3]
mtdbD00031165|Ala|UGC|Ascaris suum	14	A	15	D_loop	armless_trnA_wo_t.cm	True	T_OR_VAR_ARM_MISSING_slots=[2, 3]
mtdbD00031165|Ala|UGC|Ascaris suum	15	G	16	D_loop	armless_trnA_wo_t.cm	True	T_OR_VAR_ARM_MISSING_slots=[2, 3]
mtdbD00031165|Ala|UGC|Ascaris suum	16	U	17	D_loop	armless_trnA_wo_t.cm	True	T_OR_VAR_ARM_MISSING_slots=[2, 3]
mtdbD00031165|Ala|UGC|Ascaris suum	17	U	17a	D_loop	armless_trnA_wo_t.cm	True	T_OR_VAR_ARM_MISSING_slots=[2, 3]
mtdbD00031165|Ala|UGC|Ascaris suum	18	U	18	D_loop	armless_trnA_wo_t.cm	True	T_OR_VAR_ARM_MISSING_slots=[2, 3]
mtdbD00031165|Ala|UGC|Ascaris suum	19	A	19	D_loop	armless_trnA_wo_t.cm	True	T_OR_VAR_ARM_MISSING_slots=[2, 3]
mtdbD00031165|Ala|UGC|Ascaris suum	20	A	22	D_stem_3	armless_trnA_wo_t.cm	True	T_OR_VAR_ARM_MISSING_slots=[2, 3]
mtdbD00031165|Ala|UGC|Ascaris suum	21	A	23	D_stem_3	armless_trnA_wo_t.cm	True	T_OR_VAR_ARM_MISSING_slots=[2, 3]
mtdbD00031165|Ala|UGC|Ascaris suum	22	A	24	D_stem_3	armless_trnA_wo_t.cm	True	T_OR_VAR_ARM_MISSING_slots=[2, 3]
mtdbD00031165|Ala|UGC|Ascaris suum	23	U	25	D_stem_3	armless_trnA_wo_t.cm	True	T_OR_VAR_ARM_MISSING_slots=[2, 3]
mtdbD00031165|Ala|UGC|Ascaris suum	24	A	26	connector_DC	armless_trnA_wo_t.cm	True	T_OR_VAR_ARM_MISSING_slots=[2, 3]
mtdbD00031165|Ala|UGC|Ascaris suum	25	U	27	C_stem_5	armless_trnA_wo_t.cm	True	T_OR_VAR_ARM_MISSING_slots=[2, 3]
mtdbD00031165|Ala|UGC|Ascaris suum	26	G	28	C_stem_5	armless_trnA_wo_t.cm	True	T_OR_VAR_ARM_MISSING_slots=[2, 3]
mtdbD00031165|Ala|UGC|Ascaris suum	27	C	29	C_stem_5	armless_trnA_wo_t.cm	True	T_OR_VAR_ARM_MISSING_slots=[2, 3]
mtdbD00031165|Ala|UGC|Ascaris suum	28	G	30	C_stem_5	armless_trnA_wo_t.cm	True	T_OR_VAR_ARM_MISSING_slots=[2, 3]
mtdbD00031165|Ala|UGC|Ascaris suum	29	C	31	C_stem_5	armless_trnA_wo_t.cm	True	T_OR_VAR_ARM_MISSING_slots=[2, 3]
mtdbD00031165|Ala|UGC|Ascaris suum	30	U	32	C_loop	armless_trnA_wo_t.cm	True	T_OR_VAR_ARM_MISSING_slots=[2, 3]
mtdbD00031165|Ala|UGC|Ascaris suum	31	U	33	C_loop	armless_trnA_wo_t.cm	True	T_OR_VAR_ARM_MISSING_slots=[2, 3]
mtdbD00031165|Ala|UGC|Ascaris suum	32	U	34	C_loop	armless_trnA_wo_t.cm	True	T_OR_VAR_ARM_MISSING_slots=[2, 3]
mtdbD00031165|Ala|UGC|Ascaris suum	33	G	35	C_loop	armless_trnA_wo_t.cm	True	T_OR_VAR_ARM_MISSING_slots=[2, 3]
mtdbD00031165|Ala|UGC|Ascaris suum	34	C	36	C_loop	armless_trnA_wo_t.cm	True	T_OR_VAR_ARM_MISSING_slots=[2, 3]
mtdbD00031165|Ala|UGC|Ascaris suum	35	A	37	C_loop	armless_trnA_wo_t.cm	True	T_OR_VAR_ARM_MISSING_slots=[2, 3]
mtdbD00031165|Ala|UGC|Ascaris suum	36	A	38	C_loop	armless_trnA_wo_t.cm	True	T_OR_VAR_ARM_MISSING_slots=[2, 3]
mtdbD00031165|Ala|UGC|Ascaris suum	37	G	39	C_stem_3	armless_trnA_wo_t.cm	True	T_OR_VAR_ARM_MISSING_slots=[2, 3]
mtdbD00031165|Ala|UGC|Ascaris suum	38	C	44	V_loop	armless_trnA_wo_t.cm	True	T_OR_VAR_ARM_MISSING_slots=[2, 3]
mtdbD00031165|Ala|UGC|Ascaris suum	39	G	45	V_loop	armless_trnA_wo_t.cm	True	T_OR_VAR_ARM_MISSING_slots=[2, 3]
mtdbD00031165|Ala|UGC|Ascaris suum	40	G	46	V_loop	armless_trnA_wo_t.cm	True	T_OR_VAR_ARM_MISSING_slots=[2, 3]
mtdbD00031165|Ala|UGC|Ascaris suum	41	A	47	V_loop	armless_trnA_wo_t.cm	True	T_OR_VAR_ARM_MISSING_slots=[2, 3]
mtdbD00031165|Ala|UGC|Ascaris suum	42	U	48	V_loop	armless_trnA_wo_t.cm	True	T_OR_VAR_ARM_MISSING_slots=[2, 3]
mtdbD00031165|Ala|UGC|Ascaris suum	43	G	48A	V_loop	armless_trnA_wo_t.cm	True	T_OR_VAR_ARM_MISSING_slots=[2, 3]
mtdbD00031165|Ala|UGC|Ascaris suum	44	A	48B	V_loop	armless_trnA_wo_t.cm	True	T_OR_VAR_ARM_MISSING_slots=[2, 3]
mtdbD00031165|Ala|UGC|Ascaris suum	45	U	48C	V_loop	armless_trnA_wo_t.cm	True	T_OR_VAR_ARM_MISSING_slots=[2, 3]
mtdbD00031165|Ala|UGC|Ascaris suum	46	U	48D	V_loop	armless_trnA_wo_t.cm	True	T_OR_VAR_ARM_MISSING_slots=[2, 3]
mtdbD00031165|Ala|UGC|Ascaris suum	47	C	48E	V_loop	armless_trnA_wo_t.cm	True	T_OR_VAR_ARM_MISSING_slots=[2, 3]
mtdbD00031165|Ala|UGC|Ascaris suum	48	U	66	acceptor_3	armless_trnA_wo_t.cm	True	T_OR_VAR_ARM_MISSING_slots=[2, 3]
mtdbD00031165|Ala|UGC|Ascaris suum	49	G	67	acceptor_3	armless_trnA_wo_t.cm	True	T_OR_VAR_ARM_MISSING_slots=[2, 3]
mtdbD00031165|Ala|UGC|Ascaris suum	50	G	68	acceptor_3	armless_trnA_wo_t.cm	True	T_OR_VAR_ARM_MISSING_slots=[2, 3]
mtdbD00031165|Ala|UGC|Ascaris suum	51	C	69	acceptor_3	armless_trnA_wo_t.cm	True	T_OR_VAR_ARM_MISSING_slots=[2, 3]
mtdbD00031165|Ala|UGC|Ascaris suum	52	U	70	acceptor_3	armless_trnA_wo_t.cm	True	T_OR_VAR_ARM_MISSING_slots=[2, 3]
mtdbD00031165|Ala|UGC|Ascaris suum	53	C	71	acceptor_3	armless_trnA_wo_t.cm	True	T_OR_VAR_ARM_MISSING_slots=[2, 3]
mtdbD00031165|Ala|UGC|Ascaris suum	54	U	72	acceptor_3	armless_trnA_wo_t.cm	True	T_OR_VAR_ARM_MISSING_slots=[2, 3]
mtdbD00031165|Ala|UGC|Ascaris suum	55	A	73	discriminator_CCA	armless_trnA_wo_t.cm	True	T_OR_VAR_ARM_MISSING_slots=[2, 3]
mtdbD00039778|Asn|GUU|Habronattus oregonensis	0	U			armless_trnN_wo_t.cm	True	T_OR_VAR_ARM_MISSING_slots=[2, 3]
mtdbD00039778|Asn|GUU|Habronattus oregonensis	1	A			armless_trnN_wo_t.cm	True	T_OR_VAR_ARM_MISSING_slots=[2, 3]
mtdbD00039778|Asn|GUU|Habronattus oregonensis	2	G	1	acceptor_5	armless_trnN_wo_t.cm	True	T_OR_VAR_ARM_MISSING_slots=[2, 3]
mtdbD00039778|Asn|GUU|Habronattus oregonensis	3	A	2	acceptor_5	armless_trnN_wo_t.cm	True	T_OR_VAR_ARM_MISSING_slots=[2, 3]
mtdbD00039778|Asn|GUU|Habronattus oregonensis	4	U	3	acceptor_5	armless_trnN_wo_t.cm	True	T_OR_VAR_ARM_MISSING_slots=[2, 3]
mtdbD00039778|Asn|GUU|Habronattus oregonensis	5	A	8	connector_AD	armless_trnN_wo_t.cm	True	T_OR_VAR_ARM_MISSING_slots=[2, 3]
mtdbD00039778|Asn|GUU|Habronattus oregonensis	6	A			armless_trnN_wo_t.cm	True	T_OR_VAR_ARM_MISSING_slots=[2, 3]
mtdbD00039778|Asn|GUU|Habronattus oregonensis	7	G			armless_trnN_wo_t.cm	True	T_OR_VAR_ARM_MISSING_slots=[2, 3]
mtdbD00039778|Asn|GUU|Habronattus oregonensis	8	G	9	connector_AD	armless_trnN_wo_t.cm	True	T_OR_VAR_ARM_MISSING_slots=[2, 3]
mtdbD00039778|Asn|GUU|Habronattus oregonensis	9	A	9A	connector_AD	armless_trnN_wo_t.cm	True	T_OR_VAR_ARM_MISSING_slots=[2, 3]
mtdbD00039778|Asn|GUU|Habronattus oregonensis	10	G	10	D_stem_5	armless_trnN_wo_t.cm	True	T_OR_VAR_ARM_MISSING_slots=[2, 3]
mtdbD00039778|Asn|GUU|Habronattus oregonensis	11	C	11	D_stem_5	armless_trnN_wo_t.cm	True	T_OR_VAR_ARM_MISSING_slots=[2, 3]
mtdbD00039778|Asn|GUU|Habronattus oregonensis	12	U	12	D_stem_5	armless_trnN_wo_t.cm	True	T_OR_VAR_ARM_MISSING_slots=[2, 3]
mtdbD00039778|Asn|GUU|Habronattus oregonensis	13	G	13	D_stem_5	armless_trnN_wo_t.cm	True	T_OR_VAR_ARM_MISSING_slots=[2, 3]
mtdbD00039778|Asn|GUU|Habronattus oregonensis	14	A	14	D_loop	armless_trnN_wo_t.cm	True	T_OR_VAR_ARM_MISSING_slots=[2, 3]
mtdbD00039778|Asn|GUU|Habronattus oregonensis	15	U	22	D_stem_3	armless_trnN_wo_t.cm	True	T_OR_VAR_ARM_MISSING_slots=[2, 3]
mtdbD00039778|Asn|GUU|Habronattus oregonensis	16	A	23	D_stem_3	armless_trnN_wo_t.cm	True	T_OR_VAR_ARM_MISSING_slots=[2, 3]
mtdbD00039778|Asn|GUU|Habronattus oregonensis	17	G	24	D_stem_3	armless_trnN_wo_t.cm	True	T_OR_VAR_ARM_MISSING_slots=[2, 3]
mtdbD00039778|Asn|GUU|Habronattus oregonensis	18	C	25	D_stem_3	armless_trnN_wo_t.cm	True	T_OR_VAR_ARM_MISSING_slots=[2, 3]
mtdbD00039778|Asn|GUU|Habronattus oregonensis	19	G	26	connector_DC	armless_trnN_wo_t.cm	True	T_OR_VAR_ARM_MISSING_slots=[2, 3]
mtdbD00039778|Asn|GUU|Habronattus oregonensis	20	U	26A	connector_DC	armless_trnN_wo_t.cm	True	T_OR_VAR_ARM_MISSING_slots=[2, 3]
mtdbD00039778|Asn|GUU|Habronattus oregonensis	21	U	27	C_stem_5	armless_trnN_wo_t.cm	True	T_OR_VAR_ARM_MISSING_slots=[2, 3]
mtdbD00039778|Asn|GUU|Habronattus oregonensis	22	U	28	C_stem_5	armless_trnN_wo_t.cm	True	T_OR_VAR_ARM_MISSING_slots=[2, 3]
mtdbD00039778|Asn|GUU|Habronattus oregonensis	23	U	29	C_stem_5	armless_trnN_wo_t.cm	True	T_OR_VAR_ARM_MISSING_slots=[2, 3]
mtdbD00039778|Asn|GUU|Habronattus oregonensis	24	C	30	C_stem_5	armless_trnN_wo_t.cm	True	T_OR_VAR_ARM_MISSING_slots=[2, 3]
mtdbD00039778|Asn|GUU|Habronattus oregonensis	25	A	31	C_stem_5	armless_trnN_wo_t.cm	True	T_OR_VAR_ARM_MISSING_slots=[2, 3]
mtdbD00039778|Asn|GUU|Habronattus oregonensis	26	U	32	C_loop	armless_trnN_wo_t.cm	True	T_OR_VAR_ARM_MISSING_slots=[2, 3]
mtdbD00039778|Asn|GUU|Habronattus oregonensis	27	U	33	C_loop	armless_trnN_wo_t.cm	True	T_OR_VAR_ARM_MISSING_slots=[2, 3]
mtdbD00039778|Asn|GUU|Habronattus oregonensis	28	G	34	C_loop	armless_trnN_wo_t.cm	True	T_OR_VAR_ARM_MISSING_slots=[2, 3]
mtdbD00039778|Asn|GUU|Habronattus oregonensis	29	U	35	C_loop	armless_trnN_wo_t.cm	True	T_OR_VAR_ARM_MISSING_slots=[2, 3]
mtdbD00039778|Asn|GUU|Habronattus oregonensis	30	U	36	C_loop	armless_trnN_wo_t.cm	True	T_OR_VAR_ARM_MISSING_slots=[2, 3]
mtdbD00039778|Asn|GUU|Habronattus oregonensis	31	A	37	C_loop	armless_trnN_wo_t.cm	True	T_OR_VAR_ARM_MISSING_slots=[2, 3]
mtdbD00039778|Asn|GUU|Habronattus oregonensis	32	A	38	C_loop	armless_trnN_wo_t.cm	True	T_OR_VAR_ARM_MISSING_slots=[2, 3]
mtdbD00039778|Asn|GUU|Habronattus oregonensis	33	U	39	C_stem_3	armless_trnN_wo_t.cm	True	T_OR_VAR_ARM_MISSING_slots=[2, 3]
mtdbD00039778|Asn|GUU|Habronattus oregonensis	34	G	44	V_loop	armless_trnN_wo_t.cm	True	T_OR_VAR_ARM_MISSING_slots=[2, 3]
mtdbD00039778|Asn|GUU|Habronattus oregonensis	35	A	45	V_loop	armless_trnN_wo_t.cm	True	T_OR_VAR_ARM_MISSING_slots=[2, 3]
mtdbD00039778|Asn|GUU|Habronattus oregonensis	36	A	46	V_loop	armless_trnN_wo_t.cm	True	T_OR_VAR_ARM_MISSING_slots=[2, 3]
mtdbD00039778|Asn|GUU|Habronattus oregonensis	37	A	47	V_loop	armless_trnN_wo_t.cm	True	T_OR_VAR_ARM_MISSING_slots=[2, 3]
mtdbD00039778|Asn|GUU|Habronattus oregonensis	38	U	48	V_loop	armless_trnN_wo_t.cm	True	T_OR_VAR_ARM_MISSING_slots=[2, 3]
mtdbD00039778|Asn|GUU|Habronattus oregonensis	39	G	48A	V_loop	armless_trnN_wo_t.cm	True	T_OR_VAR_ARM_MISSING_slots=[2, 3]
mtdbD00039778|Asn|GUU|Habronattus oregonensis	40	A	48B	V_loop	armless_trnN_wo_t.cm	True	T_OR_VAR_ARM_MISSING_slots=[2, 3]
mtdbD00039778|Asn|GUU|Habronattus oregonensis	41	A	48C	V_loop	armless_trnN_wo_t.cm	True	T_OR_VAR_ARM_MISSING_slots=[2, 3]
mtdbD00039778|Asn|GUU|Habronattus oregonensis	42	G	48D	V_loop	armless_trnN_wo_t.cm	True	T_OR_VAR_ARM_MISSING_slots=[2, 3]
mtdbD00039778|Asn|GUU|Habronattus oregonensis	43	U	48E	V_loop	armless_trnN_wo_t.cm	True	T_OR_VAR_ARM_MISSING_slots=[2, 3]
mtdbD00039778|Asn|GUU|Habronattus oregonensis	44	A	48F	V_loop	armless_trnN_wo_t.cm	True	T_OR_VAR_ARM_MISSING_slots=[2, 3]
mtdbD00039778|Asn|GUU|Habronattus oregonensis	45	G	48G	V_loop	armless_trnN_wo_t.cm	True	T_OR_VAR_ARM_MISSING_slots=[2, 3]
mtdbD00039778|Asn|GUU|Habronattus oregonensis	46	A	48H	V_loop	armless_trnN_wo_t.cm	True	T_OR_VAR_ARM_MISSING_slots=[2, 3]
mtdbD00039778|Asn|GUU|Habronattus oregonensis	47	G	48I	V_loop	armless_trnN_wo_t.cm	True	T_OR_VAR_ARM_MISSING_slots=[2, 3]
mtdbD00039778|Asn|GUU|Habronattus oregonensis	48	G	48J	V_loop	armless_trnN_wo_t.cm	True	T_OR_VAR_ARM_MISSING_slots=[2, 3]
mtdbD00039778|Asn|GUU|Habronattus oregonensis	49	G	48K	V_loop	armless_trnN_wo_t.cm	True	T_OR_VAR_ARM_MISSING_slots=[2, 3]
mtdbD00039778|Asn|GUU|Habronattus oregonensis	50	G	48L	V_loop	armless_trnN_wo_t.cm	True	T_OR_VAR_ARM_MISSING_slots=[2, 3]
mtdbD00039778|Asn|GUU|Habronattus oregonensis	51	C	48M	V_loop	armless_trnN_wo_t.cm	True	T_OR_VAR_ARM_MISSING_slots=[2, 3]
mtdbD00039778|Asn|GUU|Habronattus oregonensis	52	U	48N	V_loop	armless_trnN_wo_t.cm	True	T_OR_VAR_ARM_MISSING_slots=[2, 3]
mtdbD00039778|Asn|GUU|Habronattus oregonensis	53	G	48O	V_loop	armless_trnN_wo_t.cm	True	T_OR_VAR_ARM_MISSING_slots=[2, 3]
mtdbD00039778|Asn|GUU|Habronattus oregonensis	54	U	48P	V_loop	armless_trnN_wo_t.cm	True	T_OR_VAR_ARM_MISSING_slots=[2, 3]
mtdbD00039778|Asn|GUU|Habronattus oregonensis	55	A	48Q	V_loop	armless_trnN_wo_t.cm	True	T_OR_VAR_ARM_MISSING_slots=[2, 3]
mtdbD00039778|Asn|GUU|Habronattus oregonensis	56	A	48R	V_loop	armless_trnN_wo_t.cm	True	T_OR_VAR_ARM_MISSING_slots=[2, 3]
mtdbD00039778|Asn|GUU|Habronattus oregonensis	57	C	66	acceptor_3	armless_trnN_wo_t.cm	True	T_OR_VAR_ARM_MISSING_slots=[2, 3]
mtdbD00039778|Asn|GUU|Habronattus oregonensis	58	U	67	acceptor_3	armless_trnN_wo_t.cm	True	T_OR_VAR_ARM_MISSING_slots=[2, 3]
mtdbD00039778|Asn|GUU|Habronattus oregonensis	59	A	68	acceptor_3	armless_trnN_wo_t.cm	True	T_OR_VAR_ARM_MISSING_slots=[2, 3]
mtdbD00039778|Asn|GUU|Habronattus oregonensis	60	G	73	discriminator_CCA	armless_trnN_wo_t.cm	True	T_OR_VAR_ARM_MISSING_slots=[2, 3]
mtdbD00039780|His|GUG|Habronattus oregonensis	0	A	1	acceptor_5	armless_trnH_wo_t.cm	True	T_OR_VAR_ARM_MISSING_slots=[2, 3]
mtdbD00039780|His|GUG|Habronattus oregonensis	1	U	2	acceptor_5	armless_trnH_wo_t.cm	True	T_OR_VAR_ARM_MISSING_slots=[2, 3]
mtdbD00039780|His|GUG|Habronattus oregonensis	2	C	3	acceptor_5	armless_trnH_wo_t.cm	True	T_OR_VAR_ARM_MISSING_slots=[2, 3]
mtdbD00039780|His|GUG|Habronattus oregonensis	3	U	4	acceptor_5	armless_trnH_wo_t.cm	True	T_OR_VAR_ARM_MISSING_slots=[2, 3]
mtdbD00039780|His|GUG|Habronattus oregonensis	4	A	5	acceptor_5	armless_trnH_wo_t.cm	True	T_OR_VAR_ARM_MISSING_slots=[2, 3]
mtdbD00039780|His|GUG|Habronattus oregonensis	5	A	6	acceptor_5	armless_trnH_wo_t.cm	True	T_OR_VAR_ARM_MISSING_slots=[2, 3]
mtdbD00039780|His|GUG|Habronattus oregonensis	6	C	7	acceptor_5	armless_trnH_wo_t.cm	True	T_OR_VAR_ARM_MISSING_slots=[2, 3]
mtdbD00039780|His|GUG|Habronattus oregonensis	7	U	8	connector_AD	armless_trnH_wo_t.cm	True	T_OR_VAR_ARM_MISSING_slots=[2, 3]
mtdbD00039780|His|GUG|Habronattus oregonensis	8	A	9	connector_AD	armless_trnH_wo_t.cm	True	T_OR_VAR_ARM_MISSING_slots=[2, 3]
mtdbD00039780|His|GUG|Habronattus oregonensis	9	G	10	D_stem_5	armless_trnH_wo_t.cm	True	T_OR_VAR_ARM_MISSING_slots=[2, 3]
mtdbD00039780|His|GUG|Habronattus oregonensis	10	U	11	D_stem_5	armless_trnH_wo_t.cm	True	T_OR_VAR_ARM_MISSING_slots=[2, 3]
mtdbD00039780|His|GUG|Habronattus oregonensis	11	U	12	D_stem_5	armless_trnH_wo_t.cm	True	T_OR_VAR_ARM_MISSING_slots=[2, 3]
mtdbD00039780|His|GUG|Habronattus oregonensis	12	U	13	D_stem_5	armless_trnH_wo_t.cm	True	T_OR_VAR_ARM_MISSING_slots=[2, 3]
mtdbD00039780|His|GUG|Habronattus oregonensis	13	A	14	D_loop	armless_trnH_wo_t.cm	True	T_OR_VAR_ARM_MISSING_slots=[2, 3]
mtdbD00039780|His|GUG|Habronattus oregonensis	14	A	15	D_loop	armless_trnH_wo_t.cm	True	T_OR_VAR_ARM_MISSING_slots=[2, 3]
mtdbD00039780|His|GUG|Habronattus oregonensis	15	U	16	D_loop	armless_trnH_wo_t.cm	True	T_OR_VAR_ARM_MISSING_slots=[2, 3]
mtdbD00039780|His|GUG|Habronattus oregonensis	16	A	17	D_loop	armless_trnH_wo_t.cm	True	T_OR_VAR_ARM_MISSING_slots=[2, 3]
mtdbD00039780|His|GUG|Habronattus oregonensis	17	A	22	D_stem_3	armless_trnH_wo_t.cm	True	T_OR_VAR_ARM_MISSING_slots=[2, 3]
mtdbD00039780|His|GUG|Habronattus oregonensis	18	A	23	D_stem_3	armless_trnH_wo_t.cm	True	T_OR_VAR_ARM_MISSING_slots=[2, 3]
mtdbD00039780|His|GUG|Habronattus oregonensis	19	A	24	D_stem_3	armless_trnH_wo_t.cm	True	T_OR_VAR_ARM_MISSING_slots=[2, 3]
mtdbD00039780|His|GUG|Habronattus oregonensis	20	C	25	D_stem_3	armless_trnH_wo_t.cm	True	T_OR_VAR_ARM_MISSING_slots=[2, 3]
mtdbD00039780|His|GUG|Habronattus oregonensis	21	A	26	connector_DC	armless_trnH_wo_t.cm	True	T_OR_VAR_ARM_MISSING_slots=[2, 3]
mtdbD00039780|His|GUG|Habronattus oregonensis	22	A	27	C_stem_5	armless_trnH_wo_t.cm	True	T_OR_VAR_ARM_MISSING_slots=[2, 3]
mtdbD00039780|His|GUG|Habronattus oregonensis	23	U	28	C_stem_5	armless_trnH_wo_t.cm	True	T_OR_VAR_ARM_MISSING_slots=[2, 3]
mtdbD00039780|His|GUG|Habronattus oregonensis	24	A	29	C_stem_5	armless_trnH_wo_t.cm	True	T_OR_VAR_ARM_MISSING_slots=[2, 3]
mtdbD00039780|His|GUG|Habronattus oregonensis	25	G	30	C_stem_5	armless_trnH_wo_t.cm	True	T_OR_VAR_ARM_MISSING_slots=[2, 3]
mtdbD00039780|His|GUG|Habronattus oregonensis	26	U	31	C_stem_5	armless_trnH_wo_t.cm	True	T_OR_VAR_ARM_MISSING_slots=[2, 3]
mtdbD00039780|His|GUG|Habronattus oregonensis	27	U	32	C_loop	armless_trnH_wo_t.cm	True	T_OR_VAR_ARM_MISSING_slots=[2, 3]
mtdbD00039780|His|GUG|Habronattus oregonensis	28	U	33	C_loop	armless_trnH_wo_t.cm	True	T_OR_VAR_ARM_MISSING_slots=[2, 3]
mtdbD00039780|His|GUG|Habronattus oregonensis	29	G	34	C_loop	armless_trnH_wo_t.cm	True	T_OR_VAR_ARM_MISSING_slots=[2, 3]
mtdbD00039780|His|GUG|Habronattus oregonensis	30	U	35	C_loop	armless_trnH_wo_t.cm	True	T_OR_VAR_ARM_MISSING_slots=[2, 3]
mtdbD00039780|His|GUG|Habronattus oregonensis	31	G	36	C_loop	armless_trnH_wo_t.cm	True	T_OR_VAR_ARM_MISSING_slots=[2, 3]
mtdbD00039780|His|GUG|Habronattus oregonensis	32	G	37	C_loop	armless_trnH_wo_t.cm	True	T_OR_VAR_ARM_MISSING_slots=[2, 3]
mtdbD00039780|His|GUG|Habronattus oregonensis	33	A	38	C_loop	armless_trnH_wo_t.cm	True	T_OR_VAR_ARM_MISSING_slots=[2, 3]
mtdbD00039780|His|GUG|Habronattus oregonensis	34	A	39	C_stem_3	armless_trnH_wo_t.cm	True	T_OR_VAR_ARM_MISSING_slots=[2, 3]
mtdbD00039780|His|GUG|Habronattus oregonensis	35	C	44	V_loop	armless_trnH_wo_t.cm	True	T_OR_VAR_ARM_MISSING_slots=[2, 3]
mtdbD00039780|His|GUG|Habronattus oregonensis	36	U	45	V_loop	armless_trnH_wo_t.cm	True	T_OR_VAR_ARM_MISSING_slots=[2, 3]
mtdbD00039780|His|GUG|Habronattus oregonensis	37	A	46	V_loop	armless_trnH_wo_t.cm	True	T_OR_VAR_ARM_MISSING_slots=[2, 3]
mtdbD00039780|His|GUG|Habronattus oregonensis	38	U	47	V_loop	armless_trnH_wo_t.cm	True	T_OR_VAR_ARM_MISSING_slots=[2, 3]
mtdbD00039780|His|GUG|Habronattus oregonensis	39	A	48	V_loop	armless_trnH_wo_t.cm	True	T_OR_VAR_ARM_MISSING_slots=[2, 3]
mtdbD00039780|His|GUG|Habronattus oregonensis	40	A	48A	V_loop	armless_trnH_wo_t.cm	True	T_OR_VAR_ARM_MISSING_slots=[2, 3]
mtdbD00039780|His|GUG|Habronattus oregonensis	41	U	48B	V_loop	armless_trnH_wo_t.cm	True	T_OR_VAR_ARM_MISSING_slots=[2, 3]
mtdbD00039780|His|GUG|Habronattus oregonensis	42	U	48C	V_loop	armless_trnH_wo_t.cm	True	T_OR_VAR_ARM_MISSING_slots=[2, 3]
mtdbD00039780|His|GUG|Habronattus oregonensis	43	U	48D	V_loop	armless_trnH_wo_t.cm	True	T_OR_VAR_ARM_MISSING_slots=[2, 3]
mtdbD00039780|His|GUG|Habronattus oregonensis	44	C	66	acceptor_3	armless_trnH_wo_t.cm	True	T_OR_VAR_ARM_MISSING_slots=[2, 3]
mtdbD00039780|His|GUG|Habronattus oregonensis	45	U	67	acceptor_3	armless_trnH_wo_t.cm	True	T_OR_VAR_ARM_MISSING_slots=[2, 3]
mtdbD00039780|His|GUG|Habronattus oregonensis	46	A	68	acceptor_3	armless_trnH_wo_t.cm	True	T_OR_VAR_ARM_MISSING_slots=[2, 3]
mtdbD00039780|His|GUG|Habronattus oregonensis	47	A	69	acceptor_3	armless_trnH_wo_t.cm	True	T_OR_VAR_ARM_MISSING_slots=[2, 3]
mtdbD00039780|His|GUG|Habronattus oregonensis	48	A	70	acceptor_3	armless_trnH_wo_t.cm	True	T_OR_VAR_ARM_MISSING_slots=[2, 3]
mtdbD00039780|His|GUG|Habronattus oregonensis	49	A	71	acceptor_3	armless_trnH_wo_t.cm	True	T_OR_VAR_ARM_MISSING_slots=[2, 3]
mtdbD00039780|His|GUG|Habronattus oregonensis	50	U	72	acceptor_3	armless_trnH_wo_t.cm	True	T_OR_VAR_ARM_MISSING_slots=[2, 3]
mtdbD00039780|His|GUG|Habronattus oregonensis	51	C	73	discriminator_CCA	armless_trnH_wo_t.cm	True	T_OR_VAR_ARM_MISSING_slots=[2, 3]
mtdbD00039781|Pro|UGG|Habronattus oregonensis	0	U	1	acceptor_5	armless_trnP_wo_t.cm	True	T_OR_VAR_ARM_MISSING_slots=[2, 3]
mtdbD00039781|Pro|UGG|Habronattus oregonensis	1	A	2	acceptor_5	armless_trnP_wo_t.cm	True	T_OR_VAR_ARM_MISSING_slots=[2, 3]
mtdbD00039781|Pro|UGG|Habronattus oregonensis	2	A	3	acceptor_5	armless_trnP_wo_t.cm	True	T_OR_VAR_ARM_MISSING_slots=[2, 3]
mtdbD00039781|Pro|UGG|Habronattus oregonensis	3	U	4	acceptor_5	armless_trnP_wo_t.cm	True	T_OR_VAR_ARM_MISSING_slots=[2, 3]
mtdbD00039781|Pro|UGG|Habronattus oregonensis	4	U	8	connector_AD	armless_trnP_wo_t.cm	True	T_OR_VAR_ARM_MISSING_slots=[2, 3]
mtdbD00039781|Pro|UGG|Habronattus oregonensis	5	A	9	connector_AD	armless_trnP_wo_t.cm	True	T_OR_VAR_ARM_MISSING_slots=[2, 3]
mtdbD00039781|Pro|UGG|Habronattus oregonensis	6	A	10	D_stem_5	armless_trnP_wo_t.cm	True	T_OR_VAR_ARM_MISSING_slots=[2, 3]
mtdbD00039781|Pro|UGG|Habronattus oregonensis	7	U	11	D_stem_5	armless_trnP_wo_t.cm	True	T_OR_VAR_ARM_MISSING_slots=[2, 3]
mtdbD00039781|Pro|UGG|Habronattus oregonensis	8	U	12	D_stem_5	armless_trnP_wo_t.cm	True	T_OR_VAR_ARM_MISSING_slots=[2, 3]
mtdbD00039781|Pro|UGG|Habronattus oregonensis	9	U	13	D_stem_5	armless_trnP_wo_t.cm	True	T_OR_VAR_ARM_MISSING_slots=[2, 3]
mtdbD00039781|Pro|UGG|Habronattus oregonensis	10	A	14	D_loop	armless_trnP_wo_t.cm	True	T_OR_VAR_ARM_MISSING_slots=[2, 3]
mtdbD00039781|Pro|UGG|Habronattus oregonensis	11	A	15	D_loop	armless_trnP_wo_t.cm	True	T_OR_VAR_ARM_MISSING_slots=[2, 3]
mtdbD00039781|Pro|UGG|Habronattus oregonensis	12	C	16	D_loop	armless_trnP_wo_t.cm	True	T_OR_VAR_ARM_MISSING_slots=[2, 3]
mtdbD00039781|Pro|UGG|Habronattus oregonensis	13	A	17	D_loop	armless_trnP_wo_t.cm	True	T_OR_VAR_ARM_MISSING_slots=[2, 3]
mtdbD00039781|Pro|UGG|Habronattus oregonensis	14	A	17a	D_loop	armless_trnP_wo_t.cm	True	T_OR_VAR_ARM_MISSING_slots=[2, 3]
mtdbD00039781|Pro|UGG|Habronattus oregonensis	15	A	22	D_stem_3	armless_trnP_wo_t.cm	True	T_OR_VAR_ARM_MISSING_slots=[2, 3]
mtdbD00039781|Pro|UGG|Habronattus oregonensis	16	A	23	D_stem_3	armless_trnP_wo_t.cm	True	T_OR_VAR_ARM_MISSING_slots=[2, 3]
mtdbD00039781|Pro|UGG|Habronattus oregonensis	17	A	24	D_stem_3	armless_trnP_wo_t.cm	True	T_OR_VAR_ARM_MISSING_slots=[2, 3]
mtdbD00039781|Pro|UGG|Habronattus oregonensis	18	U	25	D_stem_3	armless_trnP_wo_t.cm	True	T_OR_VAR_ARM_MISSING_slots=[2, 3]
mtdbD00039781|Pro|UGG|Habronattus oregonensis	19	A	26	connector_DC	armless_trnP_wo_t.cm	True	T_OR_VAR_ARM_MISSING_slots=[2, 3]
mtdbD00039781|Pro|UGG|Habronattus oregonensis	20	U	27	C_stem_5	armless_trnP_wo_t.cm	True	T_OR_VAR_ARM_MISSING_slots=[2, 3]
mtdbD00039781|Pro|UGG|Habronattus oregonensis	21	C	28	C_stem_5	armless_trnP_wo_t.cm	True	T_OR_VAR_ARM_MISSING_slots=[2, 3]
mtdbD00039781|Pro|UGG|Habronattus oregonensis	22	U	29	C_stem_5	armless_trnP_wo_t.cm	True	T_OR_VAR_ARM_MISSING_slots=[2, 3]
mtdbD00039781|Pro|UGG|Habronattus oregonensis	23	A	30	C_stem_5	armless_trnP_wo_t.cm	True	T_OR_VAR_ARM_MISSING_slots=[2, 3]
mtdbD00039781|Pro|UGG|Habronattus oregonensis	24	C	31	C_stem_5	armless_trnP_wo_t.cm	True	T_OR_VAR_ARM_MISSING_slots=[2, 3]
mtdbD00039781|Pro|UGG|Habronattus oregonensis	25	U	32	C_loop	armless_trnP_wo_t.cm	True	T_OR_VAR_ARM_MISSING_slots=[2, 3]
mtdbD00039781|Pro|UGG|Habronattus oregonensis	26	U	33	C_loop	armless_trnP_wo_t.cm	True	T_OR_VAR_ARM_MISSING_slots=[2, 3]
mtdbD00039781|Pro|UGG|Habronattus oregonensis	27	U	34	C_loop	armless_trnP_wo_t.cm	True	T_OR_VAR_ARM_MISSING_slots=[2, 3]
mtdbD00039781|Pro|UGG|Habronattus oregonensis	28	G	35	C_loop	armless_trnP_wo_t.cm	True	T_OR_VAR_ARM_MISSING_slots=[2, 3]
mtdbD00039781|Pro|UGG|Habronattus oregonensis	29	G	36	C_loop	armless_trnP_wo_t.cm	True	T_OR_VAR_ARM_MISSING_slots=[2, 3]
mtdbD00039781|Pro|UGG|Habronattus oregonensis	30	A	37	C_loop	armless_trnP_wo_t.cm	True	T_OR_VAR_ARM_MISSING_slots=[2, 3]
mtdbD00039781|Pro|UGG|Habronattus oregonensis	31	U	38	C_loop	armless_trnP_wo_t.cm	True	T_OR_VAR_ARM_MISSING_slots=[2, 3]
mtdbD00039781|Pro|UGG|Habronattus oregonensis	32	G	39	C_stem_3	armless_trnP_wo_t.cm	True	T_OR_VAR_ARM_MISSING_slots=[2, 3]
mtdbD00039781|Pro|UGG|Habronattus oregonensis	33	U	44	V_loop	armless_trnP_wo_t.cm	True	T_OR_VAR_ARM_MISSING_slots=[2, 3]
mtdbD00039781|Pro|UGG|Habronattus oregonensis	34	A	45	V_loop	armless_trnP_wo_t.cm	True	T_OR_VAR_ARM_MISSING_slots=[2, 3]
mtdbD00039781|Pro|UGG|Habronattus oregonensis	35	G	46	V_loop	armless_trnP_wo_t.cm	True	T_OR_VAR_ARM_MISSING_slots=[2, 3]
mtdbD00039781|Pro|UGG|Habronattus oregonensis	36	A	47	V_loop	armless_trnP_wo_t.cm	True	T_OR_VAR_ARM_MISSING_slots=[2, 3]
mtdbD00039781|Pro|UGG|Habronattus oregonensis	37	A	48	V_loop	armless_trnP_wo_t.cm	True	T_OR_VAR_ARM_MISSING_slots=[2, 3]
mtdbD00039781|Pro|UGG|Habronattus oregonensis	38	A	48A	V_loop	armless_trnP_wo_t.cm	True	T_OR_VAR_ARM_MISSING_slots=[2, 3]
mtdbD00039781|Pro|UGG|Habronattus oregonensis	39	A	48B	V_loop	armless_trnP_wo_t.cm	True	T_OR_VAR_ARM_MISSING_slots=[2, 3]
mtdbD00039781|Pro|UGG|Habronattus oregonensis	40	U	48C	V_loop	armless_trnP_wo_t.cm	True	T_OR_VAR_ARM_MISSING_slots=[2, 3]
mtdbD00039781|Pro|UGG|Habronattus oregonensis	41	C	48D	V_loop	armless_trnP_wo_t.cm	True	T_OR_VAR_ARM_MISSING_slots=[2, 3]
mtdbD00039781|Pro|UGG|Habronattus oregonensis	42	U	48E	V_loop	armless_trnP_wo_t.cm	True	T_OR_VAR_ARM_MISSING_slots=[2, 3]
mtdbD00039781|Pro|UGG|Habronattus oregonensis	43	A	48F	V_loop	armless_trnP_wo_t.cm	True	T_OR_VAR_ARM_MISSING_slots=[2, 3]
mtdbD00039781|Pro|UGG|Habronattus oregonensis	44	U	66	acceptor_3	armless_trnP_wo_t.cm	True	T_OR_VAR_ARM_MISSING_slots=[2, 3]
mtdbD00039781|Pro|UGG|Habronattus oregonensis	45	A	67	acceptor_3	armless_trnP_wo_t.cm	True	T_OR_VAR_ARM_MISSING_slots=[2, 3]
mtdbD00039781|Pro|UGG|Habronattus oregonensis	46	C	68	acceptor_3	armless_trnP_wo_t.cm	True	T_OR_VAR_ARM_MISSING_slots=[2, 3]
mtdbD00039781|Pro|UGG|Habronattus oregonensis	47	A	69	acceptor_3	armless_trnP_wo_t.cm	True	T_OR_VAR_ARM_MISSING_slots=[2, 3]
mtdbD00039781|Pro|UGG|Habronattus oregonensis	48	U	73	discriminator_CCA	armless_trnP_wo_t.cm	True	T_OR_VAR_ARM_MISSING_slots=[2, 3]
mtdbD00039781|Pro|UGG|Habronattus oregonensis	49	U	74	discriminator_CCA	armless_trnP_wo_t.cm	True	T_OR_VAR_ARM_MISSING_slots=[2, 3]
mtdbD00039781|Pro|UGG|Habronattus oregonensis	50	A	75	discriminator_CCA	armless_trnP_wo_t.cm	True	T_OR_VAR_ARM_MISSING_slots=[2, 3]
mtdbD00039781|Pro|UGG|Habronattus oregonensis	51	A	76	discriminator_CCA	armless_trnP_wo_t.cm	True	T_OR_VAR_ARM_MISSING_slots=[2, 3]
mtdbD00039782|Thr|UGU|Habronattus oregonensis	0	G	1	acceptor_5	armless_trnT_wo_t.cm	True	T_OR_VAR_ARM_MISSING_slots=[2, 3]
mtdbD00039782|Thr|UGU|Habronattus oregonensis	1	G	2	acceptor_5	armless_trnT_wo_t.cm	True	T_OR_VAR_ARM_MISSING_slots=[2, 3]
mtdbD00039782|Thr|UGU|Habronattus oregonensis	2	U	3	acceptor_5	armless_trnT_wo_t.cm	True	T_OR_VAR_ARM_MISSING_slots=[2, 3]
mtdbD00039782|Thr|UGU|Habronattus oregonensis	3	U	4	acceptor_5	armless_trnT_wo_t.cm	True	T_OR_VAR_ARM_MISSING_slots=[2, 3]
mtdbD00039782|Thr|UGU|Habronattus oregonensis	4	G	5	acceptor_5	armless_trnT_wo_t.cm	True	T_OR_VAR_ARM_MISSING_slots=[2, 3]
mtdbD00039782|Thr|UGU|Habronattus oregonensis	5	A	6	acceptor_5	armless_trnT_wo_t.cm	True	T_OR_VAR_ARM_MISSING_slots=[2, 3]
mtdbD00039782|Thr|UGU|Habronattus oregonensis	6	U	7	acceptor_5	armless_trnT_wo_t.cm	True	T_OR_VAR_ARM_MISSING_slots=[2, 3]
mtdbD00039782|Thr|UGU|Habronattus oregonensis	7	U	8	connector_AD	armless_trnT_wo_t.cm	True	T_OR_VAR_ARM_MISSING_slots=[2, 3]
mtdbD00039782|Thr|UGU|Habronattus oregonensis	8	A	9	connector_AD	armless_trnT_wo_t.cm	True	T_OR_VAR_ARM_MISSING_slots=[2, 3]
mtdbD00039782|Thr|UGU|Habronattus oregonensis	9	G	10	D_stem_5	armless_trnT_wo_t.cm	True	T_OR_VAR_ARM_MISSING_slots=[2, 3]
mtdbD00039782|Thr|UGU|Habronattus oregonensis	10	U	11	D_stem_5	armless_trnT_wo_t.cm	True	T_OR_VAR_ARM_MISSING_slots=[2, 3]
mtdbD00039782|Thr|UGU|Habronattus oregonensis	11	U	12	D_stem_5	armless_trnT_wo_t.cm	True	T_OR_VAR_ARM_MISSING_slots=[2, 3]
mtdbD00039782|Thr|UGU|Habronattus oregonensis	12	U	13	D_stem_5	armless_trnT_wo_t.cm	True	T_OR_VAR_ARM_MISSING_slots=[2, 3]
mtdbD00039782|Thr|UGU|Habronattus oregonensis	13	A	14	D_loop	armless_trnT_wo_t.cm	True	T_OR_VAR_ARM_MISSING_slots=[2, 3]
mtdbD00039782|Thr|UGU|Habronattus oregonensis	14	A	15	D_loop	armless_trnT_wo_t.cm	True	T_OR_VAR_ARM_MISSING_slots=[2, 3]
mtdbD00039782|Thr|UGU|Habronattus oregonensis	15	G	16	D_loop	armless_trnT_wo_t.cm	True	T_OR_VAR_ARM_MISSING_slots=[2, 3]
mtdbD00039782|Thr|UGU|Habronattus oregonensis	16	U	17	D_loop	armless_trnT_wo_t.cm	True	T_OR_VAR_ARM_MISSING_slots=[2, 3]
mtdbD00039782|Thr|UGU|Habronattus oregonensis	17	A	17a	D_loop	armless_trnT_wo_t.cm	True	T_OR_VAR_ARM_MISSING_slots=[2, 3]
mtdbD00039782|Thr|UGU|Habronattus oregonensis	18	A	22	D_stem_3	armless_trnT_wo_t.cm	True	T_OR_VAR_ARM_MISSING_slots=[2, 3]
mtdbD00039782|Thr|UGU|Habronattus oregonensis	19	A	23	D_stem_3	armless_trnT_wo_t.cm	True	T_OR_VAR_ARM_MISSING_slots=[2, 3]
mtdbD00039782|Thr|UGU|Habronattus oregonensis	20	A	24	D_stem_3	armless_trnT_wo_t.cm	True	T_OR_VAR_ARM_MISSING_slots=[2, 3]
mtdbD00039782|Thr|UGU|Habronattus oregonensis	21	C	25	D_stem_3	armless_trnT_wo_t.cm	True	T_OR_VAR_ARM_MISSING_slots=[2, 3]
mtdbD00039782|Thr|UGU|Habronattus oregonensis	22	A	26	connector_DC	armless_trnT_wo_t.cm	True	T_OR_VAR_ARM_MISSING_slots=[2, 3]
mtdbD00039782|Thr|UGU|Habronattus oregonensis	23	G	27	C_stem_5	armless_trnT_wo_t.cm	True	T_OR_VAR_ARM_MISSING_slots=[2, 3]
mtdbD00039782|Thr|UGU|Habronattus oregonensis	24	A	28	C_stem_5	armless_trnT_wo_t.cm	True	T_OR_VAR_ARM_MISSING_slots=[2, 3]
mtdbD00039782|Thr|UGU|Habronattus oregonensis	25	A	29	C_stem_5	armless_trnT_wo_t.cm	True	T_OR_VAR_ARM_MISSING_slots=[2, 3]
mtdbD00039782|Thr|UGU|Habronattus oregonensis	26	G	30	C_stem_5	armless_trnT_wo_t.cm	True	T_OR_VAR_ARM_MISSING_slots=[2, 3]
mtdbD00039782|Thr|UGU|Habronattus oregonensis	27	U	31	C_stem_5	armless_trnT_wo_t.cm	True	T_OR_VAR_ARM_MISSING_slots=[2, 3]
mtdbD00039782|Thr|UGU|Habronattus oregonensis	28	U	32	C_loop	armless_trnT_wo_t.cm	True	T_OR_VAR_ARM_MISSING_slots=[2, 3]
mtdbD00039782|Thr|UGU|Habronattus oregonensis	29	U	33	C_loop	armless_trnT_wo_t.cm	True	T_OR_VAR_ARM_MISSING_slots=[2, 3]
mtdbD00039782|Thr|UGU|Habronattus oregonensis	30	U	34	C_loop	armless_trnT_wo_t.cm	True	T_OR_VAR_ARM_MISSING_slots=[2, 3]
mtdbD00039782|Thr|UGU|Habronattus oregonensis	31	G	35	C_loop	armless_trnT_wo_t.cm	True	T_OR_VAR_ARM_MISSING_slots=[2, 3]
mtdbD00039782|Thr|UGU|Habronattus oregonensis	32	U	36	C_loop	armless_trnT_wo_t.cm	True	T_OR_VAR_ARM_MISSING_slots=[2, 3]
mtdbD00039782|Thr|UGU|Habronattus oregonensis	33	A	37	C_loop	armless_trnT_wo_t.cm	True	T_OR_VAR_ARM_MISSING_slots=[2, 3]
mtdbD00039782|Thr|UGU|Habronattus oregonensis	34	A	38	C_loop	armless_trnT_wo_t.cm	True	T_OR_VAR_ARM_MISSING_slots=[2, 3]
mtdbD00039782|Thr|UGU|Habronattus oregonensis	35	A	39	C_stem_3	armless_trnT_wo_t.cm	True	T_OR_VAR_ARM_MISSING_slots=[2, 3]
mtdbD00039782|Thr|UGU|Habronattus oregonensis	36	U	44	V_loop	armless_trnT_wo_t.cm	True	T_OR_VAR_ARM_MISSING_slots=[2, 3]
mtdbD00039782|Thr|UGU|Habronattus oregonensis	37	U	45	V_loop	armless_trnT_wo_t.cm	True	T_OR_VAR_ARM_MISSING_slots=[2, 3]
mtdbD00039782|Thr|UGU|Habronattus oregonensis	38	U	46	V_loop	armless_trnT_wo_t.cm	True	T_OR_VAR_ARM_MISSING_slots=[2, 3]
mtdbD00039782|Thr|UGU|Habronattus oregonensis	39	C	47	V_loop	armless_trnT_wo_t.cm	True	T_OR_VAR_ARM_MISSING_slots=[2, 3]
mtdbD00039782|Thr|UGU|Habronattus oregonensis	40	A	48	V_loop	armless_trnT_wo_t.cm	True	T_OR_VAR_ARM_MISSING_slots=[2, 3]
mtdbD00039782|Thr|UGU|Habronattus oregonensis	41	A	48A	V_loop	armless_trnT_wo_t.cm	True	T_OR_VAR_ARM_MISSING_slots=[2, 3]
mtdbD00039782|Thr|UGU|Habronattus oregonensis	42	A	48B	V_loop	armless_trnT_wo_t.cm	True	T_OR_VAR_ARM_MISSING_slots=[2, 3]
mtdbD00039782|Thr|UGU|Habronattus oregonensis	43	U	48C	V_loop	armless_trnT_wo_t.cm	True	T_OR_VAR_ARM_MISSING_slots=[2, 3]
mtdbD00039782|Thr|UGU|Habronattus oregonensis	44	C	48D	V_loop	armless_trnT_wo_t.cm	True	T_OR_VAR_ARM_MISSING_slots=[2, 3]
mtdbD00039782|Thr|UGU|Habronattus oregonensis	45	U	48E	V_loop	armless_trnT_wo_t.cm	True	T_OR_VAR_ARM_MISSING_slots=[2, 3]
mtdbD00039782|Thr|UGU|Habronattus oregonensis	46	A	66	acceptor_3	armless_trnT_wo_t.cm	True	T_OR_VAR_ARM_MISSING_slots=[2, 3]
mtdbD00039782|Thr|UGU|Habronattus oregonensis	47	A			armless_trnT_wo_t.cm	True	T_OR_VAR_ARM_MISSING_slots=[2, 3]
mtdbD00039782|Thr|UGU|Habronattus oregonensis	48	U			armless_trnT_wo_t.cm	True	T_OR_VAR_ARM_MISSING_slots=[2, 3]
mtdbD00039782|Thr|UGU|Habronattus oregonensis	49	A			armless_trnT_wo_t.cm	True	T_OR_VAR_ARM_MISSING_slots=[2, 3]
mtdbD00039782|Thr|UGU|Habronattus oregonensis	50	U	67	acceptor_3	armless_trnT_wo_t.cm	True	T_OR_VAR_ARM_MISSING_slots=[2, 3]
mtdbD00039782|Thr|UGU|Habronattus oregonensis	51	A	68	acceptor_3	armless_trnT_wo_t.cm	True	T_OR_VAR_ARM_MISSING_slots=[2, 3]
mtdbD00039782|Thr|UGU|Habronattus oregonensis	52	A	69	acceptor_3	armless_trnT_wo_t.cm	True	T_OR_VAR_ARM_MISSING_slots=[2, 3]
mtdbD00039782|Thr|UGU|Habronattus oregonensis	53	G	70	acceptor_3	armless_trnT_wo_t.cm	True	T_OR_VAR_ARM_MISSING_slots=[2, 3]
mtdbD00039782|Thr|UGU|Habronattus oregonensis	54	A	71	acceptor_3	armless_trnT_wo_t.cm	True	T_OR_VAR_ARM_MISSING_slots=[2, 3]
mtdbD00039782|Thr|UGU|Habronattus oregonensis	55	U	72	acceptor_3	armless_trnT_wo_t.cm	True	T_OR_VAR_ARM_MISSING_slots=[2, 3]
mtdbD00039782|Thr|UGU|Habronattus oregonensis	56	U	73	discriminator_CCA	armless_trnT_wo_t.cm	True	T_OR_VAR_ARM_MISSING_slots=[2, 3]
